draw_id,date,numbers,extra_ball,snowball_code,snowball_name_ch,total_turnover,p1,p1_units,p2,p2_units,p3,p4,p5,p6,p7
1993001N,05/01/1993,"1,8,13,24,35,43",33,,,,3068972.0,0,,,,,,,
1993002N,07/01/1993,"6,8,16,21,24,42",37,,,,0.0,0,,,,,,,
1993003N,12/01/1993,"5,6,19,25,27,45",39,,,,0.0,0,,,,,,,
1993004N,14/01/1993,"2,16,27,29,36,43",35,,,,15560892.0,0,,,,,,,
1993005N,19/01/1993,"3,7,13,18,19,31",23,,新春金多寶,,5832008.0,0,,,,,,,
1993006N,26/01/1993,"19,27,35,39,41,43",16,,,,0.0,0,,,,,,,
1993007N,28/01/1993,"10,20,24,31,34,39",29,,,,7239784.0,0,,,,,,,
1993008N,02/02/1993,"1,6,18,19,29,39",41,,,,1031096.0,0,,,,,,,
1993009N,04/02/1993,"4,22,25,30,34,39",26,,,,0.0,0,,,,,,,
1993010N,09/02/1993,"4,11,24,31,34,35",40,,,,7697836.0,0,,,,,,,
1993011N,11/02/1993,"18,26,27,28,40,42",20,,,,1511928.0,0,,,,,,,
1993012N,16/02/1993,"4,10,29,30,35,41",31,,,,0.0,0,,,,,,,
1993013N,18/02/1993,"1,2,13,18,29,32",26,,,,0.0,0,,,,,,,
1993014N,23/02/1993,"8,10,12,22,26,31",25,,,,6421104.0,0,,,,,,,
1993015N,25/02/1993,"23,25,32,39,44,45",17,,,,3198776.0,0,,,,,,,
1993016N,02/03/1993,"14,17,25,32,38,39",20,,,,3345728.0,0,,,,,,,
1993017N,04/03/1993,"1,4,8,10,27,30",14,,,,615516.0,0,,,,,,,
1993018N,09/03/1993,"1,8,15,37,40,42",13,,,,0.0,0,,,,,,,
1993019N,11/03/1993,"4,7,9,11,31,42",14,,,,3560344.0,0,,,,,,,
1993020N,16/03/1993,"8,11,12,22,26,28",9,,,,0.0,0,,,,,,,
1993021N,18/03/1993,"11,16,20,36,43,45",41,,,,3308512.0,0,,,,,,,
1993022N,23/03/1993,"3,9,14,26,30,39",16,,,,2911484.0,0,,,,,,,
1993023N,25/03/1993,"11,15,19,21,23,29",39,,,,1317412.0,0,,,,,,,
1993024N,30/03/1993,"7,14,22,24,25,36",23,,,,3049416.0,0,,,,,,,
1993025N,01/04/1993,"2,7,8,10,14,42",3,,,,0.0,0,,,,,,,
1993026N,06/04/1993,"4,16,21,34,36,38",43,,,,0.0,0,,,,,,,
1993027N,08/04/1993,"21,25,29,30,31,35",23,,,,10722012.0,0,,,,,,,
1993028N,13/04/1993,"4,11,16,27,37,40",19,,,,5764332.0,0,,,,,,,
1993029N,15/04/1993,"2,7,27,34,35,38",14,,,,0.0,0,,,,,,,
1993030N,20/04/1993,"1,4,16,22,33,38",37,,,,0.0,0,,,,,,,
1993031N,22/04/1993,"5,24,27,32,39,42",8,,,,5581784.0,0,,,,,,,
1993032N,27/04/1993,"1,6,22,23,32,33",35,,,,3086104.0,0,,,,,,,
1993033N,29/04/1993,"6,19,28,32,37,42",2,,,,2938224.0,0,,,,,,,
1993034N,04/05/1993,"17,21,23,24,28,44",9,,,,0.0,0,,,,,,,
1993035N,06/05/1993,"3,9,30,38,40,45",23,,,,3506768.0,0,,,,,,,
1993036N,11/05/1993,"2,16,24,25,26,27",21,,,,0.0,0,,,,,,,
1993037N,13/05/1993,"6,14,22,23,26,42",18,,,,0.0,0,,,,,,,
1993038N,18/05/1993,"7,13,27,40,41,42",24,,,,6128460.0,0,,,,,,,
1993039N,20/05/1993,"21,22,23,28,35,41",16,,,,2607120.0,0,,,,,,,
1993040N,25/05/1993,"1,10,13,35,40,41",39,,,,0.0,0,,,,,,,
1993041N,27/05/1993,"8,18,21,42,44,45",2,,,,3385068.0,0,,,,,,,
1993042N,01/06/1993,"3,8,15,20,34,40",27,,,,0.0,0,,,,,,,
1993043N,03/06/1993,"1,5,7,12,15,23",19,,,,1977424.0,0,,,,,,,
1993044N,08/06/1993,"1,5,9,11,44,45",4,,,,865940.0,0,,,,,,,
1993045N,10/06/1993,"2,7,19,21,27,45",43,,,,926660.0,0,,,,,,,
1993046N,15/06/1993,"5,6,11,29,37,41",25,,,,0.0,0,,,,,,,
1993047N,17/06/1993,"12,16,25,27,32,45",6,,,,0.0,0,,,,,,,
1993048N,22/06/1993,"2,3,8,17,25,30",6,,端午金多寶,,12160824.0,0,,,,,,,
1993049N,29/06/1993,"12,13,27,32,40,43",28,,,,0.0,0,,,,,,,
1993050N,01/07/1993,"3,5,6,22,24,36",20,,,,2106200.0,0,,,,,,,
1993051N,06/07/1993,"12,17,20,23,39,42",33,,,,0.0,0,,,,,,,
1993052N,08/07/1993,"7,17,21,31,33,40",20,,,,6090648.0,0,,,,,,,
1993053N,13/07/1993,"6,11,15,17,37,39",21,,,,0.0,0,,,,,,,
1993054N,15/07/1993,"9,14,18,26,30,45",41,,,,5925960.0,0,,,,,,,
1993055N,20/07/1993,"1,6,14,34,40,45",36,,,,1403804.0,0,,,,,,,
1993056N,22/07/1993,"2,5,14,15,27,32",40,,,,0.0,0,,,,,,,
1993057N,27/07/1993,"18,22,23,29,33,44",43,,,,0.0,0,,,,,,,
1993058N,29/07/1993,"12,14,18,20,23,37",16,,,,0.0,0,,,,,,,
1993059N,03/08/1993,"4,7,11,36,39,45",32,,,,14661944.0,0,,,,,,,
1993060N,05/08/1993,"1,6,21,26,27,33",18,,,,2122452.0,0,,,,,,,
1993061N,10/08/1993,"2,9,14,16,21,38",34,,,,2537404.0,0,,,,,,,
1993062N,12/08/1993,"1,16,24,28,34,40",14,,,,2488472.0,0,,,,,,,
1993063N,17/08/1993,"9,12,15,22,24,26",8,,,,0.0,0,,,,,,,
1993064N,19/08/1993,"8,17,21,35,37,44",11,,,,5761968.0,0,,,,,,,
1993065N,24/08/1993,"3,6,27,32,37,43",15,,,,0.0,0,,,,,,,
1993066N,26/08/1993,"3,10,18,21,27,41",22,,,,0.0,0,,,,,,,
1993067N,31/08/1993,"9,12,30,32,40,45",10,,,,0.0,0,,,,,,,
1993068N,02/09/1993,"1,14,24,29,42,43",22,,,,0.0,0,,,,,,,
1993069N,07/09/1993,"11,13,14,15,19,23",4,,,,4968068.0,0,,,,,,,
1993070N,09/09/1993,"3,4,8,12,20,30",40,,,,2174236.0,0,,,,,,,
1993071N,14/09/1993,"5,6,20,26,33,44",38,,,,0.0,0,,,,,,,
1993072N,16/09/1993,"9,18,26,30,33,39",8,,,,0.0,0,,,,,,,
1993073N,21/09/1993,"7,14,27,31,43,45",4,,,,3572656.0,0,,,,,,,
1993074N,23/09/1993,"2,5,14,16,24,32",9,,,,0.0,0,,,,,,,
1993075N,28/09/1993,"5,7,13,18,19,34",11,,,,0.0,0,,,,,,,
1993076N,30/09/1993,"2,6,7,16,29,38",3,,,,0.0,0,,,,,,,
1993077N,05/10/1993,"5,7,13,14,18,19",17,,,,1601772.0,0,,,,,,,
1993078N,07/10/1993,"6,8,10,14,23,30",36,,,,0.0,0,,,,,,,
1993079N,12/10/1993,"9,20,25,27,40,42",10,,中秋金多寶,,23825164.0,0,,,,,,,
1993080N,14/10/1993,"14,31,33,36,39,41",9,,,,2950388.0,0,,,,,,,
1993081N,19/10/1993,"1,6,11,20,27,34",9,,,,2735852.0,0,,,,,,,
1993082N,21/10/1993,"10,12,14,18,22,24",36,,,,0.0,0,,,,,,,
1993083N,26/10/1993,"8,19,25,26,43,45",34,,,,0.0,0,,,,,,,
1993084N,28/10/1993,"1,24,32,37,38,42",30,,,,0.0,0,,,,,,,
1993085N,02/11/1993,"2,4,26,30,34,43",20,,,,0.0,0,,,,,,,
1993086N,04/11/1993,"2,3,25,28,38,39",32,,,,26046116.0,0,,,,,,,
1993087N,09/11/1993,"6,9,20,29,34,39",18,,,,1444256.0,0,,,,,,,
1993088N,11/11/1993,"4,8,17,27,40,43",5,,,,1356624.0,0,,,,,,,
1993089N,16/11/1993,"16,17,32,36,41,43",20,,,,0.0,0,,,,,,,
1993090N,18/11/1993,"20,24,34,35,37,42",32,,,,3731312.0,0,,,,,,,
1993091N,23/11/1993,"16,20,25,30,40,42",45,,,,0.0,0,,,,,,,
1993092N,25/11/1993,"8,12,18,19,37,43",7,,,,0.0,0,,,,,,,
1993093N,30/11/1993,"3,7,8,13,28,41",19,,,,0.0,0,,,,,,,
1993094N,02/12/1993,"3,13,23,29,36,37",7,,,,0.0,0,,,,,,,
1993095N,07/12/1993,"22,24,29,34,35,42",26,,,,28370712.0,0,,,,,,,
1993096N,09/12/1993,"3,5,12,14,23,28",8,,,,2300328.0,0,,,,,,,
1993097N,14/12/1993,"3,8,19,27,32,38",26,,,,550600.0,0,,,,,,,
1993098N,16/12/1993,"7,17,18,20,24,28",32,,,,2695336.0,0,,,,,,,
1993099N,23/12/1993,"2,16,17,21,24,32",20,,,,3989220.0,0,,,,,,,
1993100N,28/12/1993,"3,5,12,27,28,39",9,,,,902640.0,0,,,,,,,
1993101N,30/12/1993,"14,16,23,26,32,33",10,,,,0.0,0,,,,,,,
1994001N,04/01/1994,"25,29,32,35,36,37",45,,,,0.0,0,,,,,,,
1994002N,06/01/1994,"11,13,20,32,36,41",45,,,,4529200.0,0,,,,,,,
1994003N,11/01/1994,"6,8,20,39,41,42",14,,,,0.0,0,,,,,,,
1994004N,13/01/1994,"13,15,17,32,33,35",29,,,,7562800.0,0,,,,,,,
1994005N,18/01/1994,"9,12,29,36,40,41",14,,,,3313412.0,0,,,,,,,
1994006N,20/01/1994,"3,7,20,27,28,34",11,,,,2326796.0,0,,,,,,,
1994007N,25/01/1994,"2,6,10,13,17,29",22,,,,3024020.0,0,,,,,,,
1994008N,27/01/1994,"3,5,16,33,35,43",20,,,,0.0,0,,,,,,,
1994009N,01/02/1994,"4,6,25,33,37,41",35,,,,7605856.0,0,,,,,,,
1994010N,03/02/1994,"12,13,15,22,34,42",32,,,,0.0,0,,,,,,,
1994011N,08/02/1994,"3,9,12,19,24,33",5,,新春金多寶,,15601596.0,0,,,,,,,
1994012N,15/02/1994,"8,10,12,15,27,32",42,,,,0.0,0,,,,,,,
1994013N,17/02/1994,"2,7,22,26,42,43",45,,,,0.0,0,,,,,,,
1994014N,22/02/1994,"10,13,14,24,31,38",17,,,,0.0,0,,,,,,,
1994015N,24/02/1994,"13,28,32,37,39,42",1,,,,12240248.0,0,,,,,,,
1994016N,01/03/1994,"9,17,30,31,36,41",18,,,,3709068.0,0,,,,,,,
1994017N,03/03/1994,"1,4,19,24,27,39",30,,,,3144688.0,0,,,,,,,
1994018N,08/03/1994,"8,26,30,32,39,42",12,,,,3350856.0,0,,,,,,,
1994019N,10/03/1994,"6,7,18,31,37,44",43,,,,3520028.0,0,,,,,,,
1994020N,15/03/1994,"1,5,6,30,32,34",2,,,,3345372.0,0,,,,,,,
1994021N,17/03/1994,"3,10,21,24,34,39",31,,,,0.0,0,,,,,,,
1994022N,22/03/1994,"7,8,11,24,27,41",19,,,,3711244.0,0,,,,,,,
1994023N,24/03/1994,"4,18,19,30,36,45",2,,,,0.0,0,,,,,,,
1994024N,29/03/1994,"6,17,28,32,39,43",37,,,,929904.0,0,,,,,,,
1994025N,31/03/1994,"1,5,10,17,23,27",15,,,,2799480.0,0,,,,,,,
1994026N,07/04/1994,"24,26,27,28,30,42",14,,,,3487156.0,0,,,,,,,
1994027N,12/04/1994,"4,13,27,30,40,41",19,,,,3313884.0,0,,,,,,,
1994028N,14/04/1994,"7,12,18,20,30,31",38,,,,1502152.0,0,,,,,,,
1994029N,19/04/1994,"15,18,22,29,39,44",19,,,,0.0,0,,,,,,,
1994030N,21/04/1994,"1,5,12,19,24,32",23,,,,1530448.0,0,,,,,,,
1994031N,26/04/1994,"2,4,22,23,25,37",10,,,,3157672.0,0,,,,,,,
1994032N,28/04/1994,"6,13,20,27,29,40",24,,,,706032.0,0,,,,,,,
1994033N,03/05/1994,"4,6,10,24,25,38",37,,,,3174612.0,0,,,,,,,
1994034N,05/05/1994,"3,6,14,20,26,33",28,,,,952544.0,0,,,,,,,
1994035N,10/05/1994,"8,10,20,33,40,42",12,,,,0.0,0,,,,,,,
1994036N,12/05/1994,"3,18,30,31,32,33",45,,,,0.0,0,,,,,,,
1994037N,17/05/1994,"10,11,16,18,32,38",12,,,,0.0,0,,,,,,,
1994038N,19/05/1994,"1,2,18,36,38,42",15,,,,0.0,0,,,,,,,
1994039N,24/05/1994,"3,6,9,26,39,41",22,,,,7736344.0,0,,,,,,,
1994040N,26/05/1994,"3,14,17,33,34,40",29,,,,3267340.0,0,,,,,,,
1994041N,31/05/1994,"10,12,15,21,28,40",27,,,,3659296.0,0,,,,,,,
1994042N,02/06/1994,"9,29,32,35,37,39",8,,,,0.0,0,,,,,,,
1994043N,07/06/1994,"14,24,25,26,27,39",31,,端午金多寶,,8756860.0,0,,,,,,,
1994044N,09/06/1994,"8,13,20,21,22,43",19,,,,0.0,0,,,,,,,
1994045N,14/06/1994,"3,7,8,11,16,23",21,,,,5014396.0,0,,,,,,,
1994046N,16/06/1994,"4,5,13,16,37,40",7,,,,0.0,0,,,,,,,
1994047N,21/06/1994,"1,4,18,37,38,40",42,,,,10147016.0,0,,,,,,,
1994048N,23/06/1994,"2,12,14,16,20,43",13,,,,1509636.0,0,,,,,,,
1994049N,28/06/1994,"2,6,7,16,32,42",11,,,,0.0,0,,,,,,,
1994050N,30/06/1994,"8,16,20,22,37,45",40,,,,0.0,0,,,,,,,
1994051N,05/07/1994,"21,22,26,29,30,33",4,,,,5836596.0,0,,,,,,,
1994052N,07/07/1994,"16,20,22,23,24,25",44,,,,915848.0,0,,,,,,,
1994053N,12/07/1994,"10,12,15,17,34,35",5,,,,0.0,0,,,,,,,
1994054N,14/07/1994,"3,4,12,19,21,37",45,,,,0.0,0,,,,,,,
1994055N,19/07/1994,"6,8,19,20,30,39",17,,,,2652776.0,0,,,,,,,
1994056N,21/07/1994,"3,4,16,18,24,32",23,,,,2394604.0,0,,,,,,,
1994057N,26/07/1994,"4,11,26,30,33,45",1,,,,0.0,0,,,,,,,
1994058N,28/07/1994,"3,7,21,24,39,45",18,,,,3538656.0,0,,,,,,,
1994059N,02/08/1994,"6,11,19,29,33,36",20,,,,8548276.0,0,,,,,,,
1994060N,04/08/1994,"1,2,5,14,19,30",23,,,,2717812.0,0,,,,,,,
1994061N,09/08/1994,"4,14,25,33,38,44",12,,,,0.0,0,,,,,,,
1994062N,11/08/1994,"1,13,17,20,28,32",44,,,,2385844.0,0,,,,,,,
1994063N,16/08/1994,"5,23,25,31,32,44",30,,,,0.0,0,,,,,,,
1994064N,18/08/1994,"12,19,23,24,29,44",4,,,,0.0,0,,,,,,,
1994065N,23/08/1994,"2,10,22,30,33,38",43,,,,11797876.0,0,,,,,,,
1994066N,25/08/1994,"7,13,19,21,37,38",24,,,,2735440.0,0,,,,,,,
1994067N,30/08/1994,"1,13,22,26,36,45",9,,,,2742232.0,0,,,,,,,
1994068N,01/09/1994,"3,10,15,20,38,40",9,,,,1281612.0,0,,,,,,,
1994069N,06/09/1994,"1,6,17,20,23,30",28,,,,0.0,0,,,,,,,
1994070N,08/09/1994,"1,14,16,17,26,33",12,,,,4598980.0,0,,,,,,,
1994071N,13/09/1994,"12,16,17,23,26,35",34,,,,0.0,0,,,,,,,
1994072N,15/09/1994,"4,7,10,19,42,44",11,,,,3666128.0,0,,,,,,,
1994073N,20/09/1994,"12,13,18,22,34,40",33,,中秋金多寶,,32665696.0,0,,,,,,,
1994074N,22/09/1994,"2,10,18,22,26,45",4,,,,0.0,0,,,,,,,
1994075N,27/09/1994,"11,17,18,30,39,42",37,,,,6804552.0,0,,,,,,,
1994076N,29/09/1994,"10,21,23,27,38,40",36,,,,3171364.0,0,,,,,,,
1994077N,04/10/1994,"6,10,14,25,26,30",9,,,,3148428.0,0,,,,,,,
1994078N,06/10/1994,"4,8,11,20,28,31",16,,,,1259912.0,0,,,,,,,
1994079N,11/10/1994,"5,8,13,23,27,44",31,,,,0.0,0,,,,,,,
1994080N,14/10/1994,"1,11,19,27,31,33",34,,,,0.0,0,,,,,,,
1994081N,18/10/1994,"7,12,20,37,38,41",31,,,,0.0,0,,,,,,,
1994082N,20/10/1994,"4,7,17,18,29,45",13,,,,19822484.0,0,,,,,,,
1994083N,25/10/1994,"1,8,40,41,42,43",35,,,,1318328.0,0,,,,,,,
1994084N,27/10/1994,"1,8,16,23,36,37",14,,,,3262612.0,0,,,,,,,
1994085N,01/11/1994,"2,10,20,22,31,32",40,,,,3124280.0,0,,,,,,,
1994086N,03/11/1994,"3,10,15,18,31,37",21,,,,0.0,0,,,,,,,
1994087N,08/11/1994,"9,14,18,19,22,29",5,,,,3325592.0,0,,,,,,,
1994088N,10/11/1994,"9,20,29,39,42,44",4,,,,3281608.0,0,,,,,,,
1994089N,15/11/1994,"2,12,26,27,40,45",10,,,,0.0,0,,,,,,,
1994090N,17/11/1994,"3,9,10,17,27,41",14,,,,0.0,0,,,,,,,
1994091N,22/11/1994,"1,6,31,37,44,45",28,,,,13302352.0,0,,,,,,,
1994092N,24/11/1994,"3,9,17,22,27,38",29,,,,0.0,0,,,,,,,
1994093N,29/11/1994,"19,20,29,30,35,43",11,,,,0.0,0,,,,,,,
1994094N,01/12/1994,"5,12,21,24,31,35",42,,,,6108472.0,0,,,,,,,
1994095N,06/12/1994,"4,10,21,28,29,35",19,,,,3429584.0,0,,,,,,,
1994096N,08/12/1994,"4,14,15,16,17,33",19,,,,1464916.0,0,,,,,,,
1994097N,13/12/1994,"11,21,29,33,40,41",15,,,,0.0,0,,,,,,,
1994098N,15/12/1994,"10,14,15,16,23,29",3,,,,0.0,0,,,,,,,
1994099N,20/12/1994,"6,7,9,15,35,43",13,,,,29394520.0,0,,,,,,,
1994100N,23/12/1994,"1,3,6,10,27,30",7,,,,876156.0,0,,,,,,,
1994101N,29/12/1994,"3,11,15,25,35,36",10,,,,3365384.0,0,,,,,,,
1995001N,03/01/1995,"10,11,22,27,38,39",43,,,,0.0,0,,,,,,,
1995002N,05/01/1995,"4,17,23,27,32,45",29,,,,0.0,0,,,,,,,
1995003N,10/01/1995,"5,6,24,26,27,43",7,,,,13781060.0,0,,,,,,,
1995004N,12/01/1995,"5,9,19,20,32,44",39,,,,1242860.0,0,,,,,,,
1995005N,17/01/1995,"5,10,11,14,22,28",20,,,,3428848.0,0,,,,,,,
1995006N,19/01/1995,"2,11,21,41,42,45",28,,,,1863360.0,0,,,,,,,
1995007N,24/01/1995,"14,16,22,29,36,41",37,,新春金多寶,,0.0,0,,,,,,,
1995008N,26/01/1995,"1,22,24,28,39,42",38,,,,13792104.0,0,,,,,,,
1995009N,03/02/1995,"8,9,16,21,24,33",35,,,,3345332.0,0,,,,,,,
1995010N,07/02/1995,"10,11,26,27,33,35",3,,,,1748976.0,0,,,,,,,
1995011N,09/02/1995,"3,4,5,9,15,22",32,,,,0.0,0,,,,,,,
1995012N,14/02/1995,"5,11,13,15,35,36",2,,,,0.0,0,,,,,,,
1995013N,16/02/1995,"2,3,9,14,22,44",5,,,,0.0,0,,,,,,,
1995014N,21/02/1995,"7,18,23,25,38,44",36,,,,24904792.0,0,,,,,,,
1995015N,23/02/1995,"6,8,10,34,39,41",4,,,,0.0,0,,,,,,,
1995016N,28/02/1995,"14,27,33,38,43,44",31,,,,0.0,0,,,,,,,
1995017N,02/03/1995,"9,24,28,31,35,39",32,,,,8279644.0,0,,,,,,,
1995018N,07/03/1995,"3,4,5,15,38,45",14,,,,4080276.0,0,,,,,,,
1995019N,09/03/1995,"1,4,12,19,41,44",2,,,,0.0,0,,,,,,,
1995020N,14/03/1995,"16,23,26,27,33,40",35,,,,4521868.0,0,,,,,,,
1995021N,16/03/1995,"9,12,20,33,36,42",43,,,,2235836.0,0,,,,,,,
1995022N,21/03/1995,"19,26,30,35,36,45",17,,,,0.0,0,,,,,,,
1995023N,23/03/1995,"7,10,11,22,33,41",1,,,,4205048.0,0,,,,,,,
1995024N,28/03/1995,"4,13,15,21,26,27",40,,,,566336.0,0,,,,,,,
1995025N,30/03/1995,"18,19,22,31,39,40",35,,,,3690728.0,0,,,,,,,
1995026N,04/04/1995,"6,17,33,37,38,44",4,,,,1476640.0,0,,,,,,,
1995027N,06/04/1995,"2,21,25,28,32,43",33,,,,3435520.0,0,,,,,,,
1995028N,11/04/1995,"3,13,18,21,30,35",22,,,,18470552.0,0,,,,,,,
1995029N,13/04/1995,"2,4,22,27,28,44",12,,,,0.0,0,,,,,,,
1995030N,18/04/1995,"2,3,7,34,38,43",15,,,,0.0,0,,,,,,,
1995031N,20/04/1995,"3,5,21,26,37,40",15,,,,6472532.0,0,,,,,,,
1995032N,25/04/1995,"1,4,30,32,34,36",31,,,,948052.0,0,,,,,,,
1995033N,27/04/1995,"1,10,20,24,30,42",25,,,,1669404.0,0,,,,,,,
1995034N,02/05/1995,"1,3,14,18,23,25",29,,,,3559836.0,0,,,,,,,
1995035N,04/05/1995,"2,3,4,7,34,43",11,,,,2752836.0,0,,,,,,,
1995036N,09/05/1995,"3,7,10,15,27,42",23,,,,3571796.0,0,,,,,,,
1995037N,11/05/1995,"8,17,32,35,39,44",27,,,,0.0,0,,,,,,,
1995038N,16/05/1995,"7,14,19,26,28,34",45,,,,1964372.0,0,,,,,,,
1995039N,18/05/1995,"4,9,10,15,37,44",38,,,,3373096.0,0,,,,,,,
1995040N,23/05/1995,"3,15,32,34,35,37",41,,,,0.0,0,,,,,,,
1995041N,25/05/1995,"11,21,27,36,42,45",7,,,,0.0,0,,,,,,,
1995042N,30/05/1995,"2,8,13,22,42,44",41,,端午金多寶,,38000000.0,0,,,,,,,
1995043N,01/06/1995,"4,8,15,22,24,29",26,,,,4029995.0,0,,,,,,,
1995044N,06/06/1995,"9,10,21,24,27,41",23,,,,0.0,0,,,,,,,
1995045N,08/06/1995,"8,16,18,21,23,32",33,,,,2892540.0,0,,,,,,,
1995046N,13/06/1995,"15,20,27,37,40,41",39,,,,1363665.0,0,,,,,,,
1995047N,15/06/1995,"14,20,24,36,38,44",42,,,,0.0,0,,,,,,,
1995048N,20/06/1995,"4,7,9,16,18,24",13,,,,0.0,0,,,,,,,
1995049N,22/06/1995,"14,20,33,34,36,44",10,,,,0.0,0,,,,,,,
1995050N,27/06/1995,"4,16,21,37,39,43",40,,,,22812310.0,0,,,,,,,
1995051N,29/06/1995,"1,2,5,12,24,45",19,,,,0.0,0,,,,,,,
1995052N,04/07/1995,"8,26,27,37,39,45",34,,,,8667990.0,0,,,,,,,
1995053N,06/07/1995,"2,10,15,19,43,44",11,,,,3857750.0,0,,,,,,,
1995054N,11/07/1995,"13,30,35,36,40,45",34,,,,4055855.0,0,,,,,,,
1995055N,13/07/1995,"4,7,8,21,23,24",30,,,,6544260.0,0,,,,,,,
1995056N,18/07/1995,"5,6,15,16,17,40",30,,,,1719130.0,0,,,,,,,
1995057N,20/07/1995,"9,14,19,23,41,44",18,,,,0.0,0,,,,,,,
1995058N,25/07/1995,"1,2,13,15,30,31",37,,,,4105655.0,0,,,,,,,
1995059N,27/07/1995,"16,19,29,30,36,37",10,,,,0.0,0,,,,,,,
1995060N,01/08/1995,"16,18,20,21,22,35",23,,,,0.0,0,,,,,,,
1995061N,03/08/1995,"5,7,8,10,20,42",38,,,,0.0,0,,,,,,,
1995062N,08/08/1995,"12,36,38,41,44,45",1,,,,12258295.0,0,,,,,,,
1995063N,10/08/1995,"5,6,28,31,35,42",36,,,,0.0,0,,,,,,,
1995064N,15/08/1995,"1,6,7,17,37,42",5,,,,8746170.0,0,,,,,,,
1995065N,17/08/1995,"6,19,22,35,37,40",45,,,,0.0,0,,,,,,,
1995066N,22/08/1995,"10,15,18,19,20,23",26,,,,9015105.0,0,,,,,,,
1995067N,24/08/1995,"2,15,22,23,24,36",16,,,,3414070.0,0,,,,,,,
1995068N,29/08/1995,"3,9,14,22,34,44",40,,,,0.0,0,,,,,,,
1995069N,05/09/1995,"2,17,22,25,36,45",39,,中秋金多寶,,13160125.0,0,,,,,,,
1995070N,07/09/1995,"4,8,10,13,31,39",14,,,,0.0,0,,,,,,,
1995071N,12/09/1995,"6,14,16,19,28,31",7,,,,0.0,0,,,,,,,
1995072N,14/09/1995,"2,11,14,16,23,27",28,,,,14444100.0,0,,,,,,,
1995073N,19/09/1995,"8,18,34,35,37,39",4,,,,0.0,0,,,,,,,
1995074N,21/09/1995,"19,25,28,34,39,42",33,,,,9537740.0,0,,,,,,,
1995075N,26/09/1995,"1,23,24,29,31,38",25,,,,0.0,0,,,,,,,
1995076N,28/09/1995,"1,18,20,27,31,37",19,,,,0.0,0,,,,,,,
1995077N,03/10/1995,"2,14,23,26,34,38",43,,,,7567670.0,0,,,,,,,
1995078N,05/10/1995,"1,8,15,31,34,35",9,,,,3493360.0,0,,,,,,,
1995079N,10/10/1995,"8,10,23,31,39,44",17,,,,1997900.0,0,,,,,,,
1995080N,12/10/1995,"12,19,27,29,31,35",1,,,,1711485.0,0,,,,,,,
1995081N,17/10/1995,"1,5,14,17,37,45",24,,,,2175950.0,0,,,,,,,
1995082N,19/10/1995,"8,19,26,28,29,40",43,,,,0.0,0,,,,,,,
1995083N,24/10/1995,"6,14,29,33,35,39",34,,,,2751890.0,0,,,,,,,
1995084N,26/10/1995,"4,19,26,30,33,39",22,,,,3612765.0,0,,,,,,,
1995085N,31/10/1995,"11,12,18,26,27,40",20,,,,2043610.0,0,,,,,,,
1995086N,02/11/1995,"4,9,21,23,25,45",42,,,,0.0,0,,,,,,,
1995087N,07/11/1995,"2,9,14,20,21,30",45,,,,23004740.0,0,,,,,,,
1995088N,09/11/1995,"1,16,17,19,21,36",41,,,,0.0,0,,,,,,,
1995089N,14/11/1995,"7,14,19,25,33,43",44,,,,8444975.0,0,,,,,,,
1995090N,16/11/1995,"1,7,10,13,34,38",12,,,,3569225.0,0,,,,,,,
1995091N,21/11/1995,"15,18,34,36,40,43",19,,,,4052625.0,0,,,,,,,
1995092N,23/11/1995,"2,14,16,33,36,37",12,,,,3571055.0,0,,,,,,,
1995093N,28/11/1995,"2,4,12,18,30,39",44,,,,3942960.0,0,,,,,,,
1995094N,30/11/1995,"3,16,17,25,27,31",43,,,,0.0,0,,,,,,,
1995095N,05/12/1995,"5,6,12,13,28,35",20,,,,2532945.0,0,,,,,,,
1995096N,07/12/1995,"1,11,28,29,33,42",9,,,,1605965.0,0,,,,,,,
1995097N,12/12/1995,"5,24,35,39,41,42",45,,,,0.0,0,,,,,,,
1995098N,14/12/1995,"5,17,18,36,37,40",42,,,,8685810.0,0,,,,,,,
1995099N,19/12/1995,"1,16,26,28,39,41",37,,聖誕金多寶,,0.0,0,,,,,,,
1995100N,21/12/1995,"5,10,16,25,33,34",6,,,,0.0,0,,,,,,,
1995101N,29/12/1995,"3,5,8,22,25,28",15,,,,11744335.0,0,,,,,,,
1996001N,02/01/1996,"4,7,24,29,31,32",42,,,,0.0,0,,,,,,,
1996002N,04/01/1996,"6,8,9,10,30,36",40,,,,0.0,0,,,,,,,
1996003N,09/01/1996,"2,6,10,21,27,37",13,,,,7087010.0,0,,,,,,,
1996004N,11/01/1996,"12,13,31,33,36,39",14,,,,0.0,0,,,,,,,
1996005N,16/01/1996,"1,16,17,28,29,40",31,,,,2240805.0,0,,,,,,,
1996006N,18/01/1996,"8,16,31,35,36,44",25,,,,2281455.0,0,,,,,,,
1996007N,23/01/1996,"4,6,13,21,24,26",31,,,,0.0,0,,,,,,,
1996008N,25/01/1996,"5,6,17,20,25,34",44,,,,13999835.0,0,,,,,,,
1996009N,30/01/1996,"13,19,27,30,33,40",38,,,,2196735.0,0,,,,,,,
1996010N,01/02/1996,"12,32,34,40,41,43",29,,,,0.0,0,,,,,,,
1996011N,06/02/1996,"8,12,16,19,24,40",23,,,,0.0,0,,,,,,,
1996012N,08/02/1996,"5,6,14,19,23,32",41,,,,17888260.0,0,,,,,,,
1996013N,13/02/1996,"11,23,24,32,33,38",26,,新春金多寶,,16646460.0,0,,,,,,,
1996014N,15/02/1996,"2,3,17,20,25,43",1,,,,0.0,0,,,,,,,
1996015N,22/02/1996,"6,22,26,28,33,41",25,,,,0.0,0,,,,,,,
1996016N,27/02/1996,"2,17,26,34,36,42",20,,,,9034285.0,0,,,,,,,
1996017N,29/02/1996,"8,12,22,32,37,42",14,,,,4334400.0,0,,,,,,,
1996018N,05/03/1996,"13,19,25,36,41,44",39,,,,2497285.0,0,,,,,,,
1996019N,07/03/1996,"11,13,17,19,22,26",40,,,,0.0,0,,,,,,,
1996020N,12/03/1996,"4,12,14,21,31,34",7,,,,4549215.0,0,,,,,,,
1996021N,14/03/1996,"15,25,28,31,36,40",18,,,,0.0,0,,,,,,,
1996022N,19/03/1996,"14,23,32,35,39,44",20,,,,9528755.0,0,,,,,,,
1996023N,21/03/1996,"8,16,23,28,30,41",17,,,,1817565.0,0,,,,,,,
1996024N,26/03/1996,"10,13,19,23,36,40",1,,,,0.0,0,,,,,,,
1996025N,28/03/1996,"8,10,21,23,32,33",34,,,,8465525.0,0,,,,,,,
1996026N,02/04/1996,"2,15,18,24,34,37",42,,,,19486045.0,0,,,,,,,
1996027N,05/04/1996,"9,23,25,29,31,41",45,,,,2585300.0,0,,,,,,,
1996028N,09/04/1996,"11,13,22,26,29,34",20,,,,3525560.0,0,,,,,,,
1996029N,11/04/1996,"25,34,37,43,44,45",24,,,,4597475.0,0,,,,,,,
1996030N,16/04/1996,"5,15,38,39,40,43",23,,,,2105760.0,0,,,,,,,
1996031N,18/04/1996,"5,7,11,15,28,35",23,,,,1690575.0,0,,,,,,,
1996032N,23/04/1996,"1,4,7,25,29,40",26,,,,3833200.0,0,,,,,,,
1996033N,25/04/1996,"10,12,20,22,42,45",29,,,,0.0,0,,,,,,,
1996034N,30/04/1996,"7,16,18,20,34,35",38,,,,0.0,0,,,,,,,
1996035N,02/05/1996,"1,7,10,14,27,40",45,,,,14286600.0,0,,,,,,,
1996036N,07/05/1996,"3,4,14,25,33,42",1,,,,0.0,0,,,,,,,
1996037N,09/05/1996,"1,26,31,40,41,43",28,,,,0.0,0,,,,,,,
1996038N,14/05/1996,"5,9,13,23,36,40",3,,,,7854340.0,0,,,,,,,
1996039N,16/05/1996,"13,14,17,21,29,31",35,,,,3592260.0,0,,,,,,,
1996040N,21/05/1996,"7,14,19,21,33,38",18,,,,0.0,0,,,,,,,
1996041N,23/05/1996,"3,12,17,28,29,43",8,,,,7804120.0,0,,,,,,,
1996042N,28/05/1996,"7,16,21,25,35,42",8,,,,0.0,0,,,,,,,
1996043N,30/05/1996,"17,20,24,25,32,43",1,,,,0.0,0,,,,,,,
1996044N,04/06/1996,"4,8,21,24,33,37",19,,,,15604065.0,0,,,,,,,
1996045N,06/06/1996,"2,7,11,15,16,25",40,,,,3599725.0,0,,,,,,,
1996046N,11/06/1996,"7,8,9,13,15,17",4,,端午金多寶,,7598575.0,20,,,,,,,
1996047N,13/06/1996,"5,16,22,27,31,46",47,,,,3562905.0,5,,,,,,,
1996048N,18/06/1996,"3,14,20,24,26,40",44,,,,3333800.0,5,,,,,,,
1996049N,21/06/1996,"5,9,16,18,20,35",46,,,,3373755.0,5,,,,,,,
1996050N,25/06/1996,"1,11,15,24,33,43",14,,,,0.0,0,,,,,,,
1996051N,27/06/1996,"6,7,15,20,26,44",42,,,,4000155.0,10,,,,,,,
1996052N,02/07/1996,"2,6,20,42,46,47",5,,,,0.0,0,,,,,,,
1996053N,04/07/1996,"2,26,33,40,43,45",46,,,,0.0,0,,,,,,,
1996054N,09/07/1996,"8,24,36,39,44,45",12,,,,0.0,0,,,,,,,
1996055N,11/07/1996,"16,17,22,30,36,41",39,,,,14163705.0,10,,,,,,,
1996056N,13/07/1996,"9,11,26,37,45,46",13,,20周年金多寶,,31671980.0,5,,,,,,,
1996057N,16/07/1996,"6,7,21,23,24,32",12,,,,0.0,0,,,,,,,
1996058N,18/07/1996,"3,6,13,15,32,44",40,,,,0.0,0,,,,,,,
1996059N,23/07/1996,"10,12,15,25,27,38",11,,,,12607810.0,5,,,,,,,
1996060N,25/07/1996,"8,14,28,33,41,43",42,,,,0.0,0,,,,,,,
1996061N,30/07/1996,"5,6,19,30,36,44",43,,,,7836275.0,5,,,,,,,
1996062N,01/08/1996,"5,19,22,33,34,42",12,,,,3416535.0,5,,,,,,,
1996063N,03/08/1996,"4,6,19,40,43,46",47,,,,0.0,0,,,,,,,
1996064N,06/08/1996,"1,16,22,25,26,47",5,,,,24254395.0,5,,,,,,,
1996065N,08/08/1996,"1,10,19,27,36,37",21,,,,0.0,0,,,,,,,
1996066N,13/08/1996,"2,3,5,17,32,42",39,,,,0.0,0,,,,,,,
1996067N,15/08/1996,"13,26,28,35,36,38",39,,,,0.0,0,,,,,,,
1996068N,20/08/1996,"7,9,10,31,43,45",30,,,,8338245.0,15,,,,,,,
1996069N,22/08/1996,"14,21,36,39,46,47",16,,,,0.0,0,,,,,,,
1996070N,27/08/1996,"4,6,18,20,22,44",46,,,,0.0,0,,,,,,,
1996071N,29/08/1996,"7,21,30,31,43,45",12,,,,6219610.0,15,,,,,,,
1996072N,03/09/1996,"3,12,16,20,22,25",38,,,,0.0,0,,,,,,,
1996073N,05/09/1996,"12,24,27,28,30,33",5,,,,0.0,0,,,,,,,
1996074N,10/09/1996,"2,22,25,30,36,37",14,,,,0.0,0,,,,,,,
1996075N,12/09/1996,"9,23,26,30,31,40",13,,,,30413580.0,5,,,,,,,
1996076N,17/09/1996,"8,10,14,17,27,45",9,,,,0.0,0,,,,,,,
1996077N,19/09/1996,"5,11,12,36,40,42",31,,,,8869125.0,5,,,,,,,
1996078N,24/09/1996,"7,17,23,24,30,32",11,,中秋金多寶,,15403865.0,10,,,,,,,
1996079N,26/09/1996,"6,10,28,29,38,43",13,,,,0.0,0,,,,,,,
1996080N,01/10/1996,"10,20,29,32,33,47",31,,,,0.0,0,,,,,,,
1996081N,03/10/1996,"15,16,17,23,24,26",7,,,,14521470.0,5,,,,,,,
1996082N,08/10/1996,"3,14,17,24,35,45",7,,,,0.0,0,,,,,,,
1996083N,10/10/1996,"3,9,10,17,42,43",16,,,,9326460.0,5,,,,,,,
1996084N,15/10/1996,"2,18,26,32,33,36",40,,,,0.0,0,,,,,,,
1996085N,17/10/1996,"5,9,12,22,26,36",2,,,,4049405.0,10,,,,,,,
1996086N,22/10/1996,"20,27,29,30,37,38",34,,,,0.0,0,,,,,,,
1996087N,24/10/1996,"14,19,21,30,44,46",34,,,,2824485.0,15,,,,,,,
1996088N,29/10/1996,"4,14,26,33,37,38",1,,,,0.0,0,,,,,,,
1996089N,31/10/1996,"3,4,5,8,10,15",18,,,,1803960.0,20,,,,,,,
1996090N,05/11/1996,"2,5,11,15,32,37",41,,,,18458615.0,5,,,,,,,
1996091N,07/11/1996,"8,9,10,15,44,46",16,,,,3267005.0,5,,,,,,,
1996092N,12/11/1996,"3,5,23,29,39,41",13,,,,1956960.0,10,,,,,,,
1996093N,14/11/1996,"6,7,8,29,42,47",34,,,,0.0,0,,,,,,,
1996094N,19/11/1996,"1,2,26,39,40,46",7,,,,8614915.0,5,,,,,,,
1996095N,21/11/1996,"4,12,18,27,30,32",31,,,,3362335.0,5,,,,,,,
1996096N,26/11/1996,"9,11,14,18,23,29",46,,,,0.0,0,,,,,,,
1996097N,28/11/1996,"4,20,23,31,35,45",22,,,,0.0,0,,,,,,,
1996098N,03/12/1996,"1,4,15,16,20,40",30,,,,6993310.0,10,,,,,,,
1996099N,05/12/1996,"9,12,21,25,30,43",26,,,,1719400.0,10,,,,,,,
1996100N,10/12/1996,"11,14,22,23,25,36",6,,,,0.0,0,,,,,,,
1996101N,12/12/1996,"2,25,28,30,40,41",31,,,,0.0,0,,,,,,,
1996102N,17/12/1996,"11,19,23,29,37,45",7,,,,14348330.0,5,,,,,,,
1996103N,19/12/1996,"2,4,9,16,37,47",24,,聖誕金多寶,,31320255.0,5,,,,,,,
1996104N,23/12/1996,"9,11,14,20,40,43",45,,,,2912225.0,5,,,,,,,
1996105N,28/12/1996,"22,25,33,35,46,47",5,,,,0.0,0,,,,,,,
1996106N,31/12/1996,"9,14,15,21,24,40",46,,,,0.0,0,,,,,,,
1997001N,02/01/1997,"16,26,28,30,33,38",47,,,,0.0,0,,,,,,,
1997002N,07/01/1997,"2,5,13,38,39,42",8,,,,22974055.0,5,,,,,,,
1997003N,09/01/1997,"9,14,20,24,29,44",33,,,,1269455.0,15,,,,,,,
1997004N,14/01/1997,"12,17,26,27,33,45",44,,,,4649280.0,5,,,,,,,
1997005N,16/01/1997,"2,12,16,37,38,42",22,,,,0.0,0,,,,,,,
1997006N,21/01/1997,"2,28,39,44,45,46",3,,,,0.0,0,,,,,,,
1997007N,23/01/1997,"12,14,20,29,36,41",10,,,,7443520.0,10,,,,,,,
1997008N,28/01/1997,"5,12,14,27,33,37",11,,,,1688590.0,15,,,,,,,
1997009N,30/01/1997,"4,8,12,13,34,47",14,,,,0.0,0,,,,,,,
1997010N,04/02/1997,"29,34,37,39,40,43",32,,新春金多寶,,17300080.0,15,,,,,,,
1997011N,11/02/1997,"8,10,14,27,28,29",17,,,,0.0,0,,,,,,,
1997012N,13/02/1997,"2,11,25,26,30,34",37,,,,8830335.0,5,,,,,,,
1997013N,18/02/1997,"1,5,14,27,29,39",44,,,,4387175.0,5,,,,,,,
1997014N,20/02/1997,"9,14,16,24,29,35",17,,,,1932125.0,10,,,,,,,
1997015N,25/02/1997,"4,8,9,36,39,41",7,,,,0.0,0,,,,,,,
1997016N,27/02/1997,"20,24,28,29,32,34",4,,,,0.0,0,,,,,,,
1997017N,04/03/1997,"7,19,21,24,32,39",46,,,,0.0,0,,,,,,,
1997018N,06/03/1997,"1,9,16,18,36,40",6,,,,24646865.0,5,,,,,,,
1997019N,11/03/1997,"7,21,23,26,32,34",3,,,,0.0,0,,,,,,,
1997020N,13/03/1997,"3,8,9,21,34,36",12,,,,0.0,0,,,,,,,
1997021N,18/03/1997,"6,9,15,21,28,43",17,,,,15230915.0,5,,,,,,,
1997022N,20/03/1997,"1,22,23,39,45,46",26,,,,3728710.0,5,,,,,,,
1997023N,25/03/1997,"15,24,26,28,32,44",11,,,,11234885.0,10,,,,,,,
1997024N,27/03/1997,"2,29,35,40,41,46",45,,,,0.0,0,,,,,,,
1997025N,01/04/1997,"4,9,16,25,36,46",12,,,,4287170.0,10,,,,,,,
1997026N,03/04/1997,"3,5,10,18,22,43",12,,,,3030210.0,5,,,,,,,
1997027N,08/04/1997,"6,13,18,21,25,39",5,,,,4214050.0,5,,,,,,,
1997028N,10/04/1997,"1,3,9,10,36,42",47,,,,1629640.0,10,,,,,,,
1997029N,15/04/1997,"2,4,13,18,22,45",25,,,,0.0,0,,,,,,,
1997030N,17/04/1997,"1,2,3,8,40,46",18,,,,3656490.0,10,,,,,,,
1997031N,22/04/1997,"5,10,16,22,30,37",14,,,,1245830.0,15,,,,,,,
1997032N,24/04/1997,"10,16,21,22,31,47",12,,,,0.0,0,,,,,,,
1997033N,29/04/1997,"4,15,17,19,29,39",33,,,,7823985.0,5,,,,,,,
1997034N,01/05/1997,"12,19,31,35,41,43",4,,,,0.0,0,,,,,,,
1997035N,06/05/1997,"1,27,32,35,37,41",5,,,,0.0,0,,,,,,,
1997036N,08/05/1997,"3,7,10,15,37,38",42,,,,0.0,0,,,,,,,
1997037N,13/05/1997,"7,10,11,14,16,21",17,,,,10452930.0,10,,,,,,,
1997038N,15/05/1997,"14,15,16,28,30,44",33,,,,0.0,0,,,,,,,
1997039N,20/05/1997,"1,11,14,27,30,32",38,,,,9094360.0,5,,,,,,,
1997040N,22/05/1997,"5,9,23,27,28,42",22,,,,0.0,0,,,,,,,
1997041N,27/05/1997,"2,4,8,19,36,37",44,,,,0.0,0,,,,,,,
1997042N,29/05/1997,"6,15,22,29,36,40",35,,,,0.0,0,,,,,,,
1997043N,03/06/1997,"6,24,25,35,39,47",43,,端午金多寶,,38000000.0,5,,,,,,,
1997044N,05/06/1997,"14,25,31,35,42,46",45,,,,0.0,0,,,,,,,
1997045N,10/06/1997,"31,34,37,42,44,45",35,,,,27875595.0,5,,,,,,,
1997046N,12/06/1997,"7,8,17,26,39,45",22,,,,0.0,0,,,,,,,
1997047N,17/06/1997,"12,20,27,31,38,40",47,,,,5340740.0,10,,,,,,,
1997048N,19/06/1997,"3,16,18,22,38,45",5,,,,0.0,0,,,,,,,
1997049N,24/06/1997,"10,11,19,28,37,38",34,,,,8513810.0,5,,,,,,,
1997050N,26/06/1997,"17,30,32,38,39,42",4,,,,0.0,0,,,,,,,
1997051N,05/07/1997,"1,4,7,9,17,18",40,,,,705770.0,195,,,,,,,
1997052N,08/07/1997,"3,14,18,26,28,41",23,,,,0.0,0,,,,,,,
1997053N,10/07/1997,"5,10,16,19,20,30",34,,,,2346125.0,15,,,,,,,
1997054N,15/07/1997,"6,23,26,34,35,42",27,,,,3817560.0,5,,,,,,,
1997055N,17/07/1997,"1,12,17,19,22,34",15,,,,0.0,0,,,,,,,
1997056N,19/07/1997,"1,3,10,14,33,45",30,,,,0.0,0,,,,,,,
1997057N,22/07/1997,"3,13,19,35,37,46",39,,,,0.0,0,,,,,,,
1997058N,24/07/1997,"6,10,17,25,28,34",9,,,,19400210.0,5,,,,,,,
1997059N,29/07/1997,"14,15,17,37,40,45",39,,,,0.0,0,,,,,,,
1997060N,31/07/1997,"2,15,16,22,28,36",14,,,,2943525.0,15,,,,,,,
1997061N,05/08/1997,"12,16,27,33,34,37",43,,,,0.0,0,,,,,,,
1997062N,07/08/1997,"16,21,24,32,37,45",29,,,,6801750.0,20,,,,,,,
1997063N,12/08/1997,"2,9,22,26,30,36",38,,,,0.0,0,,,,,,,
1997064N,14/08/1997,"3,8,28,32,42,43",41,,,,7979780.0,5,,,,,,,
1997065N,16/08/1997,"2,4,5,27,29,40",9,,,,2224640.0,5,,,,,,,
1997066N,19/08/1997,"19,31,35,37,38,42",18,,,,0.0,0,,,,,,,
1997067N,21/08/1997,"12,18,24,30,34,35",20,,,,0.0,0,,,,,,,
1997068N,26/08/1997,"3,17,22,29,34,38",14,,,,8930640.0,10,,,,,,,
1997069N,28/08/1997,"3,15,16,19,32,33",26,,,,0.0,0,,,,,,,
1997070N,30/08/1997,"8,10,18,26,42,45",14,,,,0.0,0,,,,,,,
1997071N,02/09/1997,"6,9,28,30,42,47",35,,,,12008020.0,5,,,,,,,
1997072N,04/09/1997,"2,6,14,26,33,42",40,,,,0.0,0,,,,,,,
1997073N,09/09/1997,"2,7,18,29,42,45",10,,,,0.0,0,,,,,,,
1997074N,11/09/1997,"1,27,37,43,44,47",22,,,,14009130.0,5,,,,,,,
1997075N,15/09/1997,"6,9,14,15,31,47",42,,中秋金多寶,,30416535.0,5,,,,,,,
1997076N,18/09/1997,"5,8,19,28,32,33",44,,,,1773020.0,10,,,,,,,
1997077N,23/09/1997,"9,10,14,30,32,41",37,,,,0.0,0,,,,,,,
1997078N,25/09/1997,"1,15,27,34,42,46",33,,,,0.0,0,,,,,,,
1997079N,30/09/1997,"6,24,28,31,38,45",13,,,,15484420.0,5,,,,,,,
1997080N,04/10/1997,"8,22,24,26,37,43",6,,,,0.0,0,,,,,,,
1997081N,07/10/1997,"8,12,24,26,29,42",6,,,,7814080.0,5,,,,,,,
1997082N,09/10/1997,"5,8,14,25,31,32",18,,,,0.0,0,,,,,,,
1997083N,14/10/1997,"6,11,18,24,27,29",7,,,,0.0,0,,,,,,,
1997084N,16/10/1997,"7,13,21,27,35,41",38,,,,6881935.0,10,,,,,,,
1997085N,21/10/1997,"14,16,24,25,35,38",29,,,,0.0,0,,,,,,,
1997086N,23/10/1997,"14,23,25,29,35,41",8,,,,0.0,0,,,,,,,
1997087N,28/10/1997,"2,4,14,32,34,41",5,,,,15010175.0,5,,,,,,,
1997088N,30/10/1997,"7,15,23,26,29,34",18,,,,0.0,0,,,,,,,
1997089N,03/11/1997,"3,5,24,37,38,45",6,,,,0.0,0,,,,,,,
1997090N,06/11/1997,"14,16,24,25,27,33",47,,,,13463910.0,5,,,,,,,
1997091N,11/11/1997,"7,17,29,35,36,47",44,,,,0.0,0,,,,,,,
1997092N,13/11/1997,"9,18,20,24,37,39",35,,,,26423310.0,5,,,,,,,
1997093N,18/11/1997,"3,12,24,33,40,46",1,,,,0.0,0,,,,,,,
1997094N,20/11/1997,"7,14,30,35,41,42",20,,,,4152300.0,10,,,,,,,
1997095N,25/11/1997,"1,2,5,19,26,40",24,,,,0.0,0,,,,,,,
1997096N,27/11/1997,"8,11,13,40,42,44",36,,,,0.0,0,,,,,,,
1997097N,02/12/1997,"19,22,27,28,29,46",21,,,,17772155.0,5,,,,,,,
1997098N,04/12/1997,"9,13,17,18,22,41",26,,,,0.0,0,,,,,,,
1997099N,09/12/1997,"21,25,36,42,43,45",47,,,,11690160.0,5,,,,,,,
1997100N,11/12/1997,"3,17,21,23,34,37",1,,,,0.0,0,,,,,,,
1997101N,16/12/1997,"4,7,14,20,30,47",9,,,,0.0,0,,,,,,,
1997102N,18/12/1997,"5,8,12,16,40,47",22,,,,19429650.0,5,,,,,,,
1997103N,23/12/1997,"9,13,22,34,36,43",35,,聖誕金多寶,,0.0,0,,,,,,,
1997104N,30/12/1997,"14,19,24,30,36,45",23,,,,38000000.0,5,,,,,,,
1998001N,02/01/1998,"5,10,22,35,37,39",25,,,,12944680.0,10,,,,,,,
1998002N,06/01/1998,"9,15,31,32,41,47",14,,,,5807410.0,5,,,,,,,
1998003N,08/01/1998,"4,8,11,32,33,35",3,,,,2518915.0,10,,,,,,,
1998004N,13/01/1998,"1,25,26,33,43,44",18,,,,5944955.0,5,,,,,,,
1998005N,15/01/1998,"3,4,11,22,27,43",37,,,,0.0,0,,,,,,,
1998006N,20/01/1998,"13,19,25,34,35,45",24,,,,11965350.0,5,,,,,,,
1998007N,22/01/1998,"1,13,20,26,31,45",40,,,,5878995.0,5,,,,,,,
1998008N,26/01/1998,"4,11,22,29,30,45",25,,,,0.0,0,,,,,,,
1998009N,31/01/1998,"9,13,14,16,17,30",39,,,,13146180.0,5,,,,,,,
1998010N,03/02/1998,"3,11,17,25,28,43",26,,新春金多寶,,0.0,0,,,,,,,
1998011N,06/02/1998,"2,8,9,15,17,37",28,,,,37419255.0,10,,,,,,,
1998012N,10/02/1998,"1,6,28,30,31,33",22,,,,0.0,0,,,,,,,
1998013N,12/02/1998,"11,15,24,25,26,32",30,,,,0.0,0,,,,,,,
1998014N,17/02/1998,"29,30,32,35,37,44",21,,,,0.0,0,,,,,,,
1998015N,19/02/1998,"12,19,25,27,32,34",1,,,,38000000.0,5,,,,,,,
1998016N,24/02/1998,"2,19,23,26,27,46",30,,,,0.0,0,,,,,,,
1998017N,26/02/1998,"1,10,12,23,33,42",39,,,,0.0,0,,,,,,,
1998018N,03/03/1998,"1,16,17,20,22,40",34,,,,0.0,0,,,,,,,
1998019N,05/03/1998,"20,22,23,41,43,46",8,,,,12148600.0,20,,,,,,,
1998020N,10/03/1998,"5,22,24,26,29,47",1,,,,0.0,0,,,,,,,
1998021N,12/03/1998,"19,25,30,36,37,40",14,,,,6922225.0,10,,,,,,,
1998022N,17/03/1998,"2,14,15,24,34,43",25,,,,6101615.0,5,,,,,,,
1998023N,19/03/1998,"2,17,19,34,45,47",12,,,,0.0,0,,,,,,,
1998024N,24/03/1998,"1,15,22,28,34,46",14,,,,13826445.0,5,,,,,,,
1998025N,26/03/1998,"5,11,15,18,36,37",39,,,,0.0,0,,,,,,,
1998026N,31/03/1998,"6,7,12,44,45,46",23,,,,0.0,0,,,,,,,
1998027N,02/04/1998,"15,17,19,21,33,37",2,,,,10590640.0,10,,,,,,,
1998028N,07/04/1998,"2,6,16,22,24,31",32,,,,0.0,0,,,,,,,
1998029N,10/04/1998,"7,13,25,28,32,46",17,,,,0.0,0,,,,,,,
1998030N,14/04/1998,"3,7,30,35,38,47",39,,,,21976595.0,10,,,,,,,
1998031N,16/04/1998,"1,22,23,34,42,47",39,,,,0.0,0,,,,,,,
1998032N,21/04/1998,"11,12,20,27,42,45",25,,,,12918895.0,5,,,,,,,
1998033N,23/04/1998,"5,24,26,29,32,38",19,,,,4740255.0,5,,,,,,,
1998034N,28/04/1998,"11,22,23,30,42,45",39,,,,0.0,0,,,,,,,
1998035N,30/04/1998,"4,13,17,23,33,41",9,,,,0.0,0,,,,,,,
1998036N,05/05/1998,"11,24,37,38,43,46",18,,,,0.0,0,,,,,,,
1998037N,07/05/1998,"4,12,19,27,34,39",42,,,,10726875.0,15,,,,,,,
1998038N,12/05/1998,"2,12,15,16,26,30",24,,,,5000520.0,5,,,,,,,
1998039N,14/05/1998,"2,6,24,33,34,39",26,,,,0.0,0,,,,,,,
1998040N,19/05/1998,"13,17,25,26,37,38",16,,,,0.0,0,,,,,,,
1998041N,21/05/1998,"2,7,12,15,28,31",19,,,,0.0,0,,,,,,,
1998042N,26/05/1998,"1,15,18,32,36,43",31,,,,33884605.0,5,,,,,,,
1998043N,29/05/1998,"3,5,7,20,37,46",16,,端午金多寶,,13420875.0,15,,,,,,,
1998044N,02/06/1998,"4,16,19,33,34,47",39,,,,1717605.0,15,,,,,,,
1998045N,04/06/1998,"1,3,7,8,12,39",34,,,,4686545.0,5,,,,,,,
1998046N,09/06/1998,"11,18,23,29,35,39",36,,,,2251080.0,10,,,,,,,
1998047N,11/06/1998,"22,23,24,28,29,39",38,,,,1522035.0,15,,,,,,,
1998048N,16/06/1998,"5,13,18,23,33,41",37,,,,0.0,0,,,,,,,
1998049N,18/06/1998,"3,5,12,29,36,45",40,,,,0.0,0,,,,,,,
1998050N,23/06/1998,"7,19,27,33,35,43",9,,,,18760395.0,5,,,,,,,
1998051N,25/06/1998,"4,5,15,36,38,39",46,,,,0.0,0,,,,,,,
1998052N,27/06/1998,"4,12,13,21,28,42",41,,,,0.0,0,,,,,,,
1998053N,30/06/1998,"2,5,9,29,32,43",47,,,,8529230.0,10,,,,,,,
1998054N,02/07/1998,"11,25,31,35,44,47",30,,,,30574965.0,5,,,,,,,
1998055N,04/07/1998,"4,29,30,35,43,45",25,,,,0.0,0,,,,,,,
1998056N,07/07/1998,"1,6,22,30,32,45",16,,,,9963025.0,5,,,,,,,
1998057N,09/07/1998,"9,20,22,28,39,45",19,,,,0.0,0,,,,,,,
1998058N,11/07/1998,"3,8,12,28,35,39",37,,,,4567360.0,10,,,,,,,
1998059N,14/07/1998,"5,8,12,23,24,44",31,,,,4540505.0,5,,,,,,,
1998060N,16/07/1998,"2,13,24,25,26,27",23,,,,3765825.0,5,,,,,,,
1998061N,18/07/1998,"20,22,30,32,35,36",33,,,,0.0,0,,,,,,,
1998062N,21/07/1998,"2,3,22,24,25,41",27,,,,0.0,0,,,,,,,
1998063N,23/07/1998,"1,3,5,14,18,23",25,,,,0.0,0,,,,,,,
1998064N,25/07/1998,"3,17,24,34,35,40",15,,,,0.0,0,,,,,,,
1998065N,28/07/1998,"1,16,28,32,36,38",14,,,,34360855.0,5,,,,,,,
1998066N,30/07/1998,"16,22,25,26,40,46",44,,,,0.0,0,,,,,,,
1998067N,01/08/1998,"2,15,21,28,36,41",3,,,,0.0,0,,,,,,,
1998068N,04/08/1998,"1,14,27,31,35,42",5,,,,0.0,0,,,,,,,
1998069N,06/08/1998,"16,17,26,30,34,35",13,,,,26202675.0,5,,,,,,,
1998070N,08/08/1998,"12,15,17,29,46,47",23,,,,19086200.0,5,,,,,,,
1998071N,11/08/1998,"10,15,18,35,38,39",12,,,,0.0,0,,,,,,,
1998072N,13/08/1998,"18,19,20,23,43,47",40,,,,11717545.0,5,,,,,,,
1998073N,15/08/1998,"27,28,40,42,43,47",34,,,,0.0,0,,,,,,,
1998074N,18/08/1998,"4,7,14,18,19,34",20,,,,10213585.0,5,,,,,,,
1998075N,20/08/1998,"14,21,23,39,42,46",37,,,,0.0,0,,,,,,,
1998076N,22/08/1998,"1,12,15,17,21,22",29,,,,0.0,0,,,,,,,
1998077N,25/08/1998,"5,24,33,34,36,44",42,,,,20935105.0,5,,,,,,,
1998078N,27/08/1998,"2,17,20,22,29,33",25,,,,0.0,0,,,,,,,
1998079N,29/08/1998,"6,8,13,35,45,47",9,,,,0.0,0,,,,,,,
1998080N,01/09/1998,"5,11,14,26,31,40",13,,,,0.0,0,,,,,,,
1998081N,03/09/1998,"8,9,12,23,26,34",47,,,,12789390.0,10,,,,,,,
1998082N,08/09/1998,"4,5,12,40,44,46",35,,,,0.0,0,,,,,,,
1998083N,10/09/1998,"4,12,39,41,42,43",31,,,,0.0,0,,,,,,,
1998084N,15/09/1998,"3,14,15,21,32,37",29,,,,20773160.0,5,,,,,,,
1998085N,17/09/1998,"12,17,19,31,37,38",20,,,,0.0,0,,,,,,,
1998086N,22/09/1998,"5,20,22,30,31,33",19,,,,0.0,0,,,,,,,
1998087N,24/09/1998,"11,15,17,19,39,47",28,,,,18816105.0,5,,,,,,,
1998088N,29/09/1998,"3,8,9,17,27,44",25,,,,0.0,0,,,,,,,
1998089N,06/10/1998,"9,18,21,31,40,47",34,,中秋金多寶,,38000000.0,5,,,,,,,
1998090N,08/10/1998,"11,12,30,37,41,45",2,,,,11251915.0,5,,,,,,,
1998091N,13/10/1998,"1,8,15,27,38,40",14,,,,0.0,0,,,,,,,
1998092N,15/10/1998,"4,5,6,17,34,37",2,,,,5782725.0,10,,,,,,,
1998093N,20/10/1998,"1,11,18,19,21,34",12,,,,0.0,0,,,,,,,
1998094N,22/10/1998,"2,13,14,20,28,43",31,,,,11265445.0,5,,,,,,,
1998095N,27/10/1998,"7,11,25,33,34,42",45,,,,0.0,0,,,,,,,
1998096N,29/10/1998,"18,28,29,31,35,40",34,,,,0.0,0,,,,,,,
1998097N,02/11/1998,"10,22,26,27,32,41",13,,,,0.0,0,,,,,,,
1998098N,05/11/1998,"2,9,24,27,30,32",19,,,,36526700.0,5,,,,,,,
1998099N,10/11/1998,"29,34,36,42,44,45",26,,,,0.0,0,,,,,,,
1998100N,12/11/1998,"19,23,31,42,45,46",8,,,,0.0,0,,,,,,,
1998101N,17/11/1998,"1,7,23,32,33,38",41,,,,11379815.0,10,,,,,,,
1998102N,19/11/1998,"1,5,6,7,8,13",32,,,,4259430.0,20,,,,,,,
1998103N,24/11/1998,"10,17,23,34,40,41",24,,,,0.0,0,,,,,,,
1998104N,26/11/1998,"1,6,8,10,32,41",38,,,,0.0,0,,,,,,,
1998105N,01/12/1998,"1,11,26,33,34,36",16,,,,0.0,0,,,,,,,
1998106N,03/12/1998,"4,6,7,32,44,47",37,,,,31399865.0,5,,,,,,,
1998107N,08/12/1998,"8,13,31,33,35,41",47,,,,0.0,0,,,,,,,
1998108N,10/12/1998,"4,13,27,30,42,43",5,,,,0.0,0,,,,,,,
1998109N,15/12/1998,"3,7,33,34,35,40",16,,,,0.0,0,,,,,,,
1998110N,17/12/1998,"11,12,15,26,38,47",25,,,,15736450.0,10,,,,,,,
1998111N,21/12/1998,"4,12,22,24,27,39",18,,,,0.0,0,,,,,,,
1998112N,24/12/1998,"6,25,30,38,39,41",5,,聖誕金多寶,,38000000.0,5,,,,,,,
1998113N,29/12/1998,"9,17,25,27,28,44",13,,,,0.0,0,,,,,,,
1998114N,31/12/1998,"4,11,30,31,33,40",9,,,,9413740.0,10,,,,,,,
1999001N,05/01/1999,"1,12,19,25,26,38",47,,,,2444085.0,10,,,,,,,
1999002N,07/01/1999,"8,18,32,33,38,45",41,,,,4855615.0,5,,,,,,,
1999003N,12/01/1999,"2,8,10,16,34,40",13,,,,5222060.0,5,,,,,,,
1999004N,14/01/1999,"22,28,31,32,33,35",27,,,,0.0,0,,,,,,,
1999005N,19/01/1999,"8,11,20,22,30,47",15,,,,0.0,0,,,,,,,
1999006N,21/01/1999,"22,28,34,36,39,46",40,,,,0.0,0,,,,,,,
1999007N,26/01/1999,"6,8,16,20,32,36",1,,,,31589580.0,5,,,,,,,
1999008N,28/01/1999,"14,17,18,30,38,39",6,,,,0.0,0,,,,,,,
1999009N,02/02/1999,"13,17,27,42,43,44",34,,,,0.0,0,,,,,,,
1999010N,04/02/1999,"7,12,22,24,38,45",35,,,,0.0,0,,,,,,,
1999011N,09/02/1999,"4,7,18,22,29,36",28,,,,7879170.0,20,,,,,,,
1999012N,12/02/1999,"4,11,23,32,33,45",12,,新春金多寶,,24883415.0,10,,,,,,,
1999013N,20/02/1999,"4,5,25,37,46,47",33,,,,0.0,0,,,,,,,
1999014N,23/02/1999,"2,13,19,29,33,39",11,,,,2718040.0,25,,,,,,,
1999015N,25/02/1999,"1,6,11,13,17,19",42,,,,5338145.0,5,,,,,,,
1999016N,02/03/1999,"8,11,21,23,32,33",36,,,,7831815.0,5,,,,,,,
1999017N,04/03/1999,"2,3,8,18,29,38",21,,,,752655.0,20,,,,,,,
1999018N,09/03/1999,"5,9,38,39,45,46",23,,,,0.0,0,,,,,,,
1999019N,11/03/1999,"2,3,5,11,20,21",8,,,,10506105.0,5,,,,,,,
1999020N,16/03/1999,"10,20,25,31,36,46",29,,,,3252825.0,10,,,,,,,
1999021N,18/03/1999,"15,23,25,27,30,44",43,,,,0.0,0,,,,,,,
1999022N,23/03/1999,"2,18,22,25,26,31",43,,,,0.0,0,,,,,,,
1999023N,25/03/1999,"5,25,31,36,44,45",42,,,,0.0,0,,,,,,,
1999024N,30/03/1999,"11,13,15,20,33,45",35,,,,0.0,0,,,,,,,
1999025N,01/04/1999,"12,13,28,31,33,42",10,,,,38000000.0,5,,,,,,,
1999026N,06/04/1999,"7,12,15,17,19,37",27,,,,7956200.0,5,,,,,,,
1999027N,09/04/1999,"5,8,10,28,30,41",36,,,,9784505.0,10,,,,,,,
1999028N,13/04/1999,"7,12,17,26,35,36",33,,,,0.0,0,,,,,,,
1999029N,15/04/1999,"3,7,8,10,25,41",2,,,,4612290.0,10,,,,,,,
1999030N,20/04/1999,"9,11,15,16,19,40",47,,,,0.0,0,,,,,,,
1999031N,22/04/1999,"4,5,26,28,36,41",47,,,,0.0,0,,,,,,,
1999032N,27/04/1999,"5,13,31,33,37,39",34,,,,0.0,0,,,,,,,
1999033N,29/04/1999,"12,16,22,32,37,44",7,,,,0.0,0,,,,,,,
1999034N,04/05/1999,"11,17,21,28,35,38",3,,,,8761040.0,25,,,,,,,
1999035N,06/05/1999,"1,4,11,18,23,45",7,,,,3240670.0,5,,,,,,,
1999036N,11/05/1999,"8,10,13,21,28,40",7,,,,0.0,0,,,,,,,
1999037N,13/05/1999,"6,7,27,36,41,44",5,,,,0.0,0,,,,,,,
1999038N,18/05/1999,"19,21,26,33,37,42",40,,,,6153375.0,15,,,,,,,
1999039N,20/05/1999,"3,8,9,11,17,32",14,,,,0.0,0,,,,,,,
1999040N,25/05/1999,"5,13,22,28,34,39",14,,,,2324375.0,20,,,,,,,
1999041N,27/05/1999,"9,12,25,33,37,41",28,,,,4054435.0,5,,,,,,,
1999042N,01/06/1999,"8,12,16,17,20,26",21,,,,0.0,0,,,,,,,
1999043N,03/06/1999,"8,15,17,22,25,39",36,,,,0.0,0,,,,,,,
1999044N,08/06/1999,"16,17,26,29,31,46",24,,,,0.0,0,,,,,,,
1999045N,10/06/1999,"5,23,33,37,44,47",29,,,,0.0,0,,,,,,,
1999046N,15/06/1999,"3,6,14,26,29,31",45,,端午金多寶,,16078500.0,20,,,,,,,
1999047N,17/06/1999,"14,19,26,34,43,44",12,,,,0.0,0,,,,,,,
1999048N,22/06/1999,"6,11,14,22,38,40",18,,,,9845655.0,5,,,,,,,
1999049N,24/06/1999,"4,11,24,25,38,39",43,,,,2503430.0,10,,,,,,,
1999050N,29/06/1999,"9,14,19,23,33,39",10,,,,4430695.0,5,,,,,,,
1999051N,03/07/1999,"8,18,26,42,44,47",32,,,,15320920.0,10,,,,,,,
1999052N,06/07/1999,"1,5,11,14,17,18",26,,,,3387080.0,5,,,,,,,
1999053N,08/07/1999,"4,7,29,35,45,46",8,,,,4290470.0,5,,,,,,,
1999054N,10/07/1999,"2,5,7,13,30,33",26,,,,0.0,0,,,,,,,
1999055N,13/07/1999,"16,19,26,43,44,47",21,,,,0.0,0,,,,,,,
1999056N,15/07/1999,"7,8,31,32,33,46",45,,,,0.0,0,,,,,,,
1999057N,17/07/1999,"22,35,39,41,46,47",27,,,,0.0,0,,,,,,,
1999058N,20/07/1999,"8,17,27,31,36,43",11,,,,0.0,0,,,,,,,
1999059N,22/07/1999,"6,12,18,22,25,38",35,,,,19016235.0,10,,,,,,,
1999060N,24/07/1999,"7,8,16,31,35,45",32,,,,0.0,0,,,,,,,
1999061N,27/07/1999,"15,22,25,26,35,47",19,,,,7822040.0,5,,,,,,,
1999062N,29/07/1999,"8,14,25,27,36,38",44,,,,0.0,0,,,,,,,
1999063N,31/07/1999,"13,19,23,28,35,40",43,,,,4546650.0,10,,,,,,,
1999064N,03/08/1999,"4,13,20,29,35,37",34,,,,4431255.0,5,,,,,,,
1999065N,05/08/1999,"2,6,12,18,19,31",14,,,,3572405.0,5,,,,,,,
1999066N,07/08/1999,"18,21,23,24,28,39",6,,,,0.0,0,,,,,,,
1999067N,10/08/1999,"9,13,16,29,31,32",10,,,,23422555.0,5,,,,,,,
1999068N,12/08/1999,"7,15,16,24,44,47",22,,,,4221425.0,5,,,,,,,
1999069N,14/08/1999,"5,15,24,37,41,44",22,,,,4108255.0,5,,,,,,,
1999070N,17/08/1999,"13,16,31,34,36,45",40,,,,0.0,0,,,,,,,
1999071N,19/08/1999,"8,11,25,28,29,42",34,,,,3517520.0,15,,,,,,,
1999072N,21/08/1999,"11,17,25,31,38,40",5,,,,0.0,0,,,,,,,
1999073N,24/08/1999,"11,12,13,26,28,43",34,,,,7961575.0,5,,,,,,,
1999074N,26/08/1999,"4,6,20,29,30,36",27,,,,2076215.0,10,,,,,,,
1999075N,28/08/1999,"7,10,21,35,41,42",38,,,,0.0,0,,,,,,,
1999076N,31/08/1999,"6,14,27,29,33,44",24,,,,8497365.0,5,,,,,,,
1999077N,02/09/1999,"6,14,17,18,34,47",12,,,,4108350.0,5,,,,,,,
1999078N,07/09/1999,"4,10,30,43,45,46",27,,,,0.0,0,,,,,,,
1999079N,09/09/1999,"1,8,12,15,38,42",31,,,,9280340.0,5,,,,,,,
1999080N,14/09/1999,"19,22,24,28,30,34",36,,,,4003235.0,5,,,,,,,
1999081N,21/09/1999,"4,15,17,38,42,47",25,,中秋金多寶,,33255065.0,5,,,,,,,
1999082N,23/09/1999,"5,17,26,32,44,46",38,,,,0.0,0,,,,,,,
1999083N,28/09/1999,"5,6,21,24,43,45",33,,,,0.0,0,,,,,,,
1999084N,30/09/1999,"2,12,18,27,36,38",15,,,,7522170.0,10,,,,,,,
1999085N,05/10/1999,"3,13,41,44,45,47",9,,,,4704100.0,5,,,,,,,
1999086N,07/10/1999,"3,7,8,28,33,41",46,,,,0.0,0,,,,,,,
1999087N,12/10/1999,"7,18,26,31,33,36",6,,,,0.0,0,,,,,,,
1999088N,14/10/1999,"6,17,23,33,36,39",9,,,,13597280.0,5,,,,,,,
1999089N,19/10/1999,"1,16,27,30,37,41",42,,,,4145420.0,5,,,,,,,
1999090N,21/10/1999,"7,15,23,25,32,34",6,,,,3745750.0,5,,,,,,,
1999091N,26/10/1999,"2,19,30,42,44,46",33,,,,0.0,0,,,,,,,
1999092N,28/10/1999,"14,15,17,28,41,44",35,,,,0.0,0,,,,,,,
1999093N,01/11/1999,"3,13,20,29,35,42",23,,,,0.0,0,,,,,,,
1999094N,05/11/1999,"2,8,30,33,36,42",34,,,,0.0,0,,,,,,,
1999095N,09/11/1999,"1,30,31,32,37,42",17,,,,5849930.0,30,,,,,,,
1999096N,11/11/1999,"6,9,20,21,30,35",13,,,,0.0,0,,,,,,,
1999097N,16/11/1999,"5,9,10,18,28,38",4,,,,7660705.0,5,,,,,,,
1999098N,19/11/1999,"5,9,19,25,27,47",44,,,,19206710.0,5,,,,,,,
1999099N,23/11/1999,"13,15,21,27,40,45",46,,,,0.0,0,,,,,,,
1999100N,25/11/1999,"2,7,8,9,17,29",24,,,,8297790.0,5,,,,,,,
1999101N,30/11/1999,"6,7,23,28,45,47",30,,,,0.0,0,,,,,,,
1999102N,02/12/1999,"8,14,15,17,33,39",6,,,,0.0,0,,,,,,,
1999103N,07/12/1999,"24,31,33,39,40,47",3,,,,0.0,0,,,,,,,
1999104N,09/12/1999,"1,3,5,9,20,31",15,,,,10932095.0,10,,,,,,,
1999105N,14/12/1999,"3,14,15,21,23,31",38,,,,0.0,0,,,,,,,
1999106N,16/12/1999,"4,16,19,39,46,47",38,,,,0.0,0,,,,,,,
1999107N,21/12/1999,"1,9,26,43,45,46",38,,,,16655805.0,5,,,,,,,
1999108N,23/12/1999,"12,24,30,31,32,41",28,,,,1774445.0,10,,,,,,,
1999109N,28/12/1999,"10,14,16,26,29,40",21,,,,0.0,0,,,,,,,
1999110N,30/12/1999,"19,20,28,38,43,44",35,,,,0.0,0,,,,,,,
2000001N,04/01/2000,"6,21,24,27,35,39",44,,,,15719580.0,15,,,,,,,
2000002N,06/01/2000,"8,21,23,25,31,36",11,,,,0.0,0,,,,,,,
2000003N,11/01/2000,"1,5,18,19,25,44",14,,,,11174305.0,5,,,,,,,
2000004N,13/01/2000,"10,25,27,28,39,47",13,,,,0.0,0,,,,,,,
2000005N,18/01/2000,"8,30,32,36,37,38",10,,,,10812090.0,5,,,,,,,
2000006N,20/01/2000,"13,25,27,36,40,45",12,,,,1666665.0,15,,,,,,,
2000007N,25/01/2000,"3,5,10,12,31,39",40,,,,0.0,0,,,,,,,
2000008N,27/01/2000,"10,17,28,33,38,46",41,,,,10450030.0,5,,,,,,,
2000009N,01/02/2000,"4,14,25,29,38,44",23,,新春金多寶,,22573230.0,10,,,,,,,
2000010N,03/02/2000,"1,7,13,17,23,42",37,,,,5000000.0,5,,,,,,,
2000011N,08/02/2000,"2,20,21,23,28,32",4,,,,2500000.0,10,,,,,,,
2000012N,10/02/2000,"2,29,32,42,44,47",40,,,,0.0,0,,,,,,,
2000013N,15/02/2000,"4,14,17,21,36,45",10,,,,0.0,0,,,,,,,
2000014N,17/02/2000,"1,8,13,18,33,47",35,,,,8574190.0,10,,,,,,,
2000015N,22/02/2000,"10,18,26,27,39,47",23,,,,5190470.0,5,,,,,,,
2000016N,24/02/2000,"5,22,25,33,43,47",10,,,,5000000.0,5,,,,,,,
2000017N,29/02/2000,"1,3,11,15,23,40",22,,,,0.0,0,,,,,,,
2000018N,02/03/2000,"11,12,13,14,35,44",19,,,,10421005.0,5,,,,,,,
2000019N,07/03/2000,"2,15,18,34,38,39",13,,,,5167585.0,5,,,,,,,
2000020N,09/03/2000,"16,17,29,30,34,39",20,,,,0.0,0,,,,,,,
2000021N,14/03/2000,"10,28,32,34,42,45",23,,,,10590290.0,5,,,,,,,
2000022N,16/03/2000,"20,21,39,40,44,45",9,,,,2500000.0,10,,,,,,,
2000023N,21/03/2000,"10,19,25,27,31,44",40,,,,2778110.0,10,,,,,,,
2000024N,23/03/2000,"3,6,11,14,27,28",19,,,,2500000.0,10,,,,,,,
2000025N,28/03/2000,"12,15,18,24,29,35",14,,,,2500000.0,10,,,,,,,
2000026N,30/03/2000,"5,28,29,31,42,46",38,,,,5000000.0,5,,,,,,,
2000027N,03/04/2000,"5,20,23,28,38,45",17,,,,5000000.0,5,,,,,,,
2000028N,06/04/2000,"2,9,12,20,41,46",25,,,,0.0,0,,,,,,,
2000029N,11/04/2000,"2,13,18,33,43,44",1,,,,5389025.0,10,,,,,,,
2000030N,13/04/2000,"3,7,16,21,34,41",32,,,,5000000.0,5,,,,,,,
2000031N,18/04/2000,"13,18,25,28,36,44",3,,,,17344980.0,5,,,,,,,
2000032N,20/04/2000,"4,20,25,30,35,38",15,,,,0.0,0,,,,,,,
2000033N,25/04/2000,"3,8,13,23,33,41",47,,,,0.0,0,,,,,,,
2000034N,27/04/2000,"8,26,35,38,40,41",4,,,,0.0,0,,,,,,,
2000035N,02/05/2000,"19,20,29,34,41,45",37,,,,19753885.0,5,,,,,,,
2000036N,04/05/2000,"1,11,25,35,39,46",2,,,,0.0,0,,,,,,,
2000037N,09/05/2000,"4,5,8,9,18,46",37,,,,0.0,0,,,,,,,
2000038N,12/05/2000,"1,12,21,22,26,32",31,,,,0.0,0,,,,,,,
2000039N,16/05/2000,"3,6,7,19,27,44",43,,,,0.0,0,,,,,,,
2000040N,18/05/2000,"14,15,19,41,45,46",44,,,,37692755.0,5,,,,,,,
2000041N,23/05/2000,"24,30,33,38,41,46",8,,,,0.0,0,,,,,,,
2000042N,25/05/2000,"5,6,9,11,25,40",43,,,,9952160.0,5,,,,,,,
2000043N,30/05/2000,"8,9,15,23,32,38",36,,,,3312590.0,10,,,,,,,
2000044N,01/06/2000,"19,30,31,39,40,41",42,,,,5000000.0,5,,,,,,,
2000045N,06/06/2000,"17,18,20,28,31,41",21,,,,2500000.0,10,,,,,,,
2000046N,09/06/2000,"1,8,15,19,29,36",33,,端午金多寶,,14690000.0,10,,,,,,,
2000047N,13/06/2000,"7,9,28,32,33,34",46,,,,5000000.0,5,,,,,,,
2000048N,15/06/2000,"5,6,24,33,36,45",1,,,,2500000.0,10,,,,,,,
2000049N,20/06/2000,"4,13,24,27,39,41",34,,,,5000000.0,5,,,,,,,
2000050N,22/06/2000,"6,19,24,28,32,47",27,,,,0.0,0,,,,,,,
2000051N,27/06/2000,"22,29,31,35,36,44",3,,,,0.0,0,,,,,,,
2000052N,29/06/2000,"7,17,21,24,26,46",11,,,,0.0,0,,,,,,,
2000053N,01/07/2000,"3,4,13,21,29,38",34,,,,38000000.0,5,,,,,,,
2000054N,04/07/2000,"8,11,13,19,25,42",29,,,,0.0,0,,,,,,,
2000055N,06/07/2000,"10,12,14,28,32,46",31,,,,0.0,0,,,,,,,
2000056N,08/07/2000,"7,10,12,15,33,36",38,,,,24692795.0,5,,,,,,,
2000057N,11/07/2000,"12,13,25,29,32,46",18,,,,0.0,0,,,,,,,
2000058N,13/07/2000,"5,13,24,25,31,33",2,,,,9655755.0,5,,,,,,,
2000059N,15/07/2000,"6,8,22,31,36,39",30,,,,5000000.0,5,,,,,,,
2000060N,18/07/2000,"6,18,23,26,32,33",11,,,,2500000.0,5,,,,,,,
2000061N,20/07/2000,"6,8,9,16,17,20",36,,,,5000000.0,5,,,,,,,
2000062N,22/07/2000,"5,6,8,19,23,42",36,,,,5000000.0,5,,,,,,,
2000063N,25/07/2000,"14,30,33,34,39,41",9,,,,0.0,0,,,,,,,
2000064N,27/07/2000,"27,28,33,36,45,46",4,,,,0.0,0,,,,,,,
2000065N,29/07/2000,"21,30,35,36,40,43",22,,,,0.0,0,,,,,,,
2000066N,01/08/2000,"5,14,20,25,39,41",16,,,,11562745.0,10,,,,,,,
2000067N,03/08/2000,"4,15,18,19,38,40",36,,,,0.0,0,,,,,,,
2000068N,05/08/2000,"1,7,11,17,18,25",44,,,,4353570.0,10,,,,,,,
2000069N,08/08/2000,"4,9,19,23,29,44",36,,,,1666665.0,15,,,,,,,
2000070N,10/08/2000,"1,15,30,34,37,40",33,,,,0.0,0,,,,,,,
2000071N,13/08/2000,"12,19,21,26,30,39",28,,25周年金多寶,,9149415.0,25,,,,,,,
2000072N,15/08/2000,"15,17,18,22,30,47",8,,,,5000000.0,5,,,,,,,
2000073N,17/08/2000,"7,12,17,27,30,33",32,,,,5000000.0,5,,,,,,,
2000074N,19/08/2000,"3,4,16,25,31,33",36,,,,0.0,0,,,,,,,
2000075N,22/08/2000,"4,6,18,23,24,46",7,,,,9644920.0,5,,,,,,,
2000076N,24/08/2000,"19,22,23,32,44,45",3,,,,0.0,0,,,,,,,
2000077N,26/08/2000,"4,13,17,28,45,46",31,,,,0.0,0,,,,,,,
2000078N,29/08/2000,"4,6,8,10,12,25",16,,,40484131.0,3064275.0,20,47975.0,115,9000.0,4500.0,300.0,150.0,
2000079N,31/08/2000,"12,16,24,27,41,46",4,,,27522903.0,5000000.0,5,866760.0,10,55995.0,4500.0,300.0,150.0,
2000080N,05/09/2000,"22,23,24,25,32,43",39,,,32077579.0,0.0,0,0.0,0,28950.0,4500.0,300.0,150.0,
2000081N,08/09/2000,"6,7,28,29,30,45",26,,中秋金多寶,84780712.0,0.0,0,448395.0,52,29990.0,4500.0,300.0,150.0,
2000082N,12/09/2000,"15,17,23,27,31,43",6,,,97659965.0,0.0,0,640615.0,45,45285.0,4500.0,300.0,150.0,
2000083N,16/09/2000,"16,20,21,24,26,28",9,,,141847831.0,0.0,0,471600.0,80,27235.0,4500.0,300.0,150.0,
2000084N,19/09/2000,"6,12,15,35,38,39",47,,,162687385.0,0.0,0,1033135.0,50,42140.0,4500.0,300.0,150.0,
2000085N,22/09/2000,"9,15,24,29,32,34",6,,,228373841.0,25040825.0,25,624655.0,105,40420.0,4500.0,300.0,150.0,
2000086N,26/09/2000,"1,13,15,24,38,44",28,,,34755347.0,5107205.0,5,2150400.0,5,74485.0,4500.0,300.0,150.0,
2000087N,28/09/2000,"3,15,17,30,33,46",1,,,32870613.0,0.0,0,978780.0,10,51160.0,4500.0,300.0,150.0,
2000088N,03/10/2000,"2,3,9,33,40,41",26,,,38613531.0,5264390.0,10,1163955.0,10,38910.0,4500.0,300.0,150.0,
2000089N,05/10/2000,"13,15,37,39,42,43",22,,,31917853.0,0.0,0,1002295.0,10,58210.0,4500.0,300.0,150.0,
2000090N,10/10/2000,"10,17,19,26,30,44",14,,,41760455.0,0.0,0,1235545.0,10,48995.0,4500.0,300.0,150.0,
2000091N,12/10/2000,"22,30,32,35,38,47",11,,,43848291.0,0.0,0,896420.0,15,55225.0,4500.0,300.0,150.0,
2000092N,17/10/2000,"2,9,12,18,41,44",24,,,57055951.0,25157330.0,5,475275.0,35,42135.0,4500.0,300.0,150.0,
2000093N,19/10/2000,"3,8,9,17,34,36",38,,,30005807.0,2500000.0,10,240335.0,30,21000.0,4500.0,300.0,150.0,
2000094N,24/10/2000,"2,4,10,16,25,43",38,,,33616588.0,0.0,0,993250.0,10,43595.0,4500.0,300.0,150.0,
2000095N,26/10/2000,"9,16,22,26,30,47",10,,,33819557.0,0.0,0,638415.0,15,45355.0,4500.0,300.0,150.0,
2000096N,31/10/2000,"1,14,26,27,40,42",17,,,46073142.0,0.0,0,560000.0,25,55135.0,4500.0,300.0,150.0,
2000097N,02/11/2000,"5,6,16,21,25,33",19,,,50292595.0,22670610.0,5,681245.0,20,32775.0,4500.0,300.0,150.0,
2000098N,06/11/2000,"6,9,10,23,35,36",5,,,25550191.0,0.0,0,1184140.0,5,21680.0,4500.0,300.0,150.0,
2000099N,09/11/2000,"3,11,22,29,34,39",46,,,40743195.0,10613920.0,5,787915.0,15,35390.0,4500.0,300.0,150.0,
2000100N,14/11/2000,"9,10,14,34,40,44",45,,,33547972.0,0.0,0,2043215.0,5,44500.0,4500.0,300.0,150.0,
2000101N,16/11/2000,"5,10,11,24,31,33",36,,,36473436.0,4846485.0,10,658660.0,15,33025.0,4500.0,300.0,150.0,
2000102N,21/11/2000,"3,11,14,26,39,44",2,,,31634607.0,2606010.0,10,1303005.0,5,45120.0,4500.0,300.0,150.0,
2000103N,23/11/2000,"4,22,24,30,33,41",5,,,28915838.0,0.0,0,237625.0,35,40870.0,4500.0,300.0,150.0,
2000104N,28/11/2000,"6,7,9,14,29,33",47,,,37109734.0,0.0,0,1037785.0,10,31240.0,4500.0,300.0,150.0,
2000105N,30/11/2000,"1,4,9,18,19,23",45,,,40569493.0,3744395.0,20,425100.0,25,16120.0,4500.0,300.0,150.0,
2000106N,05/12/2000,"1,2,8,9,20,47",25,,,32413176.0,0.0,0,396210.0,20,19470.0,4500.0,300.0,150.0,
2000107N,07/12/2000,"5,11,23,24,39,41",3,,,37075454.0,0.0,0,487870.0,20,32810.0,4500.0,300.0,150.0,
2000108N,12/12/2000,"8,16,21,24,32,44",30,,,43598073.0,15614660.0,5,1258920.0,10,33355.0,4500.0,300.0,150.0,
2000109N,14/12/2000,"10,19,24,33,35,36",39,,,28677710.0,0.0,0,539695.0,15,36365.0,4500.0,300.0,150.0,
2000110N,19/12/2000,"1,4,11,22,30,39",35,,聖誕金多寶,96123174.0,21540060.0,10,550740.0,50,33445.0,4500.0,300.0,150.0,
2000111N,22/12/2000,"4,12,14,26,27,35",25,,,28975622.0,0.0,0,170325.0,45,34430.0,4500.0,300.0,150.0,
2000112N,28/12/2000,"5,34,37,39,42,43",4,,,43942203.0,0.0,0,1368380.0,10,51425.0,4500.0,300.0,150.0,
2001001N,02/01/2001,"13,20,35,38,44,45",5,,,48712177.0,0.0,0,977815.0,15,51110.0,4500.0,300.0,150.0,
2001002N,04/01/2001,"6,16,18,19,29,37",25,,,59576659.0,13211530.0,10,478570.0,35,34275.0,4500.0,300.0,150.0,
2001003N,09/01/2001,"2,9,14,26,35,39",11,,,35739758.0,5000000.0,5,199745.0,40,24830.0,4500.0,300.0,150.0,
2001004N,11/01/2001,"3,8,11,14,24,41",30,,,31502741.0,5000000.0,5,173375.0,45,25285.0,4500.0,300.0,150.0,
2001005N,16/01/2001,"5,12,15,30,43,44",19,,,35085606.0,0.0,0,691200.0,15,45505.0,4500.0,300.0,150.0,
2001006N,19/01/2001,"10,20,35,43,45,46",28,,新春金多寶,121811537.0,38000000.0,5,554705.0,65,49360.0,4500.0,300.0,150.0,
2001007N,22/01/2001,"4,21,22,37,42,45",9,,,47509368.0,0.0,0,1435220.0,10,47425.0,4500.0,300.0,150.0,
2001008N,30/01/2001,"4,27,38,42,43,47",19,,,73127039.0,10545495.0,15,1125530.0,20,51160.0,4500.0,300.0,150.0,
2001009N,01/02/2001,"11,18,24,30,34,37",23,,,33251641.0,0.0,0,483200.0,20,39915.0,4500.0,300.0,150.0,
2001010N,06/02/2001,"8,28,29,45,46,47",13,,,44540538.0,5617240.0,10,875010.0,15,28370.0,4500.0,300.0,150.0,
2001011N,08/02/2001,"7,12,13,17,36,42",27,,,32203926.0,5000000.0,5,341865.0,25,36950.0,4500.0,300.0,150.0,
2001012N,13/02/2001,"9,12,14,22,29,43",8,,,34666881.0,0.0,0,626585.0,15,45410.0,4500.0,300.0,150.0,
2001013N,15/02/2001,"18,21,23,28,30,32",1,,,37523940.0,2517005.0,20,633500.0,15,25045.0,4500.0,300.0,150.0,
2001014N,20/02/2001,"5,9,18,20,41,44",14,,,34444200.0,0.0,0,0.0,0,48915.0,4500.0,300.0,150.0,
2001015N,22/02/2001,"2,11,16,29,40,46",47,,,40790300.0,0.0,0,844510.0,15,47920.0,4500.0,300.0,150.0,
2001016N,27/02/2001,"1,10,24,25,43,47",34,,,50610274.0,0.0,0,441005.0,35,50715.0,4500.0,300.0,150.0,
2001017N,01/03/2001,"1,13,18,37,39,40",34,,,56506090.0,0.0,0,881150.0,20,59960.0,4500.0,300.0,150.0,
2001018N,06/03/2001,"9,19,20,28,29,35",15,,,82114342.0,19131900.0,10,250055.0,80,19760.0,4500.0,300.0,150.0,
2001019N,08/03/2001,"8,13,20,27,37,38",45,,,31000927.0,5000000.0,5,295675.0,30,33775.0,4500.0,300.0,150.0,
2001020N,13/03/2001,"7,19,26,36,37,42",33,,,35160545.0,1666665.0,15,623190.0,15,16740.0,4500.0,300.0,150.0,
2001021N,15/03/2001,"3,8,9,26,31,43",23,,,28543375.0,0.0,0,727580.0,10,32680.0,4500.0,300.0,150.0,
2001022N,20/03/2001,"11,18,20,26,28,47",10,,,39391930.0,5048730.0,10,268285.0,40,31160.0,4500.0,300.0,150.0,
2001023N,22/03/2001,"9,11,13,23,30,44",32,,,29706731.0,0.0,0,1676825.0,5,47730.0,4500.0,300.0,150.0,
2001024N,27/03/2001,"5,9,19,32,39,45",13,,,38622116.0,3355600.0,15,213335.0,50,24530.0,4500.0,300.0,150.0,
2001025N,29/03/2001,"4,7,10,11,21,45",38,,,29436825.0,0.0,0,577410.0,14,29270.0,4500.0,300.0,150.0,
2001026N,03/04/2001,"7,10,25,27,33,41",19,,,39044700.0,0.0,0,566150.0,20,53365.0,4500.0,300.0,150.0,
2001027N,06/04/2001,"14,33,36,37,39,44",40,,,45556774.0,0.0,0,308460.0,45,51825.0,4500.0,300.0,150.0,
2001028N,10/04/2001,"3,12,15,18,23,34",42,,復活節金多寶,88382963.0,38000000.0,5,542620.0,45,30585.0,4500.0,300.0,150.0,
2001029N,12/04/2001,"12,15,27,36,37,46",22,,,43265226.0,16853415.0,5,1322740.0,10,52090.0,4500.0,300.0,150.0,
2001030N,17/04/2001,"4,6,28,30,36,39",10,,,30672842.0,0.0,0,430570.0,20,44210.0,4500.0,300.0,150.0,
2001031N,19/04/2001,"5,7,18,19,46,47",43,,,37323160.0,0.0,0,1105270.0,10,34350.0,4500.0,300.0,150.0,
2001032N,24/04/2001,"14,18,26,27,33,41",35,,,45382086.0,0.0,0,906715.0,15,55860.0,4500.0,300.0,150.0,
2001033N,26/04/2001,"1,14,21,36,42,46",26,,,48042300.0,0.0,0,369315.0,40,63865.0,4500.0,300.0,150.0,
2001034N,01/05/2001,"8,19,25,32,41,46",27,,,52253888.0,10468175.0,15,1077490.0,15,47170.0,4500.0,300.0,150.0,
2001035N,03/05/2001,"3,20,28,37,41,42",9,,,30682873.0,0.0,0,449870.0,20,52255.0,4500.0,300.0,150.0,
2001036N,08/05/2001,"3,5,15,17,34,37",40,,,39505287.0,0.0,0,2413260.0,5,52165.0,4500.0,300.0,150.0,
2001037N,10/05/2001,"1,13,24,29,34,47",20,,,41857962.0,0.0,0,855410.0,15,45260.0,4500.0,300.0,150.0,
2001038N,15/05/2001,"1,11,14,26,39,46",18,,,53404300.0,23833835.0,5,590105.0,25,38035.0,4500.0,300.0,150.0,
2001039N,17/05/2001,"10,11,19,23,39,44",17,,,27043443.0,0.0,0,522575.0,15,39535.0,4500.0,300.0,150.0,
2001040N,22/05/2001,"5,7,10,12,18,39",45,,,38139893.0,3745800.0,15,1039565.0,5,35830.0,4500.0,300.0,150.0,
2001041N,24/05/2001,"6,24,36,37,41,45",9,,,28414471.0,5000000.0,5,1611235.0,5,59385.0,4500.0,300.0,150.0,
2001042N,29/05/2001,"1,12,13,29,37,40",32,,,31060485.0,0.0,0,637775.0,15,43310.0,4500.0,300.0,150.0,
2001043N,31/05/2001,"9,10,12,18,31,37",14,,,33906417.0,0.0,0,266185.0,35,38535.0,4500.0,300.0,150.0,
2001044N,05/06/2001,"4,16,19,25,34,44",33,,,40307471.0,0.0,0,444225.0,25,40930.0,4500.0,300.0,150.0,
2001045N,07/06/2001,"8,19,32,37,44,45",40,,,43105406.0,0.0,0,1367685.0,10,54990.0,4500.0,300.0,150.0,
2001046N,12/06/2001,"2,8,14,21,26,27",24,,,54859268.0,0.0,0,303345.0,50,30925.0,4500.0,300.0,150.0,
2001047N,14/06/2001,"1,20,22,33,35,45",11,,,64779053.0,0.0,0,352010.0,50,46125.0,4500.0,300.0,150.0,
2001048N,19/06/2001,"1,8,14,29,33,44",5,,端午金多寶,111809786.0,23858015.0,15,366865.0,85,32130.0,4500.0,300.0,150.0,
2001049N,21/06/2001,"11,23,29,33,36,45",20,,,28384450.0,2500000.0,10,329175.0,25,33940.0,4500.0,300.0,150.0,
2001050N,26/06/2001,"14,15,19,24,32,39",47,,,27043887.0,5000000.0,5,1610685.0,5,37955.0,4500.0,300.0,150.0,
2001051N,28/06/2001,"12,16,23,27,35,38",19,,,28856593.0,5000000.0,5,822385.0,10,33065.0,4500.0,300.0,150.0,
2001052N,03/07/2001,"4,11,15,28,29,40",16,,,30085330.0,5000000.0,5,0.0,0,38035.0,4500.0,300.0,150.0,
2001053N,05/07/2001,"7,17,21,26,40,45",37,,,27881716.0,0.0,0,843665.0,10,51060.0,4500.0,300.0,150.0,
2001054N,07/07/2001,"2,4,20,21,22,39",27,,,23401200.0,0.0,0,1423650.0,5,49310.0,4500.0,300.0,150.0,
2001055N,10/07/2001,"9,15,31,33,38,41",44,,,37894834.0,7254090.0,10,1131745.0,10,68210.0,4500.0,300.0,150.0,
2001056N,12/07/2001,"2,24,25,32,35,45",1,,,27517380.0,0.0,0,318150.0,25,40830.0,4500.0,300.0,150.0,
2001057N,14/07/2001,"1,2,13,14,21,47",42,,,26714189.0,0.0,0,272985.0,30,42805.0,4500.0,300.0,150.0,
2001058N,17/07/2001,"9,26,28,33,35,46",32,,,35474605.0,0.0,0,1082765.0,10,57115.0,4500.0,300.0,150.0,
2001059N,19/07/2001,"1,5,9,23,30,41",4,,,42794531.0,9768665.0,10,1158760.0,10,43545.0,4500.0,300.0,150.0,
2001060N,21/07/2001,"3,12,24,33,34,45",40,,暑期金多寶,47814892.0,13224350.0,10,387890.0,35,32935.0,4500.0,300.0,150.0,
2001061N,24/07/2001,"9,16,21,25,32,33",38,,,26832197.0,0.0,0,499670.0,15,34755.0,4500.0,300.0,150.0,
2001062N,26/07/2001,"4,5,6,21,25,27",16,,,29009058.0,4375890.0,10,225670.0,35,30275.0,4500.0,300.0,150.0,
2001063N,28/07/2001,"13,21,25,32,33,37",20,,,24494613.0,0.0,0,699315.0,10,45180.0,4500.0,300.0,150.0,
2001064N,31/07/2001,"2,8,17,20,32,46",15,,,33270178.0,9813500.0,5,506680.0,20,44820.0,4500.0,300.0,150.0,
2001065N,02/08/2001,"5,16,20,28,31,38",15,,,26343080.0,5000000.0,5,1500890.0,5,37195.0,4500.0,300.0,150.0,
2001066N,04/08/2001,"3,8,10,12,35,37",2,,,24157108.0,5000000.0,5,610435.0,10,22215.0,4500.0,300.0,150.0,
2001067N,07/08/2001,"2,9,14,28,45,46",15,,,27708463.0,0.0,0,818290.0,10,45680.0,4500.0,300.0,150.0,
2001068N,09/08/2001,"18,24,27,28,32,36",39,,,31345953.0,0.0,0,587015.0,15,33525.0,4500.0,300.0,150.0,
2001069N,11/08/2001,"1,7,14,16,18,47",40,,,33225943.0,13871775.0,5,0.0,0,44905.0,4500.0,300.0,150.0,
2001070N,14/08/2001,"2,10,21,28,29,44",30,,,29359870.0,0.0,0,429020.0,20,44850.0,4500.0,300.0,150.0,
2001071N,16/08/2001,"2,8,10,11,15,21",7,,,32923174.0,9191615.0,5,146965.0,45,12890.0,4500.0,300.0,150.0,
2001072N,18/08/2001,"7,20,21,22,24,34",19,,,24302003.0,5000000.0,5,211575.0,30,39495.0,4500.0,300.0,150.0,
2001073N,21/08/2001,"4,18,31,32,37,40",15,,,27661425.0,5000000.0,5,578185.0,15,66490.0,4500.0,300.0,150.0,
2001074N,23/08/2001,"1,10,13,14,27,35",2,,,24994003.0,0.0,0,268075.0,25,44805.0,4500.0,300.0,150.0,
2001075N,25/08/2001,"1,4,8,12,29,34",18,,,27568375.0,0.0,0,183960.0,35,21520.0,4500.0,300.0,150.0,
2001076N,28/08/2001,"5,18,28,31,37,45",36,,,35117530.0,12910420.0,5,680990.0,15,56475.0,4500.0,300.0,150.0,
2001077N,30/08/2001,"2,6,7,13,22,26",35,,,24652690.0,0.0,0,655260.0,10,21045.0,4500.0,300.0,150.0,
2001078N,04/09/2001,"16,21,28,33,39,46",3,,,35256623.0,0.0,0,199525.0,50,41565.0,4500.0,300.0,150.0,
2001079N,06/09/2001,"4,14,17,36,38,47",42,,,35389792.0,0.0,0,700890.0,15,43490.0,4500.0,300.0,150.0,
2001080N,11/09/2001,"8,9,15,23,27,34",36,,,47860896.0,10182445.0,10,263495.0,45,15495.0,4500.0,300.0,150.0,
2001081N,13/09/2001,"6,13,15,24,34,44",31,,,26102569.0,1666665.0,15,226275.0,35,12030.0,4500.0,300.0,150.0,
2001082N,18/09/2001,"7,8,9,33,36,37",12,,,29097101.0,2500000.0,10,671010.0,10,20740.0,4500.0,300.0,150.0,
2001083N,20/09/2001,"6,12,14,19,21,29",45,,,25025564.0,5000000.0,5,476760.0,15,30235.0,4500.0,300.0,150.0,
2001084N,25/09/2001,"7,20,27,29,32,44",33,,,29408455.0,0.0,0,893085.0,10,52400.0,4500.0,300.0,150.0,
2001085N,28/09/2001,"7,18,27,36,40,43",28,,中秋金多寶,95348431.0,9410740.0,20,532335.0,50,40060.0,4500.0,300.0,150.0,
2001086N,02/10/2001,"2,3,12,30,33,36",7,,,20641518.0,0.0,0,978585.0,5,23640.0,4500.0,300.0,150.0,
2001087N,04/10/2001,"2,20,31,35,39,45",24,,,32062036.0,0.0,0,681395.0,15,57615.0,4500.0,300.0,150.0,
2001088N,09/10/2001,"21,28,29,30,34,39",40,,,43763652.0,5276540.0,15,628910.0,20,46960.0,4500.0,300.0,150.0,
2001089N,11/10/2001,"1,2,6,32,34,42",41,,,27549257.0,0.0,0,0.0,0,66100.0,4500.0,300.0,150.0,
2001090N,16/10/2001,"7,9,20,21,39,43",34,,,38211130.0,0.0,0,363605.0,30,42960.0,4500.0,300.0,150.0,
2001091N,18/10/2001,"6,20,21,32,38,41",33,,,42181589.0,0.0,0,498880.0,25,71710.0,4500.0,300.0,150.0,
2001092N,23/10/2001,"6,7,13,16,21,46",17,,,57011988.0,12843340.0,10,1102685.0,15,46390.0,4500.0,300.0,150.0,
2001093N,26/10/2001,"4,19,31,32,41,43",30,,,23157299.0,5000000.0,5,0.0,0,76490.0,4500.0,300.0,150.0,
2001094N,30/10/2001,"12,18,22,28,32,38",29,,,34409712.0,183950.0,140,65845.0,40,9000.0,4500.0,300.0,150.0,
2001095N,01/11/2001,"12,20,25,29,40,41",11,,,26411051.0,0.0,0,527585.0,15,55490.0,4500.0,300.0,150.0,
2001096N,05/11/2001,"3,6,12,18,27,30",38,,,29527155.0,2807800.0,15,360355.0,20,16390.0,4500.0,300.0,150.0,
2001097N,08/11/2001,"1,3,9,37,38,42",2,,,30442338.0,0.0,0,823215.0,10,40455.0,4500.0,300.0,150.0,
2001098N,13/11/2001,"10,21,29,31,38,41",26,,,34027506.0,0.0,0,1011995.0,10,32800.0,4500.0,300.0,150.0,
2001099N,15/11/2001,"9,17,31,32,37,46",27,,,35626869.0,0.0,0,2164860.0,5,69155.0,4500.0,300.0,150.0,
2001100N,20/11/2001,"3,12,18,24,34,43",41,,,48662590.0,10790985.0,10,399000.0,35,29195.0,4500.0,300.0,150.0,
2001101N,22/11/2001,"1,13,20,23,33,38",3,,,27134462.0,5000000.0,5,57375.0,95,19225.0,4500.0,300.0,150.0,
2001102N,27/11/2001,"2,8,30,35,37,44",1,,,29401611.0,0.0,0,0.0,0,63440.0,4500.0,300.0,150.0,
2001103N,29/11/2001,"3,30,37,40,41,44",19,,,34162322.0,0.0,0,2158955.0,5,63985.0,4500.0,300.0,150.0,
2001104N,04/12/2001,"2,11,15,32,33,41",40,,,43782565.0,0.0,0,881655.0,15,53550.0,4500.0,300.0,150.0,
2001105N,06/12/2001,"11,16,32,35,38,39",12,,,47829925.0,0.0,0,0.0,0,41930.0,4500.0,300.0,150.0,
2001106N,11/12/2001,"12,20,21,29,32,47",9,,,72681002.0,12123490.0,15,306210.0,60,22815.0,4500.0,300.0,150.0,
2001107N,13/12/2001,"3,9,14,16,36,41",43,,,27586794.0,0.0,0,1682485.0,5,51455.0,4500.0,300.0,150.0,
2001108N,18/12/2001,"6,10,19,29,30,36",1,,聖誕金多寶,66875197.0,37865725.0,5,254760.0,65,24925.0,4500.0,300.0,150.0,
2001109N,20/12/2001,"13,26,27,32,40,43",41,,,25948214.0,0.0,0,1582620.0,5,45500.0,4500.0,300.0,150.0,
2001110N,27/12/2001,"2,3,21,25,33,46",7,,,41182219.0,0.0,0,325195.0,35,40645.0,4500.0,300.0,150.0,
2002001N,03/01/2002,"3,11,13,14,18,21",22,,,50821534.0,0.0,0,402250.0,35,34890.0,4500.0,300.0,150.0,
2002002N,08/01/2002,"12,17,21,35,36,43",14,,,53848143.0,12458810.0,10,823545.0,20,47590.0,4500.0,300.0,150.0,
2002003N,10/01/2002,"10,21,28,32,40,42",45,,,27809533.0,0.0,0,1713895.0,5,51325.0,4500.0,300.0,150.0,
2002004N,15/01/2002,"4,11,13,27,29,35",42,,,37257344.0,0.0,0,437380.0,25,36050.0,4500.0,300.0,150.0,
2002005N,17/01/2002,"14,16,31,36,42,43",39,,,40539811.0,0.0,0,620695.0,20,59980.0,4500.0,300.0,150.0,
2002006N,22/01/2002,"6,9,26,31,34,44",37,,,50366039.0,0.0,0,594440.0,25,43375.0,4500.0,300.0,150.0,
2002007N,24/01/2002,"1,13,16,28,38,45",17,,,61403672.0,31668890.0,5,717415.0,25,41415.0,4500.0,300.0,150.0,
2002008N,29/01/2002,"9,12,21,29,31,33",47,,,30269640.0,5000000.0,5,1590565.0,5,20230.0,4500.0,300.0,150.0,
2002009N,31/01/2002,"2,23,27,30,39,44",26,,,28883030.0,2500000.0,10,895910.0,10,57235.0,4500.0,300.0,150.0,
2002010N,05/02/2002,"1,9,18,21,38,45",35,,,32296358.0,5000000.0,5,1833890.0,5,33160.0,4500.0,300.0,150.0,
2002011N,08/02/2002,"12,15,27,37,44,45",33,,新春金多寶,114978688.0,15416510.0,15,760210.0,45,49050.0,4500.0,300.0,150.0,
2002012N,15/02/2002,"1,6,8,17,32,47",40,,,28819750.0,0.0,0,401125.0,20,23900.0,4500.0,300.0,150.0,
2002013N,19/02/2002,"1,7,8,19,30,37",16,,,41036035.0,0.0,0,437560.0,25,28875.0,4500.0,300.0,150.0,
2002014N,21/02/2002,"11,15,31,32,33,43",1,,,45759427.0,16191590.0,5,631105.0,20,36840.0,4500.0,300.0,150.0,
2002015N,26/02/2002,"18,22,29,31,37,41",13,,,33951993.0,5000000.0,5,341030.0,30,50710.0,4500.0,300.0,150.0,
2002016N,28/02/2002,"8,10,17,24,27,38",12,,,29701632.0,0.0,0,290955.0,25,38020.0,4500.0,300.0,150.0,
2002017N,05/03/2002,"3,7,15,19,28,29",1,,,38289150.0,4556890.0,10,173210.0,50,21575.0,4500.0,300.0,150.0,
2002018N,07/03/2002,"24,30,36,37,39,41",14,,,30026186.0,2500000.0,10,610070.0,15,61180.0,4500.0,300.0,150.0,
2002019N,12/03/2002,"1,8,16,23,33,40",11,,,32076163.0,5000000.0,5,220415.0,35,18760.0,4500.0,300.0,150.0,
2002020N,14/03/2002,"8,15,18,21,39,45",28,,,29332205.0,5000000.0,5,1517865.0,5,44985.0,4500.0,300.0,150.0,
2002021N,19/03/2002,"13,19,26,33,38,46",9,,,31303188.0,0.0,0,262455.0,30,31220.0,4500.0,300.0,150.0,
2002022N,21/03/2002,"2,32,34,39,40,45",20,,,33514375.0,10045645.0,5,0.0,0,71855.0,4500.0,300.0,150.0,
2002023N,26/03/2002,"7,10,14,21,29,30",43,,復活節金多寶,86897550.0,6341020.0,25,616055.0,40,32705.0,4500.0,300.0,150.0,
2002024N,28/03/2002,"7,21,26,36,41,46",13,,,26207207.0,5000000.0,5,823935.0,10,54455.0,4500.0,300.0,150.0,
2002025N,02/04/2002,"3,6,13,24,31,37",27,,,28523655.0,5000000.0,5,489065.0,15,31855.0,4500.0,300.0,150.0,
2002026N,04/04/2002,"1,10,11,19,27,37",31,,,26939347.0,2500000.0,10,222035.0,30,18680.0,4500.0,300.0,150.0,
2002027N,09/04/2002,"11,17,18,24,32,38",5,,,31073049.0,0.0,0,873225.0,10,44040.0,4500.0,300.0,150.0,
2002028N,11/04/2002,"2,6,8,32,44,45",4,,,32912541.0,9257715.0,5,298785.0,30,41900.0,4500.0,300.0,150.0,
2002029N,16/04/2002,"1,10,12,19,24,39",3,,,31523784.0,5000000.0,5,206735.0,35,22935.0,4500.0,300.0,150.0,
2002030N,18/04/2002,"3,7,16,21,34,45",39,,,27287349.0,2500000.0,10,516660.0,15,22735.0,4500.0,300.0,150.0,
2002031N,23/04/2002,"11,16,22,31,34,41",35,,,29060745.0,0.0,0,1790510.0,5,43620.0,4500.0,300.0,150.0,
2002032N,25/04/2002,"2,4,13,22,29,42",23,,,31165475.0,9025690.0,5,847510.0,10,37200.0,4500.0,300.0,150.0,
2002033N,30/04/2002,"7,15,26,29,34,42",22,,,28553595.0,0.0,0,865425.0,10,48785.0,4500.0,300.0,150.0,
2002034N,02/05/2002,"10,20,26,31,36,40",47,,,29436201.0,0.0,0,896390.0,10,41565.0,4500.0,300.0,150.0,
2002035N,07/05/2002,"3,4,5,6,37,46",9,,,38980530.0,0.0,0,499600.0,20,37795.0,4500.0,300.0,150.0,
2002036N,09/05/2002,"2,5,9,15,17,44",39,,,43614605.0,0.0,0,851820.0,15,36730.0,4500.0,300.0,150.0,
2002037N,14/05/2002,"2,13,16,30,39,40",15,,,69102293.0,0.0,0,1391725.0,15,48990.0,4500.0,300.0,150.0,
2002038N,16/05/2002,"3,10,20,30,36,38",40,,,77197938.0,38000000.0,5,131285.0,135,23975.0,4500.0,300.0,150.0,
2002039N,21/05/2002,"7,14,35,41,44,45",27,,,30443503.0,0.0,0,611015.0,15,48795.0,4500.0,300.0,150.0,
2002040N,23/05/2002,"9,12,31,36,41,43",28,,,35450791.0,0.0,0,355720.0,30,44465.0,4500.0,300.0,150.0,
2002041N,28/05/2002,"12,14,22,25,27,40",24,,,44294708.0,16434340.0,5,446685.0,30,51710.0,4500.0,300.0,150.0,
2002042N,30/05/2002,"2,15,33,34,35,44",21,,,27255975.0,0.0,0,0.0,0,48590.0,4500.0,300.0,150.0,
2002043N,04/06/2002,"4,8,15,24,41,45",28,,,36135722.0,11687740.0,5,304670.0,35,38080.0,4500.0,300.0,150.0,
2002044N,06/06/2002,"3,8,12,13,32,42",11,,,27153977.0,0.0,0,316340.0,20,25120.0,4500.0,300.0,150.0,
2002045N,11/06/2002,"7,25,29,31,36,43",34,,,31795787.0,0.0,0,317720.0,30,46055.0,4500.0,300.0,150.0,
2002046N,13/06/2002,"1,9,13,30,31,47",2,,,35604283.0,14129395.0,5,387520.0,25,37135.0,4500.0,300.0,150.0,
2002047N,18/06/2002,"32,33,36,41,42,43",17,,端午金多寶,66559741.0,9866435.0,15,808360.0,25,29640.0,4500.0,300.0,150.0,
2002048N,20/06/2002,"1,3,6,17,29,34",32,,,24799126.0,0.0,0,716505.0,10,41615.0,4500.0,300.0,150.0,
2002049N,25/06/2002,"11,12,19,34,35,39",8,,,31921010.0,9279360.0,5,600610.0,15,47785.0,4500.0,300.0,150.0,
2002050N,27/06/2002,"6,12,29,32,39,44",24,,,24470701.0,0.0,0,362110.0,20,50170.0,4500.0,300.0,150.0,
2002051N,29/06/2002,"5,10,13,22,35,41",34,,,20929023.0,0.0,0,314325.0,20,46340.0,4500.0,300.0,150.0,
2002052N,02/07/2002,"4,26,31,33,36,38",28,,,30111286.0,0.0,0,199485.0,40,30505.0,4500.0,300.0,150.0,
2002053N,04/07/2002,"5,32,34,38,39,49",8,,暑期金多寶,61546956.0,28389625.0,5,254230.0,55,35850.0,4800.0,320.0,160.0,20.0
2002054N,06/07/2002,"10,20,21,33,40,44",34,,,24826233.0,0.0,0,1229450.0,5,28505.0,4800.0,320.0,160.0,20.0
2002055N,09/07/2002,"10,20,26,28,35,48",13,,,34924772.0,10436325.0,5,1812105.0,5,47840.0,4800.0,320.0,160.0,20.0
2002056N,11/07/2002,"14,19,23,36,44,46",7,,,29136915.0,0.0,0,716990.0,10,50985.0,4800.0,320.0,160.0,20.0
2002057N,13/07/2002,"9,24,25,27,36,38",41,,,29386189.0,9130400.0,5,0.0,0,34965.0,4800.0,320.0,160.0,20.0
2002058N,16/07/2002,"7,13,14,20,29,32",28,,,30458671.0,5377455.0,5,666775.0,10,37830.0,4800.0,320.0,160.0,20.0
2002059N,18/07/2002,"11,22,24,28,29,38",20,,,28934390.0,1666665.0,15,385355.0,15,17280.0,4800.0,320.0,160.0,20.0
2002060N,20/07/2002,"1,11,29,33,36,44",37,,,26448936.0,5000000.0,5,1210880.0,5,31045.0,4800.0,320.0,160.0,20.0
2002061N,23/07/2002,"9,12,25,31,43,44",5,,,29995857.0,5000000.0,5,761570.0,10,41025.0,4800.0,320.0,160.0,20.0
2002062N,25/07/2002,"1,5,6,31,39,46",44,,,28949540.0,0.0,0,507270.0,15,86340.0,4800.0,320.0,160.0,20.0
2002063N,27/07/2002,"1,23,25,32,43,44",30,,,28423475.0,0.0,0,499860.0,15,74050.0,4800.0,320.0,160.0,20.0
2002064N,30/07/2002,"6,22,25,26,27,45",36,,,36936429.0,0.0,0,865535.0,10,35235.0,4800.0,320.0,160.0,20.0
2002065N,01/08/2002,"3,7,11,22,28,36",18,,,42922219.0,0.0,0,136290.0,50,13925.0,4800.0,320.0,160.0,20.0
2002066N,03/08/2002,"9,10,11,15,19,28",37,,,44761689.0,24019040.0,5,1746090.0,5,18185.0,4800.0,320.0,160.0,20.0
2002067N,06/08/2002,"5,10,24,32,39,49",1,,,30003135.0,0.0,0,1532035.0,5,56740.0,4800.0,320.0,160.0,20.0
2002068N,08/08/2002,"5,15,26,27,28,35",2,,,34535972.0,9504050.0,5,375335.0,20,24115.0,4800.0,320.0,160.0,20.0
2002069N,10/08/2002,"5,28,29,31,44,46",45,,,27011087.0,5000000.0,5,289815.0,20,31540.0,4800.0,320.0,160.0,20.0
2002070N,13/08/2002,"7,14,26,32,41,49",12,,,30699698.0,0.0,0,1672345.0,5,49005.0,4800.0,320.0,160.0,20.0
2002071N,15/08/2002,"4,23,24,25,38,40",37,,,33571176.0,9650470.0,5,772235.0,10,35200.0,4800.0,320.0,160.0,20.0
2002072N,17/08/2002,"10,17,36,43,45,47",33,,,26749768.0,0.0,0,0.0,0,108790.0,4800.0,320.0,160.0,20.0
2002073N,20/08/2002,"2,6,16,26,36,41",8,,,35809409.0,3000185.0,15,65965.0,65,9600.0,4800.0,320.0,160.0,20.0
2002074N,22/08/2002,"1,3,8,25,43,46",21,,,27993547.0,0.0,0,0.0,0,55475.0,4800.0,320.0,160.0,20.0
2002075N,24/08/2002,"2,7,12,19,23,49",4,,,31421858.0,0.0,0,1402320.0,5,30650.0,4800.0,320.0,160.0,20.0
2002076N,27/08/2002,"22,24,28,33,36,39",41,,,39536755.0,15477105.0,5,551045.0,15,21295.0,4800.0,320.0,160.0,20.0
2002077N,29/08/2002,"3,7,31,32,35,47",15,,,28504766.0,0.0,0,1375745.0,5,47030.0,4800.0,320.0,160.0,20.0
2002078N,31/08/2002,"3,4,23,25,31,44",35,,,27124050.0,0.0,0,333125.0,20,63450.0,4800.0,320.0,160.0,20.0
2002079N,03/09/2002,"10,37,40,42,43,46",30,,,37250929.0,0.0,0,466695.0,20,56565.0,4800.0,320.0,160.0,20.0
2002080N,05/09/2002,"15,22,34,40,41,47",10,,,43178537.0,0.0,0,2338265.0,5,71670.0,4800.0,320.0,160.0,20.0
2002081N,10/09/2002,"8,14,16,22,37,46",36,,,74817451.0,32929680.0,5,1257445.0,15,50550.0,4800.0,320.0,160.0,20.0
2002082N,12/09/2002,"11,23,32,33,43,48",2,,,28104659.0,0.0,0,386090.0,15,25525.0,4800.0,320.0,160.0,20.0
2002083N,17/09/2002,"5,13,19,27,29,35",40,,,37024117.0,0.0,0,398985.0,20,20320.0,4800.0,320.0,160.0,20.0
2002084N,20/09/2002,"15,19,25,34,38,44",5,,中秋金多寶,97172017.0,0.0,0,467850.0,50,39355.0,4800.0,320.0,160.0,20.0
2002085N,24/09/2002,"1,10,34,41,47,48",19,,,106481332.0,25480810.0,10,806005.0,35,59230.0,4800.0,320.0,160.0,20.0
2002086N,26/09/2002,"10,12,15,17,34,42",29,,,30742285.0,0.0,0,0.0,0,47460.0,4800.0,320.0,160.0,20.0
2002087N,30/09/2002,"7,15,24,41,47,49",25,,,37390422.0,0.0,0,657270.0,15,54770.0,4800.0,320.0,160.0,20.0
2002088N,03/10/2002,"6,10,11,32,35,46",22,,,47963302.0,19309895.0,5,1132095.0,10,43000.0,4800.0,320.0,160.0,20.0
2002089N,08/10/2002,"5,9,20,30,32,42",2,,,34571093.0,0.0,0,305300.0,25,34790.0,4800.0,320.0,160.0,20.0
2002090N,10/10/2002,"5,9,18,25,47,48",17,,,36008733.0,0.0,0,592580.0,15,41950.0,4800.0,320.0,160.0,20.0
2002091N,15/10/2002,"1,12,14,33,36,37",13,,,42389570.0,0.0,0,152950.0,55,28945.0,4800.0,320.0,160.0,20.0
2002092N,17/10/2002,"5,7,16,37,42,44",38,,,51781155.0,0.0,0,437475.0,30,43475.0,4800.0,320.0,160.0,20.0
2002093N,22/10/2002,"1,13,18,30,32,46",19,,,79715092.0,35288735.0,5,501390.0,40,45905.0,4800.0,320.0,160.0,20.0
2002094N,24/10/2002,"8,12,19,22,29,41",1,,,29460218.0,0.0,0,372800.0,15,26625.0,4800.0,320.0,160.0,20.0
2002095N,29/10/2002,"8,10,14,25,43,44",41,,,38969184.0,0.0,0,651805.0,15,44565.0,4800.0,320.0,160.0,20.0
2002096N,31/10/2002,"2,3,8,22,27,28",45,,,41436260.0,0.0,0,1432610.0,5,9815.0,4800.0,320.0,160.0,20.0
2002097N,04/11/2002,"1,3,12,23,31,48",34,,,49775271.0,21948010.0,5,2261305.0,5,34655.0,4800.0,320.0,160.0,20.0
2002098N,07/11/2002,"6,7,29,32,42,46",1,,,33971332.0,5000000.0,5,783425.0,10,32140.0,4800.0,320.0,160.0,20.0
2002099N,12/11/2002,"5,8,9,26,33,38",28,,,33052814.0,5000000.0,5,124490.0,40,11865.0,4800.0,320.0,160.0,20.0
2002100N,14/11/2002,"2,6,14,25,45,49",42,,,30513558.0,0.0,0,821240.0,10,54070.0,4800.0,320.0,160.0,20.0
2002101N,19/11/2002,"3,15,22,23,42,47",18,,,37875778.0,0.0,0,0.0,0,37070.0,4800.0,320.0,160.0,20.0
2002102N,21/11/2002,"4,16,18,25,29,41",21,,,44657032.0,0.0,0,422580.0,25,35215.0,4800.0,320.0,160.0,20.0
2002103N,26/11/2002,"19,21,40,42,46,47",33,,,59822169.0,27987140.0,5,627975.0,25,46515.0,4800.0,320.0,160.0,20.0
2002104N,28/11/2002,"17,19,26,31,37,43",38,,,28549233.0,0.0,0,473175.0,15,45605.0,4800.0,320.0,160.0,20.0
2002105N,03/12/2002,"9,11,14,17,24,28",46,,,38626844.0,0.0,0,354615.0,25,25150.0,4800.0,320.0,160.0,20.0
2002106N,05/12/2002,"11,21,27,31,37,44",1,,,42278216.0,0.0,0,185945.0,45,22765.0,4800.0,320.0,160.0,20.0
2002107N,10/12/2002,"5,36,37,38,46,49",17,,,56573419.0,0.0,0,592015.0,25,60715.0,4800.0,320.0,160.0,20.0
2002108N,12/12/2002,"7,15,16,23,31,35",8,,,71174185.0,0.0,0,176560.0,80,23035.0,4800.0,320.0,160.0,20.0
2002109N,17/12/2002,"6,18,39,40,41,42",9,,,107785141.0,0.0,0,1000350.0,25,35115.0,4800.0,320.0,160.0,20.0
2002110N,20/12/2002,"13,18,23,24,26,33",15,,聖誕金多寶,168998964.0,34312220.0,10,317030.0,110,25235.0,4800.0,320.0,160.0,20.0
2002111N,23/12/2002,"1,11,18,19,39,40",42,,,27329371.0,0.0,0,412615.0,15,29210.0,4800.0,320.0,160.0,20.0
2002112N,27/12/2002,"10,14,22,34,40,43",4,,,40638350.0,0.0,0,935285.0,10,39905.0,4800.0,320.0,160.0,20.0
2002113N,31/12/2002,"10,18,19,28,40,44",24,,,57028565.0,2691330.0,20,19200.0,1205,9600.0,4800.0,320.0,160.0,20.0
2003001N,02/01/2003,"5,6,16,23,26,27",46,,,31996028.0,5000000.0,5,107120.0,45,17025.0,4800.0,320.0,160.0,20.0
2003002N,07/01/2003,"9,10,12,26,38,43",15,,,36959338.0,0.0,0,591935.0,15,42660.0,4800.0,320.0,160.0,20.0
2003003N,09/01/2003,"8,17,21,22,23,49",24,,,39896284.0,0.0,0,1803010.0,5,37560.0,4800.0,320.0,160.0,20.0
2003004N,14/01/2003,"7,11,13,28,32,33",20,,,50471569.0,5023900.0,15,111160.0,65,9600.0,4800.0,320.0,160.0,20.0
2003005N,16/01/2003,"2,34,36,39,40,42",29,,,33840687.0,0.0,0,407245.0,20,45725.0,4800.0,320.0,160.0,20.0
2003006N,21/01/2003,"16,20,21,43,44,49",6,,,43640258.0,6067045.0,10,594505.0,20,60390.0,4800.0,320.0,160.0,20.0
2003007N,23/01/2003,"6,14,23,27,36,38",49,,,33231288.0,0.0,0,1646160.0,5,38170.0,4800.0,320.0,160.0,20.0
2003008N,28/01/2003,"5,10,25,30,41,46",48,,新春金多寶,139230672.0,28714610.0,10,323820.0,100,30895.0,4800.0,320.0,160.0,20.0
2003009N,30/01/2003,"4,5,6,7,8,28",23,,,31075063.0,1000000.0,25,19200.0,80,9600.0,4800.0,320.0,160.0,20.0
2003010N,04/02/2003,"7,12,20,27,28,43",46,,,33671199.0,0.0,0,1639175.0,5,36730.0,4800.0,320.0,160.0,20.0
2003011N,06/02/2003,"4,11,18,26,31,46",16,,,40041229.0,0.0,0,1917315.0,5,47340.0,4800.0,320.0,160.0,20.0
2003012N,11/02/2003,"11,22,23,28,38,40",29,,,55223553.0,0.0,0,390485.0,27,20125.0,4800.0,320.0,160.0,20.0
2003013N,13/02/2003,"4,8,12,24,39,40",18,,,63626554.0,12605075.0,10,338845.0,40,28235.0,4800.0,320.0,160.0,20.0
2003014N,18/02/2003,"10,16,19,20,40,49",24,,,39361407.0,0.0,0,466665.0,20,31905.0,4800.0,320.0,160.0,20.0
2003015N,20/02/2003,"1,13,16,24,41,48",35,,,42063828.0,12422390.0,5,1137060.0,10,63170.0,4800.0,320.0,160.0,20.0
2003016N,25/02/2003,"13,19,23,28,42,45",15,,,37337831.0,5607430.0,5,1869140.0,5,42600.0,4800.0,320.0,160.0,20.0
2003017N,27/02/2003,"4,9,12,21,25,34",36,,,34049629.0,0.0,0,357090.0,20,25325.0,4800.0,320.0,160.0,20.0
2003018N,04/03/2003,"9,32,33,38,42,44",43,,,42408879.0,10616660.0,5,624070.0,15,44575.0,4800.0,320.0,160.0,20.0
2003019N,06/03/2003,"15,20,35,40,45,48",30,,,32495725.0,5000000.0,5,85845.0,75,27250.0,4800.0,320.0,160.0,20.0
2003020N,11/03/2003,"10,20,22,31,35,39",17,,,36293918.0,0.0,0,1858145.0,5,52155.0,4800.0,320.0,160.0,20.0
2003021N,13/03/2003,"2,3,20,21,43,49",32,,,39261116.0,11655195.0,5,0.0,0,55150.0,4800.0,320.0,160.0,20.0
2003022N,18/03/2003,"8,10,22,23,24,35",33,,,37166780.0,5740445.0,5,247565.0,25,11705.0,4800.0,320.0,160.0,20.0
2003023N,20/03/2003,"13,14,21,23,39,42",36,,,30687339.0,0.0,0,777225.0,10,54540.0,4800.0,320.0,160.0,20.0
2003024N,25/03/2003,"13,23,28,30,34,42",20,,,38840370.0,0.0,0,910040.0,10,41840.0,4800.0,320.0,160.0,20.0
2003025N,27/03/2003,"9,21,22,26,37,48",35,,,39577852.0,16455605.0,5,0.0,0,66615.0,4800.0,320.0,160.0,20.0
2003026N,01/04/2003,"12,17,30,40,43,48",18,,,33186905.0,0.0,0,1811600.0,5,86265.0,4800.0,320.0,160.0,20.0
2003027N,03/04/2003,"21,29,32,38,41,43",7,,,36197259.0,6379850.0,10,591825.0,15,37575.0,4800.0,320.0,160.0,20.0
2003028N,08/04/2003,"6,11,13,24,40,47",42,,,32140761.0,0.0,0,323975.0,25,45950.0,4800.0,320.0,160.0,20.0
2003029N,10/04/2003,"7,11,13,23,31,33",28,,,34520388.0,1519175.0,25,86525.0,50,9600.0,4800.0,320.0,160.0,20.0
2003030N,15/04/2003,"9,15,27,28,37,39",33,,復活節金多寶,82196741.0,15371670.0,10,358110.0,50,28000.0,4800.0,320.0,160.0,20.0
2003031N,17/04/2003,"12,18,26,34,38,45",43,,,28392568.0,0.0,0,319545.0,20,32770.0,4800.0,320.0,160.0,20.0
2003032N,22/04/2003,"7,14,26,27,31,36",43,,,36258022.0,0.0,0,862180.0,10,31405.0,4800.0,320.0,160.0,20.0
2003033N,24/04/2003,"11,14,17,20,42,47",27,,,41238060.0,0.0,0,1092530.0,10,68550.0,4800.0,320.0,160.0,20.0
2003034N,29/04/2003,"19,30,37,41,47,49",3,,,59587606.0,0.0,0,806870.0,20,45780.0,4800.0,320.0,160.0,20.0
2003035N,02/05/2003,"3,8,10,19,31,35",36,,,80558422.0,18573370.0,10,397625.0,45,29090.0,4800.0,320.0,160.0,20.0
2003036N,06/05/2003,"7,19,30,34,37,44",48,,,33457300.0,5489670.0,5,457470.0,20,57405.0,4800.0,320.0,160.0,20.0
2003037N,09/05/2003,"11,20,23,29,32,33",35,,,33265982.0,0.0,0,106715.0,50,10900.0,4800.0,320.0,160.0,20.0
2003038N,13/05/2003,"9,17,20,29,34,35",18,,,40180591.0,0.0,0,911215.0,10,34910.0,4800.0,320.0,160.0,20.0
2003039N,15/05/2003,"8,29,31,32,36,38",12,,,46187767.0,0.0,0,597820.0,15,26565.0,4800.0,320.0,160.0,20.0
2003040N,20/05/2003,"6,28,39,40,43,45",42,,,70848676.0,24901925.0,5,377255.0,40,24685.0,4800.0,320.0,160.0,20.0
2003041N,22/05/2003,"8,14,17,23,28,43",26,,,31664604.0,5000000.0,5,349160.0,20,26040.0,4800.0,320.0,160.0,20.0
2003042N,27/05/2003,"1,27,28,29,31,49",6,,,34862080.0,2500000.0,10,535710.0,15,24075.0,4800.0,320.0,160.0,20.0
2003043N,29/05/2003,"13,16,19,31,39,47",29,,,31744895.0,0.0,0,393485.0,20,47695.0,4800.0,320.0,160.0,20.0
2003044N,03/06/2003,"2,12,21,37,47,49",11,,端午金多寶,126391369.0,58188295.0,5,1345885.0,25,63185.0,4800.0,320.0,160.0,20.0
2003045N,05/06/2003,"9,27,30,33,44,48",37,,,28690204.0,0.0,0,712020.0,10,43150.0,4800.0,320.0,160.0,20.0
2003046N,10/06/2003,"10,19,26,30,32,44",29,,,41528659.0,10876635.0,5,652955.0,15,43895.0,4800.0,320.0,160.0,20.0
2003047N,12/06/2003,"3,14,27,31,38,44",26,,,31182222.0,0.0,0,0.0,0,44425.0,4800.0,320.0,160.0,20.0
2003048N,17/06/2003,"3,11,18,22,24,37",49,,,44861797.0,0.0,0,563900.0,20,35380.0,4800.0,320.0,160.0,20.0
2003049N,19/06/2003,"3,4,10,24,26,47",12,,,51772839.0,0.0,0,1171735.0,10,42220.0,4800.0,320.0,160.0,20.0
2003050N,24/06/2003,"2,10,21,22,37,44",47,,,73100980.0,0.0,0,396250.0,45,38345.0,4800.0,320.0,160.0,20.0
2003051N,26/06/2003,"7,9,26,29,37,40",11,,,84852730.0,41611480.0,5,352755.0,50,41805.0,4800.0,320.0,160.0,20.0
2003052N,30/06/2003,"14,16,18,32,44,47",2,,,30651829.0,0.0,0,330020.0,25,56410.0,4800.0,320.0,160.0,20.0
2003053N,03/07/2003,"5,6,12,20,39,47",38,,,41021579.0,0.0,0,945140.0,10,51435.0,4800.0,320.0,160.0,20.0
2003054N,05/07/2003,"1,12,13,16,36,46",49,,,37737041.0,0.0,0,1992485.0,5,44275.0,4800.0,320.0,160.0,20.0
2003055N,08/07/2003,"1,6,15,21,23,33",30,,,56991264.0,24852015.0,5,911520.0,15,48160.0,4800.0,320.0,160.0,20.0
2003056N,10/07/2003,"24,28,29,30,42,49",47,,,30516769.0,0.0,0,1584965.0,5,53500.0,4800.0,320.0,160.0,20.0
2003057N,12/07/2003,"14,17,28,31,37,43",39,,,32271277.0,0.0,0,761395.0,10,30300.0,4800.0,320.0,160.0,20.0
2003058N,15/07/2003,"1,4,5,7,9,27",21,,,44984783.0,908250.0,55,19200.0,85,9600.0,4800.0,320.0,160.0,20.0
2003059N,17/07/2003,"12,16,21,24,30,39",7,,,30175630.0,0.0,0,700500.0,10,37360.0,4800.0,320.0,160.0,20.0
2003060N,19/07/2003,"5,7,10,23,31,34",38,,,31877578.0,0.0,0,503205.0,15,40660.0,4800.0,320.0,160.0,20.0
2003061N,22/07/2003,"2,6,9,14,17,29",22,,暑期金多寶,85345360.0,0.0,0,403555.0,40,19390.0,4800.0,320.0,160.0,20.0
2003062N,24/07/2003,"18,24,26,29,30,46",39,,,91804686.0,0.0,0,1447845.0,15,37005.0,4800.0,320.0,160.0,20.0
2003063N,26/07/2003,"12,14,25,30,34,35",23,,,118334572.0,34566180.0,10,912020.0,30,40715.0,4800.0,320.0,160.0,20.0
2003064N,29/07/2003,"2,5,6,11,20,34",32,,,34091645.0,0.0,0,1486715.0,5,28315.0,4800.0,320.0,160.0,20.0
2003065N,31/07/2003,"5,15,17,18,24,47",7,,,39801275.0,0.0,0,909995.0,10,33700.0,4800.0,320.0,160.0,20.0
2003066N,02/08/2003,"16,29,31,33,36,38",4,,,43683844.0,0.0,0,628945.0,15,20620.0,4800.0,320.0,160.0,20.0
2003067N,05/08/2003,"2,22,39,41,42,45",26,,,58392255.0,0.0,0,477580.0,30,44945.0,4800.0,320.0,160.0,20.0
2003068N,07/08/2003,"2,12,17,31,37,40",1,,,69112175.0,0.0,0,1215140.0,15,60005.0,4800.0,320.0,160.0,20.0
2003069N,09/08/2003,"16,17,26,28,40,42",44,,,80214560.0,47806530.0,5,1350355.0,15,41705.0,4800.0,320.0,160.0,20.0
2003070N,12/08/2003,"6,9,18,26,33,38",29,,,33922991.0,5000000.0,5,114775.0,45,12635.0,4800.0,320.0,160.0,20.0
2003071N,14/08/2003,"2,11,17,18,20,27",10,,,32390628.0,0.0,0,393425.0,15,31790.0,4800.0,320.0,160.0,20.0
2003072N,16/08/2003,"2,3,6,8,25,39",38,,,35645414.0,8222200.0,5,358020.0,15,12725.0,4800.0,320.0,160.0,20.0
2003073N,19/08/2003,"13,16,20,30,36,47",24,,,33481895.0,0.0,0,856435.0,10,65250.0,4800.0,320.0,160.0,20.0
2003074N,21/08/2003,"9,10,18,21,36,45",6,,,36299066.0,4832790.0,10,301795.0,25,23670.0,4800.0,320.0,160.0,20.0
2003075N,23/08/2003,"8,14,31,33,36,42",34,,,28874341.0,0.0,0,446650.0,15,45810.0,4800.0,320.0,160.0,20.0
2003076N,26/08/2003,"7,10,21,25,37,39",9,,,37859496.0,9990710.0,5,332710.0,25,57610.0,4800.0,320.0,160.0,20.0
2003077N,28/08/2003,"5,6,27,28,36,41",47,,,30793083.0,0.0,0,680095.0,10,25015.0,4800.0,320.0,160.0,20.0
2003078N,30/08/2003,"15,16,17,22,25,28",12,,,31497202.0,0.0,0,258815.0,25,20395.0,4800.0,320.0,160.0,20.0
2003079N,04/09/2003,"1,4,17,26,38,44",11,,,48087726.0,0.0,0,761495.0,15,56930.0,4800.0,320.0,160.0,20.0
2003080N,09/09/2003,"7,12,21,28,31,41",3,,中秋金多寶,114024309.0,0.0,0,221580.0,100,22635.0,4800.0,320.0,160.0,20.0
2003081N,12/09/2003,"1,5,21,28,35,41",38,,,121254874.0,70962580.0,5,595985.0,55,50380.0,4800.0,320.0,160.0,20.0
2003082N,16/09/2003,"2,4,13,43,48,49",24,,,34064416.0,0.0,0,1800945.0,5,44465.0,4800.0,320.0,160.0,20.0
2003083N,18/09/2003,"4,5,14,18,28,31",24,,,39456172.0,3422710.0,15,540585.0,15,24710.0,4800.0,320.0,160.0,20.0
2003084N,20/09/2003,"2,3,9,13,31,43",10,,,22790030.0,0.0,0,279020.0,15,24260.0,4800.0,320.0,160.0,20.0
2003085N,23/09/2003,"2,13,20,22,39,49",41,,,39166604.0,0.0,0,1153155.0,10,104240.0,4800.0,320.0,160.0,20.0
2003086N,25/09/2003,"2,7,9,40,41,42",28,,,44914667.0,0.0,0,403935.0,25,23935.0,4800.0,320.0,160.0,20.0
2003087N,30/09/2003,"10,18,24,27,28,38",21,,,66649795.0,8079520.0,15,298120.0,35,14760.0,4800.0,320.0,160.0,20.0
2003088N,02/10/2003,"4,7,10,15,19,39",22,,,30275626.0,0.0,0,267395.0,25,37135.0,4800.0,320.0,160.0,20.0
2003089N,04/10/2003,"8,23,31,33,41,47",38,,,29686409.0,0.0,0,432705.0,15,30905.0,4800.0,320.0,160.0,20.0
2003090N,07/10/2003,"17,28,33,38,42,47",34,,,43616625.0,0.0,0,0.0,0,40990.0,4800.0,320.0,160.0,20.0
2003091N,09/10/2003,"19,23,31,40,44,47",3,,,52613608.0,25879705.0,5,944405.0,15,76315.0,4800.0,320.0,160.0,20.0
2003092N,14/10/2003,"9,16,30,31,32,37",24,,,34727912.0,2500000.0,10,506435.0,15,26135.0,4800.0,320.0,160.0,20.0
2003093N,16/10/2003,"6,27,36,38,43,49",40,,,30525435.0,0.0,0,1720160.0,5,72810.0,4800.0,320.0,160.0,20.0
2003094N,18/10/2003,"14,20,26,39,40,42",12,,周六勁賞金多寶,59674610.0,7275605.0,20,1137800.0,10,34320.0,4800.0,320.0,160.0,20.0
2003095N,21/10/2003,"24,25,35,41,44,47",38,,,32412604.0,2500000.0,10,486770.0,15,38175.0,4800.0,320.0,160.0,20.0
2003096N,23/10/2003,"7,10,15,21,30,43",8,,,30496150.0,0.0,0,410395.0,15,28795.0,4800.0,320.0,160.0,20.0
2003097N,28/10/2003,"7,21,25,42,47,49",1,,,39050103.0,0.0,0,2245325.0,5,73015.0,4800.0,320.0,160.0,20.0
2003098N,30/10/2003,"10,11,17,19,39,45",15,,,43277088.0,17616920.0,5,980155.0,10,35320.0,4800.0,320.0,160.0,20.0
2003099N,01/11/2003,"4,8,12,15,23,33",36,,,23860464.0,5000000.0,5,243880.0,15,14560.0,4800.0,320.0,160.0,20.0
2003100N,03/11/2003,"6,9,18,22,31,41",24,,,21663760.0,0.0,0,119110.0,30,13140.0,4800.0,320.0,160.0,20.0
2003101N,06/11/2003,"5,6,14,27,28,49",42,,,39011276.0,10482160.0,5,365475.0,25,33145.0,4800.0,320.0,160.0,20.0
2003102N,11/11/2003,"1,4,19,28,37,49",29,,,33661958.0,0.0,0,1723255.0,5,56040.0,4800.0,320.0,160.0,20.0
2003103N,14/11/2003,"25,28,29,37,44,48",43,,,37423807.0,0.0,0,955275.0,10,38890.0,4800.0,320.0,160.0,20.0
2003104N,18/11/2003,"11,14,22,24,34,48",43,,,44012464.0,0.0,0,405935.0,25,30610.0,4800.0,320.0,160.0,20.0
2003105N,20/11/2003,"18,25,31,34,35,37",5,,,49411226.0,0.0,0,2458550.0,5,52870.0,4800.0,320.0,160.0,20.0
2003106N,25/11/2003,"11,13,30,39,41,48",45,,,70640661.0,34614315.0,5,854010.0,20,44005.0,4800.0,320.0,160.0,20.0
2003107N,27/11/2003,"7,10,15,38,45,49",22,,,28631701.0,0.0,0,0.0,0,46460.0,4800.0,320.0,160.0,20.0
2003108N,29/11/2003,"2,3,4,14,44,46",5,,,28861163.0,4711145.0,10,197245.0,25,10820.0,4800.0,320.0,160.0,20.0
2003109N,02/12/2003,"8,12,18,23,41,48",19,,,31479433.0,5000000.0,5,438125.0,15,32450.0,4800.0,320.0,160.0,20.0
2003110N,04/12/2003,"2,3,8,19,25,39",49,,,29883917.0,5000000.0,5,461795.0,15,26200.0,4800.0,320.0,160.0,20.0
2003111N,09/12/2003,"10,15,20,31,35,48",14,,,33751884.0,0.0,0,1609300.0,5,38315.0,4800.0,320.0,160.0,20.0
2003112N,11/12/2003,"1,14,19,22,31,35",34,,,34296389.0,3421150.0,15,0.0,0,52565.0,4800.0,320.0,160.0,20.0
2003113N,13/12/2003,"6,13,22,29,33,42",11,,,24098972.0,0.0,0,333530.0,15,24035.0,4800.0,320.0,160.0,20.0
2003114N,16/12/2003,"11,13,33,36,37,48",46,,,35372925.0,9854855.0,5,323655.0,25,25380.0,4800.0,320.0,160.0,20.0
2003115N,18/12/2003,"23,24,31,33,42,44",27,,,28742983.0,5000000.0,5,0.0,0,49925.0,4800.0,320.0,160.0,20.0
2003116N,23/12/2003,"5,17,19,34,42,48",44,,聖誕金多寶,88868121.0,41657375.0,5,569055.0,40,61620.0,4800.0,320.0,160.0,20.0
2003117N,30/12/2003,"1,22,36,38,39,47",27,,,37804382.0,0.0,0,667655.0,15,79720.0,4800.0,320.0,160.0,20.0
2004001N,03/01/2004,"3,31,33,36,39,49",1,,,38148534.0,10817455.0,5,267140.0,30,28685.0,4800.0,320.0,160.0,20.0
2004002N,06/01/2004,"7,14,17,22,29,43",36,,,32732911.0,5000000.0,5,542760.0,15,41750.0,4800.0,320.0,160.0,20.0
2004003N,08/01/2004,"14,26,33,39,40,43",23,,,30072137.0,0.0,0,541780.0,15,81775.0,4800.0,320.0,160.0,20.0
2004004N,13/01/2004,"30,34,39,43,48,49",6,,,39402191.0,0.0,0,1932395.0,5,44040.0,4800.0,320.0,160.0,20.0
2004005N,15/01/2004,"8,9,13,31,40,48",43,,,44342269.0,8783245.0,10,1692325.0,5,39445.0,4800.0,320.0,160.0,20.0
2004006N,17/01/2004,"3,5,19,26,32,49",1,,,26340557.0,0.0,0,661600.0,10,66575.0,4800.0,320.0,160.0,20.0
2004007N,20/01/2004,"5,6,9,28,31,32",19,,新春金多寶,121412107.0,27111420.0,10,772515.0,35,32695.0,4800.0,320.0,160.0,20.0
2004008N,27/01/2004,"10,13,18,29,40,41",4,,,40108537.0,0.0,0,1050620.0,10,60905.0,4800.0,320.0,160.0,20.0
2004009N,29/01/2004,"21,22,24,27,31,42",11,,,39873448.0,11714825.0,5,450925.0,20,59380.0,4800.0,320.0,160.0,20.0
2004010N,31/01/2004,"1,29,30,32,41,46",8,,,26813010.0,0.0,0,712430.0,10,47495.0,4800.0,320.0,160.0,20.0
2004011N,03/02/2004,"4,10,43,45,46,48",13,,,39499447.0,11080580.0,5,675620.0,15,37795.0,4800.0,320.0,160.0,20.0
2004012N,05/02/2004,"12,22,29,35,43,48",38,,,30732120.0,5000000.0,5,754845.0,10,49700.0,4800.0,320.0,160.0,20.0
2004013N,10/02/2004,"20,22,32,37,39,44",11,,,35260549.0,5638790.0,5,1879595.0,5,61125.0,4800.0,320.0,160.0,20.0
2004014N,12/02/2004,"9,17,21,22,31,32",4,,,30854666.0,0.0,0,1315610.0,5,28110.0,4800.0,320.0,160.0,20.0
2004015N,14/02/2004,"4,13,15,28,45,49",7,,,29501926.0,0.0,0,0.0,0,90660.0,4800.0,320.0,160.0,20.0
2004016N,17/02/2004,"7,15,20,28,38,41",37,,,48160692.0,0.0,0,1282825.0,10,59080.0,4800.0,320.0,160.0,20.0
2004017N,19/02/2004,"3,6,9,14,26,40",19,,,56997930.0,12880880.0,10,272380.0,40,21775.0,4800.0,320.0,160.0,20.0
2004018N,21/02/2004,"7,22,24,25,40,41",1,,,24941333.0,0.0,0,438435.0,15,71580.0,4800.0,320.0,160.0,20.0
2004019N,24/02/2004,"2,3,4,8,16,18",6,,,38308599.0,1264590.0,25,19200.0,335,9600.0,4800.0,320.0,160.0,20.0
2004020N,26/02/2004,"1,9,14,39,45,48",3,,,30255329.0,0.0,0,469110.0,15,38290.0,4800.0,320.0,160.0,20.0
2004021N,02/03/2004,"8,20,33,36,46,49",18,,,39611826.0,10803540.0,5,1934510.0,5,36070.0,4800.0,320.0,160.0,20.0
2004022N,04/03/2004,"1,19,20,34,42,43",15,,,30410833.0,0.0,0,1705905.0,5,66895.0,4800.0,320.0,160.0,20.0
2004023N,06/03/2004,"9,10,26,31,35,41",42,,周末勁賞金多寶,69913390.0,30397005.0,5,495095.0,35,43385.0,4800.0,320.0,160.0,20.0
2004024N,09/03/2004,"10,21,26,30,31,42",48,,,31491934.0,0.0,0,362565.0,20,34220.0,4800.0,320.0,160.0,20.0
2004025N,11/03/2004,"14,23,33,35,36,43",37,,,35815441.0,0.0,0,538280.0,15,30540.0,4800.0,320.0,160.0,20.0
2004026N,16/03/2004,"7,10,18,23,37,39",17,,,49447784.0,0.0,0,0.0,0,45410.0,4800.0,320.0,160.0,20.0
2004027N,18/03/2004,"2,3,4,25,36,47",8,,,58048857.0,0.0,0,847270.0,15,39870.0,4800.0,320.0,160.0,20.0
2004028N,20/03/2004,"6,21,28,36,44,49",32,,,71568124.0,0.0,0,258295.0,65,43255.0,4800.0,320.0,160.0,20.0
2004029N,23/03/2004,"4,5,17,20,28,39",3,,,113175223.0,26595530.0,10,391700.0,70,31790.0,4800.0,320.0,160.0,20.0
2004030N,25/03/2004,"7,10,13,21,22,23",35,,,29262292.0,0.0,0,1088930.0,5,15250.0,4800.0,320.0,160.0,20.0
2004031N,30/03/2004,"9,11,21,27,37,45",30,,,42128821.0,2587115.0,20,0.0,0,18540.0,4800.0,320.0,160.0,20.0
2004032N,02/04/2004,"11,12,13,22,26,31",10,,復活節金多寶,87740437.0,30315305.0,5,382045.0,45,25065.0,4800.0,320.0,160.0,20.0
2004033N,06/04/2004,"3,7,13,25,31,33",45,,,32239858.0,0.0,0,330235.0,15,11290.0,4800.0,320.0,160.0,20.0
2004034N,08/04/2004,"1,7,13,32,37,48",26,,,37104798.0,0.0,0,0.0,0,39445.0,4800.0,320.0,160.0,20.0
2004035N,10/04/2004,"9,12,17,42,47,49",34,,,39867966.0,0.0,0,1114040.0,10,92835.0,4800.0,320.0,160.0,20.0
2004036N,13/04/2004,"1,23,24,30,47,49",42,,,58371332.0,0.0,0,3298430.0,5,87085.0,4800.0,320.0,160.0,20.0
2004037N,15/04/2004,"23,31,34,43,45,47",48,,,79185334.0,39438225.0,5,717215.0,25,27635.0,4800.0,320.0,160.0,20.0
2004038N,20/04/2004,"6,9,12,19,22,25",17,,,36580922.0,1250000.0,20,459975.0,15,16065.0,4800.0,320.0,160.0,20.0
2004039N,22/04/2004,"8,32,36,39,44,46",33,,,31481827.0,5000000.0,5,255760.0,25,22435.0,4800.0,320.0,160.0,20.0
2004040N,24/04/2004,"24,30,39,43,44,48",23,,,82714714.0,41393225.0,5,542530.0,35,36165.0,4800.0,320.0,160.0,20.0
2004041N,27/04/2004,"7,11,15,29,46,49",21,,,31623961.0,0.0,0,505160.0,15,42540.0,4800.0,320.0,160.0,20.0
2004042N,29/04/2004,"4,19,26,30,31,34",37,,,36177294.0,10517185.0,5,1839060.0,5,68110.0,4800.0,320.0,160.0,20.0
2004043N,04/05/2004,"16,21,29,37,46,47",35,,,34430164.0,5568805.0,5,1856265.0,5,50000.0,4800.0,320.0,160.0,20.0
2004044N,06/05/2004,"8,28,33,36,38,47",2,,,30611950.0,0.0,0,294040.0,15,9600.0,4800.0,320.0,160.0,20.0
2004045N,11/05/2004,"7,11,13,22,24,37",36,,,39221038.0,0.0,0,395120.0,20,23440.0,4800.0,320.0,160.0,20.0
2004046N,13/05/2004,"9,13,21,37,40,48",12,,,42450480.0,7838200.0,10,1483725.0,5,20350.0,4800.0,320.0,160.0,20.0
2004047N,15/05/2004,"7,8,15,27,34,49",22,,,25041702.0,0.0,0,0.0,0,39030.0,4800.0,320.0,160.0,20.0
2004048N,18/05/2004,"10,21,23,30,43,49",3,,,39029115.0,0.0,0,896915.0,10,49310.0,4800.0,320.0,160.0,20.0
2004049N,20/05/2004,"4,18,31,40,45,47",29,,,45522445.0,0.0,0,0.0,0,83370.0,4800.0,320.0,160.0,20.0
2004050N,25/05/2004,"14,23,27,37,40,45",39,,,70958099.0,33282950.0,5,473540.0,40,77115.0,4800.0,320.0,160.0,20.0
2004051N,27/05/2004,"2,16,19,24,48,49",12,,,26966381.0,0.0,0,1207530.0,5,41280.0,4800.0,320.0,160.0,20.0
2004052N,29/05/2004,"3,10,20,27,40,46",9,,,29808036.0,0.0,0,715955.0,10,56150.0,4800.0,320.0,160.0,20.0
2004053N,01/06/2004,"9,27,32,38,39,43",31,,,43780000.0,0.0,0,694530.0,15,44095.0,4800.0,320.0,160.0,20.0
2004054N,03/06/2004,"13,33,37,40,41,47",48,,,51160029.0,0.0,0,140495.0,55,10960.0,4800.0,320.0,160.0,20.0
2004055N,05/06/2004,"6,8,12,29,32,40",45,,,57963533.0,0.0,0,876525.0,15,30225.0,4800.0,320.0,160.0,20.0
2004056N,08/06/2004,"7,18,28,29,37,49",12,,,91137145.0,0.0,0,1464010.0,15,51820.0,4800.0,320.0,160.0,20.0
2004057N,11/06/2004,"11,16,26,42,43,48",32,,,142762343.0,30634315.0,10,606690.0,55,41195.0,4800.0,320.0,160.0,20.0
2004058N,15/06/2004,"3,7,13,20,36,48",47,,端午金多寶,83735146.0,31421355.0,5,951775.0,20,38020.0,4800.0,320.0,160.0,20.0
2004059N,17/06/2004,"5,9,18,21,28,32",7,,,31704534.0,5000000.0,5,553775.0,10,18340.0,4800.0,320.0,160.0,20.0
2004060N,19/06/2004,"28,34,38,41,46,48",36,,,27964027.0,5000000.0,5,1232230.0,5,31595.0,4800.0,320.0,160.0,20.0
2004061N,24/06/2004,"3,5,6,11,13,40",45,,,37085293.0,0.0,0,395830.0,20,22820.0,4800.0,320.0,160.0,20.0
2004062N,26/06/2004,"7,21,23,29,33,44",9,,,32053180.0,0.0,0,1176485.0,5,22405.0,4800.0,320.0,160.0,20.0
2004063N,29/06/2004,"3,7,9,14,25,44",45,,,43523771.0,0.0,0,2034095.0,5,36400.0,4800.0,320.0,160.0,20.0
2004064N,01/07/2004,"11,25,32,33,37,42",31,,,44288905.0,0.0,0,1055095.0,10,43285.0,4800.0,320.0,160.0,20.0
2004065N,03/07/2004,"2,16,18,35,48,49",43,,,55919922.0,29631150.0,5,963200.0,15,53885.0,4800.0,320.0,160.0,20.0
2004066N,06/07/2004,"9,22,37,40,42,48",26,,,32154865.0,0.0,0,0.0,0,41980.0,4800.0,320.0,160.0,20.0
2004067N,08/07/2004,"3,6,8,13,28,36",38,,,37942391.0,2091065.0,20,21475.0,145,9600.0,4800.0,320.0,160.0,20.0
2004068N,10/07/2004,"1,6,7,12,36,42",34,,,28122571.0,0.0,0,290635.0,20,21085.0,4800.0,320.0,160.0,20.0
2004069N,13/07/2004,"1,3,13,18,21,35",15,,,37395927.0,0.0,0,1574550.0,5,31855.0,4800.0,320.0,160.0,20.0
2004070N,15/07/2004,"6,30,31,37,38,43",24,,,41612733.0,0.0,0,1042115.0,10,41170.0,4800.0,320.0,160.0,20.0
2004071N,17/07/2004,"7,9,18,32,48,49",10,,,45047514.0,4373205.0,20,63185.0,40,9600.0,4800.0,320.0,160.0,20.0
2004072N,20/07/2004,"6,8,12,21,32,43",25,,暑期金多寶,68267276.0,28522265.0,5,568150.0,25,22085.0,4800.0,320.0,160.0,20.0
2004073N,22/07/2004,"1,6,7,8,24,42",22,,,30127486.0,5000000.0,5,208810.0,20,9600.0,4800.0,320.0,160.0,20.0
2004074N,24/07/2004,"10,18,22,34,36,37",15,,,29253994.0,0.0,0,672095.0,10,25530.0,4800.0,320.0,160.0,20.0
2004075N,27/07/2004,"1,2,20,34,35,43",37,,,37614125.0,0.0,0,1033855.0,10,56840.0,4800.0,320.0,160.0,20.0
2004076N,29/07/2004,"1,16,26,31,35,36",38,,,42203531.0,5703260.0,15,984440.0,10,30275.0,4800.0,320.0,160.0,20.0
2004077N,31/07/2004,"13,14,32,40,43,48",12,,,28591216.0,0.0,0,0.0,0,32330.0,4800.0,320.0,160.0,20.0
2004078N,03/08/2004,"7,14,27,29,37,49",9,,,39258709.0,5168395.0,10,111870.0,60,19040.0,4800.0,320.0,160.0,20.0
2004079N,05/08/2004,"8,13,27,39,40,45",49,,,29933985.0,0.0,0,1583260.0,5,57050.0,4800.0,320.0,160.0,20.0
2004080N,07/08/2004,"8,16,27,39,40,48",14,,,33322992.0,0.0,0,0.0,0,46555.0,4800.0,320.0,160.0,20.0
2004081N,10/08/2004,"16,17,27,44,45,47",49,,,47347237.0,18981520.0,5,618075.0,20,42260.0,4800.0,320.0,160.0,20.0
2004082N,12/08/2004,"19,21,22,34,48,49",42,,,29799294.0,0.0,0,0.0,0,43170.0,4800.0,320.0,160.0,20.0
2004083N,14/08/2004,"1,5,16,22,30,34",39,,,34308873.0,0.0,0,449540.0,20,60695.0,4800.0,320.0,160.0,20.0
2004084N,17/08/2004,"27,29,30,39,40,42",47,,,45008383.0,18575390.0,5,367250.0,30,29825.0,4800.0,320.0,160.0,20.0
2004085N,19/08/2004,"12,19,24,27,36,44",29,,,28887850.0,0.0,0,1453140.0,5,47370.0,4800.0,320.0,160.0,20.0
2004086N,21/08/2004,"14,23,26,28,36,37",40,,,31061669.0,0.0,0,469000.0,15,24680.0,4800.0,320.0,160.0,20.0
2004087N,24/08/2004,"10,14,17,30,36,45",47,,,41732814.0,0.0,0,1132605.0,10,68640.0,4800.0,320.0,160.0,20.0
2004088N,26/08/2004,"2,9,19,30,36,37",41,,,49199584.0,23142240.0,5,2375190.0,5,40340.0,4800.0,320.0,160.0,20.0
2004089N,28/08/2004,"1,30,33,42,44,48",49,,,26394708.0,0.0,0,661000.0,10,60780.0,4800.0,320.0,160.0,20.0
2004090N,31/08/2004,"5,16,17,18,23,27",10,,,37559834.0,0.0,0,334020.0,25,41855.0,4800.0,320.0,160.0,20.0
2004091N,02/09/2004,"1,5,11,22,32,45",28,,,42491846.0,0.0,0,486590.0,20,34600.0,4800.0,320.0,160.0,20.0
2004092N,04/09/2004,"15,17,18,21,28,37",40,,,49388459.0,0.0,0,485700.0,25,42050.0,4800.0,320.0,160.0,20.0
2004093N,07/09/2004,"3,4,16,19,32,45",14,,,70041079.0,0.0,0,354270.0,50,45860.0,4800.0,320.0,160.0,20.0
2004094N,10/09/2004,"20,23,27,38,40,47",33,,,107364963.0,0.0,0,651270.0,40,54270.0,4800.0,320.0,160.0,20.0
2004095N,14/09/2004,"3,7,10,21,30,36",14,,,186239414.0,10249145.0,35,240325.0,155,20600.0,4800.0,320.0,160.0,20.0
2004096N,16/09/2004,"11,12,18,20,27,42",16,,,30562285.0,0.0,0,362870.0,20,45535.0,4800.0,320.0,160.0,20.0
2004097N,18/09/2004,"7,20,24,30,38,41",19,,,32726025.0,10161015.0,5,1720335.0,5,59575.0,4800.0,320.0,160.0,20.0
2004098N,21/09/2004,"1,3,30,33,35,42",12,,,33948000.0,0.0,0,1669460.0,5,51170.0,4800.0,320.0,160.0,20.0
2004099N,24/09/2004,"11,14,17,30,42,46",29,,中秋金多寶,105735013.0,44488370.0,5,499645.0,55,52530.0,4800.0,320.0,160.0,20.0
2004100N,26/09/2004,"7,15,17,28,40,41",10,,,21550692.0,0.0,0,329705.0,15,33385.0,4800.0,320.0,160.0,20.0
2004101N,28/09/2004,"22,28,31,36,39,49",32,,,39083878.0,10351655.0,5,594625.0,15,25035.0,4800.0,320.0,160.0,20.0
2004102N,30/09/2004,"12,13,14,20,23,28",22,,,28111453.0,0.0,0,610250.0,10,39305.0,4800.0,320.0,160.0,20.0
2004103N,02/10/2004,"3,13,15,39,43,44",31,,,30533304.0,0.0,0,1570875.0,5,73490.0,4800.0,320.0,160.0,20.0
2004104N,05/10/2004,"4,12,14,22,46,48",23,,,45191455.0,16608270.0,5,574635.0,20,51940.0,4800.0,320.0,160.0,20.0
2004105N,07/10/2004,"18,19,33,43,45,48",11,,,29146267.0,0.0,0,514530.0,15,66390.0,4800.0,320.0,160.0,20.0
2004106N,10/10/2004,"4,16,24,26,32,39",6,,,30354254.0,0.0,0,723230.0,10,60265.0,4800.0,320.0,160.0,20.0
2004107N,12/10/2004,"4,6,20,35,37,39",41,,,42629942.0,0.0,0,781980.0,15,68745.0,4800.0,320.0,160.0,20.0
2004108N,14/10/2004,"7,17,27,29,30,34",36,,,51939050.0,3078825.0,35,114990.0,75,14280.0,4800.0,320.0,160.0,20.0
2004109N,16/10/2004,"7,12,20,33,43,44",38,,,25687086.0,5000000.0,5,651460.0,10,45715.0,4800.0,320.0,160.0,20.0
2004110N,19/10/2004,"5,17,21,27,31,41",6,,,30788464.0,5000000.0,5,465085.0,15,22825.0,4800.0,320.0,160.0,20.0
2004111N,21/10/2004,"12,27,30,31,34,48",17,,,28282176.0,0.0,0,722275.0,10,55030.0,4800.0,320.0,160.0,20.0
2004112N,24/10/2004,"11,15,24,25,26,33",42,,,29073790.0,0.0,0,315180.0,20,26470.0,4800.0,320.0,160.0,20.0
2004113N,26/10/2004,"6,24,30,43,44,45",11,,,41816181.0,0.0,0,722590.0,15,64950.0,4800.0,320.0,160.0,20.0
2004114N,28/10/2004,"1,12,26,27,36,49",21,,,50138473.0,11156610.0,10,780855.0,15,33765.0,4800.0,320.0,160.0,20.0
2004115N,31/10/2004,"14,21,23,30,33,37",10,,周末勁賞金多寶,58717480.0,13871915.0,10,1290635.0,10,35295.0,4800.0,320.0,160.0,20.0
2004116N,04/11/2004,"7,18,19,25,42,45",41,,,36946956.0,0.0,0,1881445.0,5,53945.0,4800.0,320.0,160.0,20.0
2004117N,07/11/2004,"2,13,17,33,38,42",5,,,33604371.0,0.0,0,329895.0,25,49420.0,4800.0,320.0,160.0,20.0
2004118N,09/11/2004,"2,5,12,21,30,31",6,,,42666040.0,0.0,0,183655.0,35,16170.0,4800.0,320.0,160.0,20.0
2004119N,11/11/2004,"7,9,12,13,16,33",37,,,48875516.0,0.0,0,925885.0,10,23290.0,4800.0,320.0,160.0,20.0
2004120N,13/11/2004,"7,9,22,38,39,49",48,,,53399187.0,0.0,0,167690.0,65,28635.0,4800.0,320.0,160.0,20.0
2004121N,16/11/2004,"7,15,23,30,34,41",10,,,76296530.0,0.0,0,1836480.0,10,39650.0,4800.0,320.0,160.0,20.0
2004122N,18/11/2004,"3,11,12,13,26,28",31,,,90147537.0,23367270.0,10,436690.0,35,12250.0,4800.0,320.0,160.0,20.0
2004123N,20/11/2004,"6,26,30,34,40,43",3,,,26494614.0,5000000.0,5,460200.0,15,46020.0,4800.0,320.0,160.0,20.0
2004124N,23/11/2004,"10,15,16,21,25,38",24,,,31970211.0,0.0,0,506415.0,15,42200.0,4800.0,320.0,160.0,20.0
2004125N,25/11/2004,"17,19,21,35,40,49",42,,,35102524.0,0.0,0,641520.0,15,74375.0,4800.0,320.0,160.0,20.0
2004126N,27/11/2004,"9,21,28,30,34,44",10,,,38927236.0,0.0,0,1887655.0,5,62145.0,4800.0,320.0,160.0,20.0
2004127N,30/11/2004,"8,21,29,31,38,42",23,,,54960603.0,24068470.0,5,508785.0,25,30280.0,4800.0,320.0,160.0,20.0
2004128N,02/12/2004,"3,9,10,27,31,36",26,,,29944642.0,0.0,0,169305.0,30,15530.0,4800.0,320.0,160.0,20.0
2004129N,05/12/2004,"6,10,13,24,31,46",25,,,32782749.0,0.0,0,801070.0,10,48545.0,4800.0,320.0,160.0,20.0
2004130N,07/12/2004,"16,25,26,42,44,48",20,,,44140982.0,16971795.0,5,477690.0,25,64990.0,4800.0,320.0,160.0,20.0
2004131N,09/12/2004,"4,28,36,43,46,49",40,,,29319321.0,0.0,0,1509075.0,5,49075.0,4800.0,320.0,160.0,20.0
2004132N,11/12/2004,"3,9,31,36,37,45",19,,,31821923.0,0.0,0,233665.0,30,28535.0,4800.0,320.0,160.0,20.0
2004133N,14/12/2004,"3,19,22,25,31,48",12,,,45510153.0,0.0,0,377205.0,30,53405.0,4800.0,320.0,160.0,20.0
2004134N,17/12/2004,"6,11,14,26,46,47",40,,聖誕金多寶,96124388.0,42444960.0,5,1203745.0,20,46350.0,4800.0,320.0,160.0,20.0
2004135N,19/12/2004,"1,24,25,32,34,39",10,,,21969877.0,0.0,0,558480.0,10,74460.0,4800.0,320.0,160.0,20.0
2004136N,21/12/2004,"2,20,36,45,48,49",21,,,35433860.0,0.0,0,455345.0,20,63905.0,4800.0,320.0,160.0,20.0
2004137N,23/12/2004,"1,10,12,16,43,45",13,,,42777041.0,0.0,0,545685.0,20,49745.0,4800.0,320.0,160.0,20.0
2004138N,25/12/2004,"2,15,28,30,37,41",31,,,44149003.0,0.0,0,1119925.0,10,44570.0,4800.0,320.0,160.0,20.0
2004139N,28/12/2004,"5,9,35,38,43,48",6,,,65922778.0,33486340.0,5,1625720.0,10,48985.0,4800.0,320.0,160.0,20.0
2004140N,30/12/2004,"17,20,28,34,38,47",14,,,28116538.0,0.0,0,1489760.0,5,70940.0,4800.0,320.0,160.0,20.0
2005001N,02/01/2005,"11,18,32,36,39,43",34,,,32954421.0,9823555.0,5,1607850.0,5,23820.0,4800.0,320.0,160.0,20.0
2005002N,04/01/2005,"4,5,6,8,20,38",35,,,30536616.0,2500000.0,10,584165.0,10,16410.0,4800.0,320.0,160.0,20.0
2005003N,06/01/2005,"3,6,10,14,40,42",15,,,29409551.0,0.0,0,453745.0,15,40330.0,4800.0,320.0,160.0,20.0
2005004N,09/01/2005,"10,30,38,42,45,49",27,,,31925457.0,0.0,0,1695245.0,5,54465.0,4800.0,320.0,160.0,20.0
2005005N,11/01/2005,"5,6,11,25,35,40",44,,,41037989.0,0.0,0,582440.0,15,23770.0,4800.0,320.0,160.0,20.0
2005006N,13/01/2005,"16,24,27,30,42,46",17,,,47963800.0,0.0,0,618730.0,20,44290.0,4800.0,320.0,160.0,20.0
2005007N,15/01/2005,"9,10,14,16,25,49",23,,,56599635.0,31151470.0,5,0.0,0,58325.0,4800.0,320.0,160.0,20.0
2005008N,18/01/2005,"5,13,18,20,21,26",11,,,34763887.0,7493755.0,5,0.0,0,34085.0,4800.0,320.0,160.0,20.0
2005009N,20/01/2005,"9,13,21,28,33,46",6,,,31039028.0,0.0,0,336640.0,20,30430.0,4800.0,320.0,160.0,20.0
2005010N,22/01/2005,"5,7,13,19,35,46",24,,,32342613.0,0.0,0,799030.0,10,45820.0,4800.0,320.0,160.0,20.0
2005011N,25/01/2005,"15,20,31,34,37,48",4,,,44669224.0,0.0,0,1120190.0,10,38790.0,4800.0,320.0,160.0,20.0
2005012N,27/01/2005,"3,6,7,15,26,35",40,,,50445522.0,23949030.0,5,569105.0,20,33170.0,4800.0,320.0,160.0,20.0
2005013N,29/01/2005,"2,9,18,19,28,33",35,,,26291881.0,2500000.0,10,0.0,0,13265.0,4800.0,320.0,160.0,20.0
2005014N,01/02/2005,"9,18,23,33,44,49",29,,,32689880.0,0.0,0,514030.0,15,38430.0,4800.0,320.0,160.0,20.0
2005015N,04/02/2005,"2,19,20,33,37,48",10,,新春金多寶,109078881.0,0.0,0,492565.0,55,44050.0,4800.0,320.0,160.0,20.0
2005016N,07/02/2005,"9,21,36,38,43,49",23,,,135461637.0,35971345.0,10,393065.0,75,29440.0,4800.0,320.0,160.0,20.0
2005017N,10/02/2005,"2,8,20,21,40,41",24,,,24258512.0,0.0,0,1191100.0,5,31445.0,4800.0,320.0,160.0,20.0
2005018N,12/02/2005,"11,13,16,19,25,32",26,,,34726463.0,5104950.0,10,1302475.0,5,35010.0,4800.0,320.0,160.0,20.0
2005019N,15/02/2005,"5,8,27,28,33,46",2,,,36403846.0,0.0,0,198615.0,30,21915.0,4800.0,320.0,160.0,20.0
2005020N,17/02/2005,"8,13,16,42,45,47",33,,,38990538.0,0.0,0,0.0,0,60890.0,4800.0,320.0,160.0,20.0
2005021N,19/02/2005,"2,18,28,42,45,49",17,,,47333107.0,10158305.0,10,479155.0,25,39925.0,4800.0,320.0,160.0,20.0
2005022N,22/02/2005,"2,16,20,32,35,41",24,,,33680734.0,0.0,0,881045.0,10,52795.0,4800.0,320.0,160.0,20.0
2005023N,24/02/2005,"6,22,25,39,41,49",13,,,37673259.0,0.0,0,1998170.0,5,72990.0,4800.0,320.0,160.0,20.0
2005024N,26/02/2005,"1,16,36,41,42,44",18,,,42129167.0,17777355.0,5,0.0,0,50655.0,4800.0,320.0,160.0,20.0
2005025N,01/03/2005,"3,7,12,25,33,35",30,,,34805253.0,0.0,0,326455.0,20,22610.0,4800.0,320.0,160.0,20.0
2005026N,03/03/2005,"2,5,25,31,40,43",22,,,37885140.0,0.0,0,479140.0,20,54955.0,4800.0,320.0,160.0,20.0
2005027N,06/03/2005,"2,10,16,35,37,45",26,,,43233973.0,0.0,0,747145.0,15,44940.0,4800.0,320.0,160.0,20.0
2005028N,08/03/2005,"4,8,17,39,47,48",1,,,57030265.0,0.0,0,393110.0,35,43165.0,4800.0,320.0,160.0,20.0
2005029N,10/03/2005,"3,7,8,24,42,49",37,,,69756993.0,35478405.0,5,481445.0,30,24300.0,4800.0,320.0,160.0,20.0
2005030N,12/03/2005,"3,6,8,11,28,31",19,,,26066667.0,1666665.0,15,69655.0,50,9600.0,4800.0,320.0,160.0,20.0
2005031N,15/03/2005,"2,6,27,44,45,49",23,,,32321034.0,5006035.0,5,1668675.0,5,61800.0,4800.0,320.0,160.0,20.0
2005032N,18/03/2005,"2,22,25,30,44,48",46,EAS,復活節金多寶,79506344.0,8231790.0,20,1615895.0,10,46835.0,4800.0,320.0,160.0,20.0
2005033N,20/03/2005,"1,9,21,35,36,47",33,,,22903092.0,0.0,0,989260.0,5,30320.0,4800.0,320.0,160.0,20.0
2005034N,22/03/2005,"2,9,10,13,15,24",19,,,34284968.0,9303425.0,5,204925.0,35,24210.0,4800.0,320.0,160.0,20.0
2005035N,24/03/2005,"2,10,13,22,24,25",5,,,28398910.0,2500000.0,10,122245.0,35,11420.0,4800.0,320.0,160.0,20.0
2005036N,27/03/2005,"2,5,10,14,29,37",3,,,25767428.0,0.0,0,521125.0,10,30540.0,4800.0,320.0,160.0,20.0
2005037N,29/03/2005,"6,9,13,21,46,47",12,,,32296211.0,0.0,0,482220.0,15,33545.0,4800.0,320.0,160.0,20.0
2005038N,31/03/2005,"2,12,14,38,39,43",48,,,40726293.0,0.0,0,525295.0,20,59605.0,4800.0,320.0,160.0,20.0
2005039N,02/04/2005,"11,12,17,22,31,43",45,,,47162649.0,0.0,0,0.0,0,42760.0,4800.0,320.0,160.0,20.0
2005040N,05/04/2005,"10,15,25,29,34,37",13,,,65564891.0,17206260.0,10,1051980.0,15,38250.0,4800.0,320.0,160.0,20.0
2005041N,07/04/2005,"1,5,24,25,35,49",14,,,28944105.0,2500000.0,10,426960.0,15,29960.0,4800.0,320.0,160.0,20.0
2005042N,10/04/2005,"3,5,14,40,46,49",6,,,27226926.0,2500000.0,10,0.0,0,74745.0,4800.0,320.0,160.0,20.0
2005043N,12/04/2005,"9,10,22,23,28,36",49,,,29381591.0,2500000.0,10,0.0,0,17715.0,4800.0,320.0,160.0,20.0
2005044N,14/04/2005,"12,17,33,43,45,47",10,,,29778063.0,0.0,0,348010.0,20,34055.0,4800.0,320.0,160.0,20.0
2005045N,17/04/2005,"11,15,19,29,42,49",5,SUS,周日非常金多寶,68021348.0,30196300.0,5,849690.0,20,52690.0,4800.0,320.0,160.0,20.0
2005046N,19/04/2005,"4,9,22,30,33,35",13,,,27324283.0,0.0,0,1197060.0,5,35865.0,4800.0,320.0,160.0,20.0
2005047N,21/04/2005,"2,3,13,14,17,38",31,,,33487943.0,0.0,0,290505.0,25,40345.0,4800.0,320.0,160.0,20.0
2005048N,23/04/2005,"3,9,27,31,38,45",34,,,36284498.0,14571150.0,5,0.0,0,28960.0,4800.0,320.0,160.0,20.0
2005049N,26/04/2005,"12,13,30,36,39,47",8,,,32186018.0,0.0,0,397645.0,20,48750.0,4800.0,320.0,160.0,20.0
2005050N,28/04/2005,"2,8,22,36,38,40",5,,,34116543.0,3442325.0,15,159055.0,40,19170.0,4800.0,320.0,160.0,20.0
2005051N,30/04/2005,"13,16,21,30,36,37",2,,,25424550.0,0.0,0,0.0,0,57480.0,4800.0,320.0,160.0,20.0
2005052N,03/05/2005,"2,8,16,25,33,37",1,,,35024626.0,5231640.0,10,200620.0,35,20690.0,4800.0,320.0,160.0,20.0
2005053N,05/05/2005,"9,20,21,22,30,48",6,,,27966378.0,0.0,0,0.0,0,37365.0,4800.0,320.0,160.0,20.0
2005054N,08/05/2005,"7,9,10,21,39,49",41,,,33750443.0,10132970.0,5,652305.0,10,16410.0,4800.0,320.0,160.0,20.0
2005055N,10/05/2005,"4,11,14,20,36,41",15,,,26893818.0,5000000.0,5,345060.0,20,49075.0,4800.0,320.0,160.0,20.0
2005056N,12/05/2005,"2,14,16,23,35,38",47,,,27027648.0,0.0,0,442845.0,15,34395.0,4800.0,320.0,160.0,20.0
2005057N,15/05/2005,"7,12,18,33,44,45",32,,,30410443.0,9256990.0,5,354745.0,20,36735.0,4800.0,320.0,160.0,20.0
2005058N,17/05/2005,"3,14,17,32,39,42",8,,,25301754.0,0.0,0,418285.0,15,38910.0,4800.0,320.0,160.0,20.0
2005059N,19/05/2005,"16,18,23,31,34,47",38,,,30885881.0,0.0,0,529580.0,15,56485.0,4800.0,320.0,160.0,20.0
2005060N,22/05/2005,"5,6,10,16,20,21",19,,,36086140.0,0.0,0,124615.0,50,14650.0,4800.0,320.0,160.0,20.0
2005061N,24/05/2005,"1,11,18,22,23,42",10,,,44765457.0,18737235.0,5,872070.0,10,26730.0,4800.0,320.0,160.0,20.0
2005062N,26/05/2005,"12,33,39,43,45,49",10,,,26406072.0,0.0,0,615700.0,10,36085.0,4800.0,320.0,160.0,20.0
2005063N,28/05/2005,"17,22,23,26,28,46",2,,,29194855.0,0.0,0,0.0,0,56660.0,4800.0,320.0,160.0,20.0
2005064N,31/05/2005,"11,16,17,19,24,43",13,,,44372359.0,0.0,0,1084645.0,10,48205.0,4800.0,320.0,160.0,20.0
2005065N,02/06/2005,"4,17,20,33,39,43",26,,,49922590.0,0.0,0,2593995.0,5,56235.0,4800.0,320.0,160.0,20.0
2005066N,04/06/2005,"4,20,32,39,40,42",33,,,60860944.0,17013620.0,10,251190.0,60,42080.0,4800.0,320.0,160.0,20.0
2005067N,07/06/2005,"10,11,18,26,41,48",27,DBF,端午金多寶,86221704.0,0.0,0,2077260.0,10,42445.0,4800.0,320.0,160.0,20.0
2005068N,09/06/2005,"3,13,27,29,36,37",24,,,95339237.0,22520385.0,10,598910.0,35,27210.0,4800.0,320.0,160.0,20.0
2005069N,11/06/2005,"11,18,22,29,40,48",44,,,25776709.0,0.0,0,0.0,0,59160.0,4800.0,320.0,160.0,20.0
2005070N,14/06/2005,"2,5,7,18,22,48",11,,,40462569.0,0.0,0,1343580.0,5,25055.0,4800.0,320.0,160.0,20.0
2005071N,16/06/2005,"5,7,15,35,36,44",4,,,46296818.0,0.0,0,1114415.0,10,37855.0,4800.0,320.0,160.0,20.0
2005072N,19/06/2005,"6,15,18,25,26,47",27,,,55088070.0,12530165.0,10,887750.0,15,51090.0,4800.0,320.0,160.0,20.0
2005073N,21/06/2005,"11,22,29,31,32,42",3,,,28296650.0,0.0,0,627190.0,10,33450.0,4800.0,320.0,160.0,20.0
2005074N,23/06/2005,"2,21,29,38,44,48",10,,,34075855.0,0.0,0,1808450.0,5,59535.0,4800.0,320.0,160.0,20.0
2005075N,25/06/2005,"15,25,33,38,40,49",21,,,40520327.0,0.0,0,2133010.0,5,53155.0,4800.0,320.0,160.0,20.0
2005076N,28/06/2005,"1,23,25,30,32,46",42,,,53576071.0,0.0,0,1378010.0,10,55255.0,4800.0,320.0,160.0,20.0
2005077N,30/06/2005,"4,16,22,27,32,36",17,,,60958413.0,0.0,0,723005.0,20,37435.0,4800.0,320.0,160.0,20.0
2005078N,02/07/2005,"2,4,23,32,43,45",42,,,74495567.0,44982630.0,5,934505.0,20,44540.0,4800.0,320.0,160.0,20.0
2005079N,05/07/2005,"6,9,13,21,41,43",45,,,30689813.0,5000000.0,5,0.0,0,32815.0,4800.0,320.0,160.0,20.0
2005080N,07/07/2005,"4,22,24,30,31,34",17,,,30365847.0,0.0,0,1500575.0,5,40015.0,4800.0,320.0,160.0,20.0
2005081N,09/07/2005,"6,10,16,21,23,39",5,,,33993399.0,0.0,0,222885.0,30,27260.0,4800.0,320.0,160.0,20.0
2005082N,12/07/2005,"6,7,18,22,30,34",2,,,43630720.0,0.0,0,587655.0,15,26560.0,4800.0,320.0,160.0,20.0
2005083N,14/07/2005,"10,17,18,34,48,49",29,,,49536718.0,0.0,0,364110.0,35,49975.0,4800.0,320.0,160.0,20.0
2005084N,16/07/2005,"5,6,17,35,39,49",44,,,56592701.0,16191880.0,10,2367575.0,5,41315.0,4800.0,320.0,160.0,20.0
2005085N,19/07/2005,"5,14,26,30,31,42",4,,,33111477.0,0.0,0,565535.0,15,55855.0,4800.0,320.0,160.0,20.0
2005086N,21/07/2005,"8,13,15,28,29,48",3,,,35386489.0,9100295.0,5,668405.0,10,25390.0,4800.0,320.0,160.0,20.0
2005087N,23/07/2005,"7,8,15,22,35,49",17,,,26726938.0,0.0,0,1155385.0,5,29065.0,4800.0,320.0,160.0,20.0
2005088N,26/07/2005,"6,12,14,25,27,30",8,,30周年金多寶,110121070.0,0.0,0,549995.0,40,28110.0,4800.0,320.0,160.0,20.0
2005089N,29/07/2005,"25,35,39,42,43,49",5,,,141718027.0,32239335.0,10,886610.0,40,48745.0,4800.0,320.0,160.0,20.0
2005090N,31/07/2005,"5,13,14,33,45,46",25,,,24107684.0,0.0,0,0.0,0,53720.0,4800.0,320.0,160.0,20.0
2005091N,02/08/2005,"21,25,33,36,42,48",13,,,37998467.0,0.0,0,457575.0,20,49300.0,4800.0,320.0,160.0,20.0
2005092N,04/08/2005,"1,7,19,27,38,47",3,,,46067837.0,8607335.0,10,610525.0,15,22930.0,4800.0,320.0,160.0,20.0
2005093N,06/08/2005,"5,21,33,34,44,45",40,,,27779175.0,5000000.0,5,363035.0,20,40335.0,4800.0,320.0,160.0,20.0
2005094N,09/08/2005,"9,13,22,35,38,39",4,,,31539099.0,5000000.0,5,259085.0,25,21270.0,4800.0,320.0,160.0,20.0
2005095N,11/08/2005,"9,11,23,29,33,38",6,,,29508140.0,5000000.0,5,159710.0,30,14355.0,4800.0,320.0,160.0,20.0
2005096N,13/08/2005,"9,13,32,38,48,49",41,,,26428596.0,5000000.0,5,0.0,0,23200.0,4800.0,320.0,160.0,20.0
2005097N,16/08/2005,"1,11,21,27,37,48",18,,,32613147.0,5897575.0,5,518975.0,15,28050.0,4800.0,320.0,160.0,20.0
2005098N,18/08/2005,"2,19,24,39,41,49",21,,,27822746.0,0.0,0,0.0,0,78460.0,4800.0,320.0,160.0,20.0
2005099N,20/08/2005,"3,8,13,17,22,29",18,,,29041212.0,9096335.0,5,437530.0,10,12820.0,4800.0,320.0,160.0,20.0
2005100N,23/08/2005,"1,3,14,26,36,47",42,,,30162895.0,5000000.0,5,768075.0,10,43120.0,4800.0,320.0,160.0,20.0
2005101N,25/08/2005,"5,13,20,25,29,39",35,,,27586868.0,5000000.0,5,174375.0,30,25830.0,4800.0,320.0,160.0,20.0
2005102N,27/08/2005,"1,3,20,23,33,37",14,,,26087761.0,5000000.0,5,297375.0,20,33040.0,4800.0,320.0,160.0,20.0
2005103N,30/08/2005,"4,9,17,26,40,46",18,,,29587847.0,0.0,0,1502405.0,5,45015.0,4800.0,320.0,160.0,20.0
2005104N,01/09/2005,"4,14,19,21,24,48",10,,,31543987.0,0.0,0,779955.0,10,37205.0,4800.0,320.0,160.0,20.0
2005105N,03/09/2005,"7,11,18,34,35,48",42,,,36004989.0,0.0,0,0.0,0,34805.0,4800.0,320.0,160.0,20.0
2005106N,06/09/2005,"9,15,20,23,39,41",44,,,48603639.0,11859680.0,10,823180.0,15,43900.0,4800.0,320.0,160.0,20.0
2005107N,08/09/2005,"8,10,13,14,31,48",47,,,27308419.0,0.0,0,437440.0,15,33975.0,4800.0,320.0,160.0,20.0
2005108N,10/09/2005,"1,4,19,33,34,40",25,,,29837500.0,0.0,0,0.0,0,59110.0,4800.0,320.0,160.0,20.0
2005109N,13/09/2005,"16,26,29,39,41,46",34,,,43895456.0,0.0,0,572300.0,20,54020.0,4800.0,320.0,160.0,20.0
2005110N,16/09/2005,"22,24,28,33,34,42",48,MAF,中秋金多寶,111761632.0,14517415.0,15,576005.0,45,36960.0,4800.0,320.0,160.0,20.0
2005111N,18/09/2005,"3,5,8,14,27,35",9,,,19761689.0,0.0,0,99240.0,30,14840.0,4800.0,320.0,160.0,20.0
2005112N,20/09/2005,"4,5,21,26,37,47",7,,,31740517.0,0.0,0,502130.0,15,46170.0,4800.0,320.0,160.0,20.0
2005113N,22/09/2005,"2,4,12,13,19,42",39,,,40828611.0,0.0,0,615755.0,15,37890.0,4800.0,320.0,160.0,20.0
2005114N,25/09/2005,"1,6,14,19,26,30",17,,,45792104.0,0.0,0,1038600.0,10,31830.0,4800.0,320.0,160.0,20.0
2005115N,27/09/2005,"1,17,20,28,35,43",18,,,62721477.0,0.0,0,1078880.0,15,57925.0,4800.0,320.0,160.0,20.0
2005116N,30/09/2005,"11,14,20,24,25,35",33,,,104454578.0,45986230.0,5,384195.0,65,41105.0,4800.0,320.0,160.0,20.0
2005117N,04/10/2005,"2,9,16,25,36,38",14,,,32597835.0,0.0,0,346875.0,20,23870.0,4800.0,320.0,160.0,20.0
2005118N,06/10/2005,"23,26,27,29,30,45",18,,,35500668.0,0.0,0,864140.0,10,40785.0,4800.0,320.0,160.0,20.0
2005119N,08/10/2005,"9,11,15,25,44,48",27,,,39699544.0,0.0,0,992025.0,10,44835.0,4800.0,320.0,160.0,20.0
2005120N,11/10/2005,"8,9,16,24,29,48",5,,,51124756.0,0.0,0,435980.0,25,34600.0,4800.0,320.0,160.0,20.0
2005121N,13/10/2005,"24,34,35,38,41,47",45,,,64426518.0,0.0,0,856855.0,20,55730.0,4800.0,320.0,160.0,20.0
2005122N,15/10/2005,"3,14,17,41,46,47",20,,,85443354.0,15563580.0,15,2288620.0,10,52835.0,4800.0,320.0,160.0,20.0
2005123N,18/10/2005,"14,15,18,20,38,42",35,,,29757338.0,0.0,0,741055.0,10,54890.0,4800.0,320.0,160.0,20.0
2005124N,20/10/2005,"6,10,22,30,43,44",29,,,34491114.0,9920930.0,5,0.0,0,34990.0,4800.0,320.0,160.0,20.0
2005125N,23/10/2005,"9,25,30,31,35,37",1,,,29051976.0,0.0,0,695005.0,10,51480.0,4800.0,320.0,160.0,20.0
2005126N,25/10/2005,"3,12,26,30,39,41",25,,,34577075.0,0.0,0,0.0,0,43765.0,4800.0,320.0,160.0,20.0
2005127N,27/10/2005,"2,5,13,19,40,49",7,,,44142684.0,8314165.0,10,63335.0,105,12710.0,4800.0,320.0,160.0,20.0
2005128N,29/10/2005,"8,10,11,24,31,37",38,,,25448172.0,0.0,0,536415.0,10,38145.0,4800.0,320.0,160.0,20.0
2005129N,31/10/2005,"2,18,30,34,37,41",28,,,24168829.0,0.0,0,0.0,0,71230.0,4800.0,320.0,160.0,20.0
2005130N,03/11/2005,"1,3,10,31,34,35",27,,,45457427.0,16231640.0,5,333120.0,30,32105.0,4800.0,320.0,160.0,20.0
2005131N,06/11/2005,"3,11,13,20,38,49",19,,,26815316.0,0.0,0,1275210.0,5,52315.0,4800.0,320.0,160.0,20.0
2005132N,08/11/2005,"3,10,13,35,48,49",33,,,34372301.0,0.0,0,354485.0,20,22915.0,4800.0,320.0,160.0,20.0
2005133N,10/11/2005,"7,8,12,37,41,48",40,,,40343954.0,15237675.0,5,1994605.0,5,45460.0,4800.0,320.0,160.0,20.0
2005134N,12/11/2005,"1,13,21,22,24,40",27,,,25568170.0,0.0,0,430725.0,15,43615.0,4800.0,320.0,160.0,20.0
2005135N,15/11/2005,"23,24,26,30,47,49",43,,周二非常金多寶,78345914.0,16081175.0,10,810820.0,25,45805.0,4800.0,320.0,160.0,20.0
2005136N,17/11/2005,"4,9,10,14,15,49",5,,,26836978.0,0.0,0,127495.0,35,16640.0,4800.0,320.0,160.0,20.0
2005137N,19/11/2005,"2,3,15,30,32,46",23,,,29621882.0,0.0,0,493955.0,15,64780.0,4800.0,320.0,160.0,20.0
2005138N,22/11/2005,"12,23,25,31,44,45",3,,,41166985.0,15349620.0,5,656000.0,15,34300.0,4800.0,320.0,160.0,20.0
2005139N,24/11/2005,"1,4,5,8,13,43",22,,,26871556.0,5000000.0,5,303895.0,15,16490.0,4800.0,320.0,160.0,20.0
2005140N,26/11/2005,"3,16,25,37,38,45",18,,,24418475.0,0.0,0,635770.0,10,48435.0,4800.0,320.0,160.0,20.0
2005141N,29/11/2005,"13,18,24,26,44,45",27,,,34065174.0,0.0,0,288535.0,30,44390.0,4800.0,320.0,160.0,20.0
2005142N,01/12/2005,"10,32,33,38,41,47",6,,,39793828.0,16340145.0,5,682940.0,15,52030.0,4800.0,320.0,160.0,20.0
2005143N,04/12/2005,"9,10,27,32,37,45",4,,,25859929.0,0.0,0,0.0,0,60610.0,4800.0,320.0,160.0,20.0
2005144N,06/12/2005,"1,2,3,7,14,15",11,,,33233856.0,2848825.0,15,39485.0,95,9600.0,4800.0,320.0,160.0,20.0
2005145N,08/12/2005,"3,9,16,31,36,42",20,,,26626003.0,0.0,0,399365.0,15,30425.0,4800.0,320.0,160.0,20.0
2005146N,10/12/2005,"2,9,22,32,35,41",20,,,28854947.0,9261250.0,5,1420415.0,5,44040.0,4800.0,320.0,160.0,20.0
2005147N,13/12/2005,"1,6,14,22,33,47",9,,,28225703.0,5000000.0,5,627440.0,10,37180.0,4800.0,320.0,160.0,20.0
2005148N,15/12/2005,"12,14,19,27,34,43",24,,,26285954.0,0.0,0,0.0,0,47000.0,4800.0,320.0,160.0,20.0
2005149N,18/12/2005,"1,4,15,22,40,44",2,,,30637546.0,10794010.0,5,1514205.0,5,50470.0,4800.0,320.0,160.0,20.0
2005150N,20/12/2005,"9,16,19,20,30,43",44,XMS,聖誕金多寶,90784905.0,20583455.0,10,1097240.0,20,42870.0,4800.0,320.0,160.0,20.0
2005151N,22/12/2005,"8,18,19,23,24,42",32,,,25742609.0,0.0,0,211555.0,25,25875.0,4800.0,320.0,160.0,20.0
2005152N,24/12/2005,"6,10,19,20,22,36",3,,,29555274.0,0.0,0,223475.0,25,19810.0,4800.0,320.0,160.0,20.0
2005153N,27/12/2005,"4,9,17,18,31,43",19,,,34383594.0,0.0,0,775010.0,10,43055.0,4800.0,320.0,160.0,20.0
2005154N,29/12/2005,"9,11,21,22,24,41",33,,,46092704.0,0.0,0,342215.0,25,24530.0,4800.0,320.0,160.0,20.0
2005155N,31/12/2005,"2,7,11,31,40,43",36,,,53640389.0,0.0,0,663400.0,20,40900.0,4800.0,320.0,160.0,20.0
2006001N,03/01/2006,"17,23,24,25,26,38",47,,,79321881.0,0.0,0,1254730.0,15,34975.0,4800.0,320.0,160.0,20.0
2006002N,05/01/2006,"5,10,22,38,44,46",13,,,125348452.0,55906115.0,5,617235.0,50,46625.0,4800.0,320.0,160.0,20.0
2006003N,08/01/2006,"1,10,26,28,38,42",43,,,27338656.0,0.0,0,650110.0,10,41770.0,4800.0,320.0,160.0,20.0
2006004N,10/01/2006,"5,21,25,36,38,39",4,,,35756158.0,0.0,0,367405.0,25,51565.0,4800.0,320.0,160.0,20.0
2006005N,12/01/2006,"15,24,25,27,36,37",35,,,46009958.0,16496045.0,5,284995.0,35,37995.0,4800.0,320.0,160.0,20.0
2006006N,14/01/2006,"1,12,19,29,32,34",46,,,27719917.0,0.0,0,1333350.0,5,30385.0,4800.0,320.0,160.0,20.0
2006007N,17/01/2006,"11,13,25,29,38,47",12,,,38967770.0,0.0,0,623860.0,15,40575.0,4800.0,320.0,160.0,20.0
2006008N,19/01/2006,"24,26,28,31,44,47",17,,,45780447.0,0.0,0,788010.0,15,52975.0,4800.0,320.0,160.0,20.0
2006009N,21/01/2006,"1,7,20,34,40,45",22,,,51774572.0,25763330.0,5,0.0,0,61735.0,4800.0,320.0,160.0,20.0
2006010N,24/01/2006,"6,14,28,31,33,35",26,CNY,新春金多寶,137635582.0,56990395.0,5,904300.0,35,37845.0,4800.0,320.0,160.0,20.0
2006011N,26/01/2006,"18,22,23,27,28,43",35,,,30503882.0,0.0,0,1335130.0,5,24720.0,4800.0,320.0,160.0,20.0
2006012N,28/01/2006,"16,22,27,30,39,41",40,,,35539044.0,0.0,0,301945.0,30,44730.0,4800.0,320.0,160.0,20.0
2006013N,30/01/2006,"9,21,22,33,35,48",43,,,38003737.0,0.0,0,418185.0,20,27030.0,4800.0,320.0,160.0,20.0
2006014N,02/02/2006,"3,4,5,20,23,37",38,,,62466078.0,24043420.0,5,409050.0,35,33635.0,4800.0,320.0,160.0,20.0
2006015N,04/02/2006,"19,34,39,40,41,45",23,,,30446888.0,5000000.0,5,1631915.0,5,54395.0,4800.0,320.0,160.0,20.0
2006016N,07/02/2006,"5,12,15,24,40,41",44,,,34613128.0,0.0,0,1830305.0,5,54840.0,4800.0,320.0,160.0,20.0
2006017N,09/02/2006,"3,6,13,29,39,49",9,,,37497345.0,8880525.0,5,33545.0,175,16770.0,4800.0,320.0,160.0,20.0
2006018N,12/02/2006,"12,15,26,30,41,45",4,,,30352387.0,0.0,0,1614590.0,5,55915.0,4800.0,320.0,160.0,20.0
2006019N,14/02/2006,"7,22,32,34,42,43",6,,,36114861.0,0.0,0,1634260.0,5,29645.0,4800.0,320.0,160.0,20.0
2006020N,16/02/2006,"3,12,16,22,29,34",30,,,42615645.0,0.0,0,1965035.0,5,35165.0,4800.0,320.0,160.0,20.0
2006021N,18/02/2006,"10,12,14,28,42,46",37,,,50725965.0,0.0,0,292915.0,45,49855.0,4800.0,320.0,160.0,20.0
2006022N,21/02/2006,"7,15,24,31,36,49",40,,,79300127.0,35631825.0,5,993755.0,20,48620.0,4800.0,320.0,160.0,20.0
2006023N,23/02/2006,"18,31,35,39,40,43",10,,,29426919.0,5000000.0,5,393130.0,20,51770.0,4800.0,320.0,160.0,20.0
2006024N,25/02/2006,"13,18,22,31,34,37",19,,,27262651.0,5000000.0,5,624535.0,10,27990.0,4800.0,320.0,160.0,20.0
2006025N,28/02/2006,"10,14,23,25,27,40",37,,,31259020.0,0.0,0,523465.0,15,45515.0,4800.0,320.0,160.0,20.0
2006026N,02/03/2006,"1,5,14,22,29,43",20,,,34758853.0,0.0,0,577805.0,15,48150.0,4800.0,320.0,160.0,20.0
2006027N,05/03/2006,"1,7,14,15,22,45",24,,,40334760.0,0.0,0,368910.0,25,35130.0,4800.0,320.0,160.0,20.0
2006028N,07/03/2006,"2,11,30,42,48,49",36,,,59105343.0,12170585.0,10,318785.0,45,31225.0,4800.0,320.0,160.0,20.0
2006029N,09/03/2006,"9,19,20,30,39,40",10,,,29149654.0,1666665.0,15,19200.0,602,9600.0,4800.0,320.0,160.0,20.0
2006030N,11/03/2006,"1,13,14,19,21,30",40,,,26738743.0,0.0,0,304790.0,20,47250.0,4800.0,320.0,160.0,20.0
2006031N,14/03/2006,"7,12,13,25,39,48",9,,,35843651.0,0.0,0,1688520.0,5,54245.0,4800.0,320.0,160.0,20.0
2006032N,16/03/2006,"4,27,33,37,42,49",36,,,40651629.0,0.0,0,536025.0,20,57750.0,4800.0,320.0,160.0,20.0
2006033N,18/03/2006,"1,6,13,30,33,43",9,,,51270178.0,22170225.0,5,236345.0,40,20830.0,4800.0,320.0,160.0,20.0
2006034N,21/03/2006,"4,8,16,22,23,43",18,,,30414182.0,5000000.0,5,399900.0,15,21185.0,4800.0,320.0,160.0,20.0
2006035N,23/03/2006,"3,7,18,20,26,32",10,,,27662202.0,0.0,0,0.0,0,23035.0,4800.0,320.0,160.0,20.0
2006036N,25/03/2006,"26,32,36,42,43,45",44,,,32049576.0,0.0,0,412225.0,20,54960.0,4800.0,320.0,160.0,20.0
2006037N,28/03/2006,"1,3,10,15,21,28",37,,,43878713.0,8101395.0,10,345650.0,25,18185.0,4800.0,320.0,160.0,20.0
2006038N,30/03/2006,"2,12,17,19,30,33",23,,,27578333.0,5000000.0,5,0.0,0,25225.0,4800.0,320.0,160.0,20.0
2006039N,02/04/2006,"8,12,25,29,39,45",44,,,28424974.0,0.0,0,490450.0,15,44085.0,4800.0,320.0,160.0,20.0
2006040N,04/04/2006,"7,11,14,35,38,43",26,,,33921590.0,0.0,0,473540.0,15,22280.0,4800.0,320.0,160.0,20.0
2006041N,07/04/2006,"10,11,16,29,30,35",28,EAS,復活節金多寶,89924785.0,10887725.0,15,383730.0,55,34005.0,4800.0,320.0,160.0,20.0
2006042N,09/04/2006,"18,28,34,44,45,47",8,,,22283223.0,5000000.0,5,1146545.0,5,55590.0,4800.0,320.0,160.0,20.0
2006043N,11/04/2006,"5,21,26,30,36,41",17,,,27415600.0,5000000.0,5,284060.0,25,39045.0,4800.0,320.0,160.0,20.0
2006044N,13/04/2006,"13,28,32,39,44,49",48,,,26473428.0,0.0,0,0.0,0,60930.0,4800.0,320.0,160.0,20.0
2006045N,16/04/2006,"9,11,20,22,29,38",37,,,30881806.0,10060545.0,5,412495.0,15,20395.0,4800.0,320.0,160.0,20.0
2006046N,18/04/2006,"11,14,27,28,38,44",12,,,25899312.0,0.0,0,1144520.0,5,36330.0,4800.0,320.0,160.0,20.0
2006047N,20/04/2006,"2,9,12,16,37,40",19,,,31688975.0,9480050.0,5,0.0,0,37215.0,4800.0,320.0,160.0,20.0
2006048N,22/04/2006,"6,8,11,28,42,46",31,,,25746153.0,0.0,0,0.0,0,32865.0,4800.0,320.0,160.0,20.0
2006049N,25/04/2006,"2,24,26,29,32,33",6,,,35770164.0,0.0,0,841875.0,10,46285.0,4800.0,320.0,160.0,20.0
2006050N,27/04/2006,"1,7,8,30,34,37",41,,,40399554.0,16716690.0,5,923965.0,10,33070.0,4800.0,320.0,160.0,20.0
2006051N,29/04/2006,"6,10,19,24,28,47",22,,,24090008.0,5000000.0,5,0.0,0,39835.0,4800.0,320.0,160.0,20.0
2006052N,02/05/2006,"3,13,18,27,33,45",29,,,28652881.0,5000000.0,5,156455.0,35,18720.0,4800.0,320.0,160.0,20.0
2006053N,04/05/2006,"2,3,32,46,47,48",35,,,26460693.0,0.0,0,478210.0,15,39850.0,4800.0,320.0,160.0,20.0
2006054N,06/05/2006,"5,17,23,28,31,32",18,,,27886515.0,4161880.0,10,369305.0,15,24415.0,4800.0,320.0,160.0,20.0
2006055N,09/05/2006,"18,22,24,25,26,43",23,,,28150634.0,5000000.0,5,56545.0,75,15815.0,4800.0,320.0,160.0,20.0
2006056N,11/05/2006,"7,12,15,27,29,49",36,,,26305894.0,5000000.0,5,209460.0,25,26100.0,4800.0,320.0,160.0,20.0
2006057N,14/05/2006,"1,7,14,23,45,48",43,,,25826330.0,0.0,0,1281560.0,5,46815.0,4800.0,320.0,160.0,20.0
2006058N,16/05/2006,"23,26,35,36,39,43",5,,,30060226.0,0.0,0,1486545.0,5,49550.0,4800.0,320.0,160.0,20.0
2006059N,18/05/2006,"11,23,31,32,33,40",49,,,37011614.0,14523035.0,5,0.0,0,23440.0,4800.0,320.0,160.0,20.0
2006060N,20/05/2006,"15,20,38,41,44,46",34,,,25441573.0,0.0,0,662600.0,10,51215.0,4800.0,320.0,160.0,20.0
2006061N,23/05/2006,"1,14,28,41,45,47",29,,,33158822.0,0.0,0,0.0,0,78165.0,4800.0,320.0,160.0,20.0
2006062N,25/05/2006,"9,27,29,38,39,40",47,,,42799121.0,18280580.0,5,310110.0,30,24930.0,4800.0,320.0,160.0,20.0
2006063N,27/05/2006,"1,22,34,35,36,47",7,,,25024869.0,2500000.0,10,382475.0,15,30905.0,4800.0,320.0,160.0,20.0
2006064N,30/05/2006,"10,16,21,30,33,48",19,DBF,端午金多寶,100009487.0,31921625.0,5,567695.0,35,25470.0,4800.0,320.0,160.0,20.0
2006065N,01/06/2006,"12,17,24,35,44,46",10,,,24806406.0,0.0,0,1335315.0,5,47475.0,4800.0,320.0,160.0,20.0
2006066N,03/06/2006,"5,9,16,29,36,47",17,,,29062035.0,0.0,0,459240.0,15,36735.0,4800.0,320.0,160.0,20.0
2006067N,06/06/2006,"2,9,29,31,42,49",5,,,42160723.0,0.0,0,295615.0,35,34925.0,4800.0,320.0,160.0,20.0
2006068N,08/06/2006,"17,34,36,41,46,48",26,,,57418678.0,12174120.0,10,600470.0,25,56780.0,4800.0,320.0,160.0,20.0
2006069N,11/06/2006,"3,5,7,18,40,45",15,,,25221878.0,0.0,0,554230.0,10,33975.0,4800.0,320.0,160.0,20.0
2006070N,13/06/2006,"2,6,17,33,42,45",13,,,32871511.0,0.0,0,0.0,0,51435.0,4800.0,320.0,160.0,20.0
2006071N,15/06/2006,"4,15,16,22,24,45",2,,,40993663.0,0.0,0,390745.0,25,36950.0,4800.0,320.0,160.0,20.0
2006072N,18/06/2006,"5,6,7,18,27,35",19,,,56289236.0,7467015.0,15,114135.0,75,12955.0,4800.0,320.0,160.0,20.0
2006073N,20/06/2006,"4,5,17,39,40,42",3,,,26837501.0,0.0,0,0.0,0,62895.0,4800.0,320.0,160.0,20.0
2006074N,22/06/2006,"4,5,33,36,48,49",2,,,33578323.0,0.0,0,807175.0,10,58170.0,4800.0,320.0,160.0,20.0
2006075N,24/06/2006,"18,21,32,33,36,37",6,,,37425583.0,0.0,0,438195.0,20,48685.0,4800.0,320.0,160.0,20.0
2006076N,27/06/2006,"10,12,21,26,27,49",14,,,58685421.0,25078145.0,5,719355.0,20,34875.0,4800.0,320.0,160.0,20.0
2006077N,29/06/2006,"2,3,13,17,19,36",47,,,26516772.0,5000000.0,5,1128270.0,5,23990.0,4800.0,320.0,160.0,20.0
2006078N,01/07/2006,"4,13,30,42,47,48",40,,,24249984.0,0.0,0,0.0,0,74415.0,4800.0,320.0,160.0,20.0
2006079N,04/07/2006,"1,4,5,13,14,19",18,,,35539772.0,9748925.0,5,142060.0,40,12070.0,4800.0,320.0,160.0,20.0
2006080N,06/07/2006,"1,7,9,16,21,49",12,,,27437311.0,0.0,0,269650.0,15,15190.0,4800.0,320.0,160.0,20.0
2006081N,08/07/2006,"2,6,10,13,30,33",40,,,30021588.0,3964280.0,10,488090.0,10,13555.0,4800.0,320.0,160.0,20.0
2006082N,11/07/2006,"1,30,34,42,45,46",8,,,29009449.0,0.0,0,0.0,0,61130.0,4800.0,320.0,160.0,20.0
2006083N,13/07/2006,"1,8,9,10,34,36",17,,,32906374.0,4909310.0,10,179820.0,30,11945.0,4800.0,320.0,160.0,20.0
2006084N,15/07/2006,"9,20,23,34,35,45",15,,,24586072.0,5000000.0,5,599980.0,10,51610.0,4800.0,320.0,160.0,20.0
2006085N,18/07/2006,"10,13,22,27,32,39",43,,,27900980.0,0.0,0,1320710.0,5,44020.0,4800.0,320.0,160.0,20.0
2006086N,20/07/2006,"6,13,15,26,30,33",16,,,31184152.0,0.0,0,311420.0,20,25950.0,4800.0,320.0,160.0,20.0
2006087N,22/07/2006,"2,6,16,20,23,24",19,,,32112272.0,12888250.0,5,691860.0,10,32365.0,4800.0,320.0,160.0,20.0
2006088N,25/07/2006,"10,16,23,34,38,41",5,SMR,暑期金多寶,82718479.0,10779295.0,15,822525.0,25,47065.0,4800.0,320.0,160.0,20.0
2006089N,27/07/2006,"1,19,21,31,43,47",18,,,25386422.0,0.0,0,632330.0,10,62450.0,4800.0,320.0,160.0,20.0
2006090N,29/07/2006,"2,23,29,34,35,37",41,,,28359520.0,0.0,0,729125.0,10,60760.0,4800.0,320.0,160.0,20.0
2006091N,01/08/2006,"7,10,20,30,34,46",19,,,41488605.0,14114080.0,5,526590.0,15,29665.0,4800.0,320.0,160.0,20.0
2006092N,03/08/2006,"9,10,16,19,32,45",18,,,24050545.0,0.0,0,341575.0,15,42040.0,4800.0,320.0,160.0,20.0
2006093N,05/08/2006,"1,8,11,14,16,45",41,,,30793910.0,0.0,0,699375.0,10,39260.0,4800.0,320.0,160.0,20.0
2006094N,08/08/2006,"10,20,24,28,32,49",9,,,42052589.0,0.0,0,0.0,0,48955.0,4800.0,320.0,160.0,20.0
2006095N,10/08/2006,"12,15,18,23,35,38",33,,,50700470.0,0.0,0,296185.0,35,23585.0,4800.0,320.0,160.0,20.0
2006096N,12/08/2006,"2,13,18,26,28,43",41,,,70043866.0,0.0,0,816370.0,20,37530.0,4800.0,320.0,160.0,20.0
2006097N,15/08/2006,"8,18,21,23,30,47",10,,,107407355.0,0.0,0,781065.0,30,42505.0,4800.0,320.0,160.0,20.0
2006098N,17/08/2006,"10,17,19,27,37,38",26,,,147517256.0,16629415.0,20,637930.0,50,27390.0,4800.0,320.0,160.0,20.0
2006099N,19/08/2006,"3,25,27,28,43,45",42,,,26041340.0,0.0,0,664790.0,10,43235.0,4800.0,320.0,160.0,20.0
2006100N,22/08/2006,"8,18,22,34,48,49",33,,,36946429.0,4468920.0,10,437535.0,15,17325.0,4800.0,320.0,160.0,20.0
2006101N,24/08/2006,"3,11,14,21,40,45",8,,,28072564.0,0.0,0,0.0,0,54455.0,4800.0,320.0,160.0,20.0
2006102N,26/08/2006,"27,29,31,36,39,43",23,,,33518306.0,10822975.0,5,367820.0,20,39630.0,4800.0,320.0,160.0,20.0
2006103N,29/08/2006,"14,34,37,40,48,49",30,,,29483831.0,0.0,0,390600.0,20,63125.0,4800.0,320.0,160.0,20.0
2006104N,31/08/2006,"4,26,30,35,45,46",20,,,33479920.0,10208225.0,5,1736075.0,5,65200.0,4800.0,320.0,160.0,20.0
2006105N,02/09/2006,"3,16,17,34,46,48",41,,,26288756.0,0.0,0,0.0,0,65100.0,4800.0,320.0,160.0,20.0
2006106N,05/09/2006,"4,8,14,22,41,48",39,,,37656338.0,6081615.0,10,953800.0,10,35325.0,4800.0,320.0,160.0,20.0
2006107N,07/09/2006,"5,8,15,25,33,48",11,,,27466609.0,5000000.0,5,177520.0,30,23280.0,4800.0,320.0,160.0,20.0
2006108N,09/09/2006,"8,12,14,17,23,25",10,,,24236371.0,0.0,0,184035.0,25,25090.0,4800.0,320.0,160.0,20.0
2006109N,12/09/2006,"2,32,40,41,43,45",30,,,32847076.0,0.0,0,546550.0,15,63365.0,4800.0,320.0,160.0,20.0
2006110N,14/09/2006,"12,26,27,28,32,46",47,,,37086919.0,15340350.0,5,451780.0,20,35430.0,4800.0,320.0,160.0,20.0
2006111N,17/09/2006,"5,11,14,20,22,41",33,,,24880950.0,0.0,0,1125210.0,5,34095.0,4800.0,320.0,160.0,20.0
2006112N,19/09/2006,"3,11,22,25,27,33",21,,,31689883.0,0.0,0,196435.0,30,20675.0,4800.0,320.0,160.0,20.0
2006113N,21/09/2006,"1,22,33,40,43,48",35,,,38765483.0,0.0,0,1908245.0,5,47555.0,4800.0,320.0,160.0,20.0
2006114N,23/09/2006,"3,13,20,34,37,40",11,,,42720058.0,0.0,0,727520.0,15,57625.0,4800.0,320.0,160.0,20.0
2006115N,26/09/2006,"7,9,15,18,32,43",8,MAF,中秋金多寶,112391989.0,0.0,0,400140.0,60,32330.0,4800.0,320.0,160.0,20.0
2006116N,28/09/2006,"5,15,22,30,42,49",37,,,128435157.0,61711125.0,5,1072550.0,30,49310.0,4800.0,320.0,160.0,20.0
2006117N,30/09/2006,"1,2,4,11,12,23",6,,,24296521.0,0.0,0,19200.0,115,9600.0,4800.0,320.0,160.0,20.0
2006118N,03/10/2006,"1,5,9,19,35,45",30,,,34365781.0,0.0,0,309920.0,20,16365.0,4800.0,320.0,160.0,20.0
2006119N,05/10/2006,"5,9,16,32,35,42",4,,,44446235.0,7634705.0,10,727815.0,15,42190.0,4800.0,320.0,160.0,20.0
2006120N,08/10/2006,"1,4,17,22,27,28",15,,,26740048.0,5000000.0,5,0.0,0,22875.0,4800.0,320.0,160.0,20.0
2006121N,10/10/2006,"6,8,22,39,40,47",17,,,29660423.0,0.0,0,754010.0,10,56635.0,4800.0,320.0,160.0,20.0
2006122N,12/10/2006,"5,9,10,22,26,38",39,,,35087608.0,0.0,0,211245.0,25,11685.0,4800.0,320.0,160.0,20.0
2006123N,14/10/2006,"3,16,20,36,41,49",45,,,38097864.0,0.0,0,2036055.0,5,52710.0,4800.0,320.0,160.0,20.0
2006124N,17/10/2006,"5,22,29,33,36,40",32,,,57801329.0,0.0,0,0.0,0,31980.0,4800.0,320.0,160.0,20.0
2006125N,19/10/2006,"9,11,15,29,35,44",18,,,79847114.0,0.0,0,872380.0,20,36490.0,4800.0,320.0,160.0,20.0
2006126N,22/10/2006,"3,18,24,26,42,43",16,,,99660931.0,0.0,0,804405.0,30,44075.0,4800.0,320.0,160.0,20.0
2006127N,24/10/2006,"12,28,29,30,44,48",34,,,130729430.0,34357880.0,10,631265.0,50,42830.0,4800.0,320.0,160.0,20.0
2006128N,26/10/2006,"5,8,13,17,26,41",22,,,27702784.0,0.0,0,554525.0,10,30805.0,4800.0,320.0,160.0,20.0
2006129N,28/10/2006,"7,28,33,35,42,44",41,,,31988642.0,0.0,0,777485.0,10,37355.0,4800.0,320.0,160.0,20.0
2006130N,31/10/2006,"1,6,13,28,35,44",30,,,44418674.0,16124660.0,5,538310.0,20,47845.0,4800.0,320.0,160.0,20.0
2006131N,02/11/2006,"5,7,28,35,36,39",31,,,28527847.0,5000000.0,5,0.0,0,35045.0,4800.0,320.0,160.0,20.0
2006132N,05/11/2006,"11,22,38,41,42,45",20,,,29014115.0,0.0,0,687330.0,10,49535.0,4800.0,320.0,160.0,20.0
2006133N,09/11/2006,"2,21,22,34,36,38",45,,,44710080.0,0.0,0,723915.0,15,44205.0,4800.0,320.0,160.0,20.0
2006134N,11/11/2006,"10,13,18,21,31,48",17,,,40267345.0,17778925.0,5,488725.0,20,46625.0,4800.0,320.0,160.0,20.0
2006135N,14/11/2006,"8,14,20,34,36,49",46,STE,周二勁賞金多寶,84307017.0,16333130.0,10,603155.0,35,46330.0,4800.0,320.0,160.0,20.0
2006136N,16/11/2006,"3,10,12,32,35,44",41,,,27329783.0,0.0,0,461630.0,15,65945.0,4800.0,320.0,160.0,20.0
2006137N,18/11/2006,"10,11,14,34,40,49",43,,,30664141.0,9639245.0,5,773205.0,10,54260.0,4800.0,320.0,160.0,20.0
2006138N,21/11/2006,"3,7,16,26,31,35",18,,,27907588.0,0.0,0,293715.0,20,25470.0,4800.0,320.0,160.0,20.0
2006139N,23/11/2006,"6,10,19,32,41,49",5,,,32490459.0,0.0,0,777475.0,10,47660.0,4800.0,320.0,160.0,20.0
2006140N,25/11/2006,"7,18,30,35,36,49",29,,,36300349.0,5139965.0,15,959170.0,5,37300.0,4800.0,320.0,160.0,20.0
2006141N,28/11/2006,"6,10,21,23,35,36",8,,,28680105.0,5000000.0,5,210980.0,25,22870.0,4800.0,320.0,160.0,20.0
2006142N,30/11/2006,"5,8,9,27,31,35",15,,,26888231.0,0.0,0,428715.0,10,14290.0,4800.0,320.0,160.0,20.0
2006143N,03/12/2006,"10,22,25,32,34,44",30,,,31181034.0,0.0,0,431435.0,15,37110.0,4800.0,320.0,160.0,20.0
2006144N,05/12/2006,"20,21,38,41,45,46",14,,,39157823.0,15068405.0,5,515455.0,20,59760.0,4800.0,320.0,160.0,20.0
2006145N,07/12/2006,"5,8,10,27,34,40",47,,,26483983.0,0.0,0,533115.0,10,21060.0,4800.0,320.0,160.0,20.0
2006146N,09/12/2006,"21,22,24,28,43,48",44,,,29616221.0,0.0,0,730805.0,10,48720.0,4800.0,320.0,160.0,20.0
2006147N,12/12/2006,"6,15,26,30,39,41",14,,,42276261.0,7874250.0,10,707070.0,15,34490.0,4800.0,320.0,160.0,20.0
2006148N,14/12/2006,"2,14,15,29,37,47",45,,,25798614.0,0.0,0,1349815.0,5,39990.0,4800.0,320.0,160.0,20.0
2006149N,17/12/2006,"9,13,17,21,22,33",41,,,31534837.0,0.0,0,216175.0,25,13815.0,4800.0,320.0,160.0,20.0
2006150N,19/12/2006,"5,11,17,32,33,48",4,XMS,聖誕金多寶,97282229.0,10498190.0,20,1166060.0,20,35840.0,4800.0,320.0,160.0,20.0
2006151N,21/12/2006,"5,28,35,46,48,49",11,,,25866714.0,5000000.0,5,0.0,0,48475.0,4800.0,320.0,160.0,20.0
2006152N,24/12/2006,"16,29,31,34,39,42",41,,,28166881.0,0.0,0,740165.0,10,69255.0,4800.0,320.0,160.0,20.0
2006153N,28/12/2006,"3,11,14,20,27,44",43,,,39240398.0,0.0,0,475655.0,20,45300.0,4800.0,320.0,160.0,20.0
2006154N,30/12/2006,"5,6,7,21,30,40",42,,,40511838.0,5417205.0,15,405540.0,20,21520.0,4800.0,320.0,160.0,20.0
2007001N,02/01/2007,"6,12,14,30,32,38",41,,,28135910.0,0.0,0,680080.0,10,38750.0,4800.0,320.0,160.0,20.0
2007002N,04/01/2007,"7,8,33,40,42,49",13,,,33500698.0,9733255.0,5,394435.0,20,48920.0,4800.0,320.0,160.0,20.0
2007003N,06/01/2007,"3,17,33,38,43,49",14,,,25931583.0,0.0,0,625730.0,10,41200.0,4800.0,320.0,160.0,20.0
2007004N,09/01/2007,"11,14,16,19,34,43",48,,,34130644.0,0.0,0,1749515.0,5,49630.0,4800.0,320.0,160.0,20.0
2007005N,11/01/2007,"1,2,10,27,40,41",43,,,41331518.0,0.0,0,976805.0,10,32640.0,4800.0,320.0,160.0,20.0
2007006N,13/01/2007,"6,7,25,28,38,45",16,,,53275959.0,0.0,0,1200665.0,10,35975.0,4800.0,320.0,160.0,20.0
2007007N,16/01/2007,"4,14,23,25,38,42",10,,,83635196.0,35448515.0,5,505630.0,40,45320.0,4800.0,320.0,160.0,20.0
2007008N,18/01/2007,"7,10,33,39,48,49",42,,,26789750.0,5000000.0,5,287925.0,20,26245.0,4800.0,320.0,160.0,20.0
2007009N,21/01/2007,"9,18,26,28,36,44",19,,,26914783.0,0.0,0,235595.0,20,13730.0,4800.0,320.0,160.0,20.0
2007010N,23/01/2007,"6,19,25,31,32,35",15,,,33119348.0,0.0,0,527935.0,15,55865.0,4800.0,320.0,160.0,20.0
2007011N,25/01/2007,"5,6,23,24,38,48",30,,,40968068.0,3783660.0,20,358880.0,25,35975.0,4800.0,320.0,160.0,20.0
2007012N,27/01/2007,"11,25,26,36,39,41",16,,,24920557.0,2500000.0,10,391170.0,15,46020.0,4800.0,320.0,160.0,20.0
2007013N,30/01/2007,"9,11,12,14,18,24",38,,,29132568.0,2500000.0,10,0.0,0,18360.0,4800.0,320.0,160.0,20.0
2007014N,01/02/2007,"8,13,32,33,39,47",17,,,28493788.0,5075335.0,5,1302965.0,5,38605.0,4800.0,320.0,160.0,20.0
2007015N,03/02/2007,"6,11,12,19,27,39",28,,,26199733.0,0.0,0,472785.0,10,20010.0,4800.0,320.0,160.0,20.0
2007016N,06/02/2007,"11,12,19,22,42,47",36,CNY,新春金多寶,123477246.0,27617675.0,10,2872555.0,10,38880.0,4800.0,320.0,160.0,20.0
2007017N,08/02/2007,"9,24,26,27,37,44",3,,,27402403.0,0.0,0,651655.0,10,54300.0,4800.0,320.0,160.0,20.0
2007018N,11/02/2007,"11,22,25,32,41,45",1,,,33095179.0,0.0,0,375975.0,20,34870.0,4800.0,320.0,160.0,20.0
2007019N,13/02/2007,"3,13,14,21,22,32",7,,,43342515.0,0.0,0,591435.0,15,25435.0,4800.0,320.0,160.0,20.0
2007020N,15/02/2007,"7,15,17,38,45,48",46,,,61602667.0,24094410.0,5,771645.0,20,43780.0,4800.0,320.0,160.0,20.0
2007021N,17/02/2007,"9,16,17,28,33,42",29,,,27207382.0,2500000.0,10,524750.0,10,18830.0,4800.0,320.0,160.0,20.0
2007022N,19/02/2007,"4,17,18,35,37,47",32,,,21562725.0,0.0,0,0.0,0,55135.0,4800.0,320.0,160.0,20.0
2007023N,22/02/2007,"2,8,11,18,32,39",46,,,40826402.0,0.0,0,820510.0,10,23525.0,4800.0,320.0,160.0,20.0
2007024N,24/02/2007,"7,9,22,24,32,36",8,,,43771975.0,7455665.0,10,161320.0,40,13440.0,4800.0,320.0,160.0,20.0
2007025N,27/02/2007,"9,10,16,30,38,41",2,,,32568893.0,0.0,0,730980.0,10,35120.0,4800.0,320.0,160.0,20.0
2007026N,01/03/2007,"16,18,25,29,33,43",41,,,35343817.0,0.0,0,898255.0,10,53825.0,4800.0,320.0,160.0,20.0
2007027N,03/03/2007,"4,10,30,35,43,46",14,,,40961213.0,16878655.0,5,2163030.0,5,55460.0,4800.0,320.0,160.0,20.0
2007028N,06/03/2007,"5,8,22,27,32,41",45,,,30948979.0,5000000.0,5,441465.0,15,25965.0,4800.0,320.0,160.0,20.0
2007029N,08/03/2007,"6,12,16,25,33,49",48,,,28667966.0,0.0,0,649415.0,10,45570.0,4800.0,320.0,160.0,20.0
2007030N,11/03/2007,"2,7,16,30,37,39",20,,,32853916.0,0.0,0,0.0,0,62185.0,4800.0,320.0,160.0,20.0
2007031N,13/03/2007,"1,4,12,35,39,46",14,,,43789883.0,0.0,0,748535.0,15,71285.0,4800.0,320.0,160.0,20.0
2007032N,15/03/2007,"1,14,39,40,45,49",42,,,59866231.0,27400935.0,5,3075920.0,5,46600.0,4800.0,320.0,160.0,20.0
2007033N,17/03/2007,"21,23,26,36,45,49",2,,,24932078.0,0.0,0,0.0,0,84435.0,4800.0,320.0,160.0,20.0
2007034N,20/03/2007,"1,11,23,37,42,43",24,,,37431593.0,0.0,0,1811295.0,5,43510.0,4800.0,320.0,160.0,20.0
2007035N,22/03/2007,"6,9,12,15,43,47",49,,,44016720.0,0.0,0,1064660.0,10,57355.0,4800.0,320.0,160.0,20.0
2007036N,24/03/2007,"2,5,6,12,22,40",24,,,52263535.0,7902180.0,15,264510.0,35,19750.0,4800.0,320.0,160.0,20.0
2007037N,27/03/2007,"12,21,24,32,36,46",13,EAS,復活節金多寶,88665715.0,32806085.0,5,853735.0,25,37320.0,4800.0,320.0,160.0,20.0
2007038N,29/03/2007,"2,22,23,40,44,45",32,,,26867023.0,0.0,0,310265.0,20,36365.0,4800.0,320.0,160.0,20.0
2007039N,01/04/2007,"16,17,21,28,38,45",10,,,32756438.0,9723375.0,5,1574455.0,5,47170.0,4800.0,320.0,160.0,20.0
2007040N,03/04/2007,"9,22,30,41,42,48",49,,,26756586.0,2500000.0,10,379100.0,15,48915.0,4800.0,320.0,160.0,20.0
2007041N,05/04/2007,"13,33,35,39,40,48",27,,,24128532.0,0.0,0,393895.0,15,38425.0,4800.0,320.0,160.0,20.0
2007042N,07/04/2007,"5,7,8,23,36,41",24,,,27208518.0,0.0,0,149550.0,35,30015.0,4800.0,320.0,160.0,20.0
2007043N,10/04/2007,"6,9,13,31,40,45",47,,,36092590.0,0.0,0,544690.0,15,27755.0,4800.0,320.0,160.0,20.0
2007044N,12/04/2007,"4,8,24,27,35,45",15,,,51862717.0,20229260.0,5,1197735.0,10,49905.0,4800.0,320.0,160.0,20.0
2007045N,15/04/2007,"11,14,19,35,44,49",10,,,26626032.0,5000000.0,5,1345980.0,5,52015.0,4800.0,320.0,160.0,20.0
2007046N,17/04/2007,"2,20,40,43,45,49",38,,,26877024.0,0.0,0,1385605.0,5,48615.0,4800.0,320.0,160.0,20.0
2007047N,19/04/2007,"7,9,15,29,32,48",38,,,32545192.0,0.0,0,1471045.0,5,50290.0,4800.0,320.0,160.0,20.0
2007048N,21/04/2007,"19,27,41,42,44,49",20,,,36721143.0,0.0,0,0.0,0,63305.0,4800.0,320.0,160.0,20.0
2007049N,24/04/2007,"4,6,7,14,19,37",9,,,56524532.0,0.0,0,239390.0,45,25085.0,4800.0,320.0,160.0,20.0
2007050N,26/04/2007,"17,22,24,35,37,40",11,,,76816623.0,0.0,0,346395.0,50,34390.0,4800.0,320.0,160.0,20.0
2007051N,30/04/2007,"10,11,18,27,38,44",37,,,120178547.0,0.0,0,1354395.0,20,36025.0,4800.0,320.0,160.0,20.0
2007052N,03/05/2007,"3,17,32,44,46,47",33,,,166671183.0,37398375.0,10,903460.0,45,47340.0,4800.0,320.0,160.0,20.0
2007053N,05/05/2007,"7,9,11,20,45,49",42,,,27556174.0,0.0,0,460425.0,10,13060.0,4800.0,320.0,160.0,20.0
2007054N,08/05/2007,"11,20,23,30,46,48",22,STE,周二勁賞金多寶,93653315.0,34012760.0,5,583865.0,40,50835.0,4800.0,320.0,160.0,20.0
2007055N,10/05/2007,"4,6,12,14,41,46",15,,,29558549.0,5000000.0,5,0.0,0,42720.0,4800.0,320.0,160.0,20.0
2007056N,13/05/2007,"14,16,25,28,36,38",40,,,29750892.0,5607570.0,5,0.0,0,28590.0,4800.0,320.0,160.0,20.0
2007057N,15/05/2007,"12,30,33,36,42,43",15,,,30116229.0,0.0,0,0.0,0,37910.0,4800.0,320.0,160.0,20.0
2007058N,17/05/2007,"4,5,14,27,37,39",35,,,37573491.0,0.0,0,1768240.0,5,39290.0,4800.0,320.0,160.0,20.0
2007059N,19/05/2007,"21,24,31,36,38,46",43,,,39075791.0,0.0,0,980850.0,10,51285.0,4800.0,320.0,160.0,20.0
2007060N,22/05/2007,"20,21,23,28,38,40",13,,,61323426.0,13568175.0,10,486825.0,30,34010.0,4800.0,320.0,160.0,20.0
2007061N,26/05/2007,"23,24,26,29,36,41",12,,,31114430.0,5000000.0,5,1456805.0,5,32645.0,4800.0,320.0,160.0,20.0
2007062N,29/05/2007,"2,8,12,25,29,46",7,,,29255131.0,0.0,0,393095.0,15,31135.0,4800.0,320.0,160.0,20.0
2007063N,31/05/2007,"1,4,7,20,25,38",17,,,32579819.0,0.0,0,431350.0,15,23635.0,4800.0,320.0,160.0,20.0
2007064N,02/06/2007,"16,20,26,27,42,46",32,,,36223786.0,0.0,0,612740.0,15,64495.0,4800.0,320.0,160.0,20.0
2007065N,05/06/2007,"5,9,11,21,22,37",32,,,55225336.0,20233800.0,5,277945.0,35,14865.0,4800.0,320.0,160.0,20.0
2007066N,07/06/2007,"1,4,15,34,44,47",7,,,27206975.0,0.0,0,237015.0,25,24495.0,4800.0,320.0,160.0,20.0
2007067N,10/06/2007,"1,6,9,36,37,48",13,,,32586844.0,0.0,0,1308115.0,5,23730.0,4800.0,320.0,160.0,20.0
2007068N,12/06/2007,"7,30,31,41,45,47",4,DBF,端午金多寶,87293177.0,0.0,0,1461170.0,15,52415.0,4800.0,320.0,160.0,20.0
2007069N,14/06/2007,"3,19,21,29,33,41",46,,,95801154.0,46778775.0,5,504745.0,45,36930.0,4800.0,320.0,160.0,20.0
2007070N,16/06/2007,"3,15,18,19,28,37",30,,,25088578.0,0.0,0,1179165.0,5,43670.0,4800.0,320.0,160.0,20.0
2007071N,19/06/2007,"4,8,11,12,20,32",47,,,34806048.0,4346315.0,10,175835.0,35,12480.0,4800.0,320.0,160.0,20.0
2007072N,21/06/2007,"1,5,11,26,43,45",22,,,27387244.0,5000000.0,5,310815.0,20,38105.0,4800.0,320.0,160.0,20.0
2007073N,23/06/2007,"10,24,27,28,31,38",23,,,25269702.0,0.0,0,71390.0,70,25140.0,4800.0,320.0,160.0,20.0
2007074N,26/06/2007,"2,17,24,32,35,47",34,,,33195433.0,0.0,0,418335.0,20,45070.0,4800.0,320.0,160.0,20.0
2007075N,28/06/2007,"4,15,38,40,41,46",33,,,43076548.0,0.0,0,711710.0,15,55275.0,4800.0,320.0,160.0,20.0
2007076N,30/06/2007,"1,4,10,18,37,44",20,,,48642514.0,0.0,0,1123635.0,10,42805.0,4800.0,320.0,160.0,20.0
2007077N,03/07/2007,"16,22,35,36,45,48",32,,,72005830.0,0.0,0,474345.0,35,33535.0,4800.0,320.0,160.0,20.0
2007078N,05/07/2007,"14,23,25,26,35,38",21,,,88278621.0,15076990.0,15,672355.0,30,43550.0,4800.0,320.0,160.0,20.0
2007079N,07/07/2007,"4,8,10,15,35,45",16,,,26513119.0,5000000.0,5,541530.0,10,26495.0,4800.0,320.0,160.0,20.0
2007080N,10/07/2007,"12,13,17,24,31,43",49,,,30134293.0,0.0,0,460725.0,15,37995.0,4800.0,320.0,160.0,20.0
2007081N,12/07/2007,"6,16,17,18,22,49",33,,,33592180.0,0.0,0,741300.0,10,42055.0,4800.0,320.0,160.0,20.0
2007082N,14/07/2007,"10,19,24,30,45,49",34,,,38274252.0,0.0,0,264800.0,35,49430.0,4800.0,320.0,160.0,20.0
2007083N,17/07/2007,"5,10,12,13,16,42",41,,,56565987.0,0.0,0,921915.0,15,43640.0,4800.0,320.0,160.0,20.0
2007084N,19/07/2007,"1,26,27,36,42,45",12,,,71675372.0,33919735.0,5,505415.0,35,51270.0,4800.0,320.0,160.0,20.0
2007085N,21/07/2007,"5,9,18,40,43,45",17,,,24794729.0,0.0,0,612275.0,10,41865.0,4800.0,320.0,160.0,20.0
2007086N,24/07/2007,"16,26,30,36,41,49",13,,,35478768.0,0.0,0,343385.0,25,52025.0,4800.0,320.0,160.0,20.0
2007087N,26/07/2007,"13,22,28,32,37,46",17,,,40472698.0,16016490.0,5,325870.0,30,42385.0,4800.0,320.0,160.0,20.0
2007088N,28/07/2007,"18,21,29,30,31,38",34,,,25474338.0,5000000.0,5,356755.0,15,19955.0,4800.0,320.0,160.0,20.0
2007089N,31/07/2007,"3,4,21,43,47,48",7,SMR,暑期金多寶,76301456.0,0.0,0,495220.0,35,52225.0,4800.0,320.0,160.0,20.0
2007090N,02/08/2007,"8,22,29,35,40,41",6,,,85016589.0,0.0,0,570455.0,35,34350.0,4800.0,320.0,160.0,20.0
2007091N,07/08/2007,"1,14,26,32,45,48",46,,,142201689.0,31844760.0,10,1775845.0,20,48075.0,4800.0,320.0,160.0,20.0
2007092N,09/08/2007,"3,4,5,12,17,44",37,,,26876319.0,0.0,0,580340.0,10,23445.0,4800.0,320.0,160.0,20.0
2007093N,11/08/2007,"6,9,35,38,43,44",41,,,28637496.0,0.0,0,221910.0,30,31420.0,4800.0,320.0,160.0,20.0
2007094N,14/08/2007,"7,9,12,27,29,40",5,,,45014516.0,13713610.0,5,196630.0,40,16195.0,4800.0,320.0,160.0,20.0
2007095N,16/08/2007,"14,16,18,26,30,35",10,,,26774871.0,0.0,0,568095.0,10,32575.0,4800.0,320.0,160.0,20.0
2007096N,18/08/2007,"14,18,22,31,35,40",46,,,31327070.0,0.0,0,536190.0,15,46420.0,4800.0,320.0,160.0,20.0
2007097N,21/08/2007,"10,13,22,33,36,48",31,,,44193153.0,7753615.0,10,315635.0,30,23705.0,4800.0,320.0,160.0,20.0
2007098N,24/08/2007,"10,19,20,28,37,43",6,,,29712250.0,0.0,0,459165.0,15,26425.0,4800.0,320.0,160.0,20.0
2007099N,26/08/2007,"6,20,23,42,44,45",13,,,28845878.0,0.0,0,760150.0,10,75075.0,4800.0,320.0,160.0,20.0
2007100N,28/08/2007,"4,9,20,27,37,43",7,,,39971316.0,15113830.0,5,925485.0,10,51415.0,4800.0,320.0,160.0,20.0
2007101N,30/08/2007,"3,4,13,23,34,39",37,,,26304551.0,0.0,0,298050.0,20,32110.0,4800.0,320.0,160.0,20.0
2007102N,01/09/2007,"2,6,16,38,39,44",15,,,30247015.0,0.0,0,372265.0,20,51565.0,4800.0,320.0,160.0,20.0
2007103N,04/09/2007,"6,28,38,44,45,49",34,,,42667512.0,0.0,0,528615.0,20,35685.0,4800.0,320.0,160.0,20.0
2007104N,06/09/2007,"4,12,18,35,40,44",38,,,54837100.0,23652930.0,5,653520.0,20,36880.0,4800.0,320.0,160.0,20.0
2007105N,08/09/2007,"1,3,14,31,34,35",16,,,24543119.0,0.0,0,0.0,0,45150.0,4800.0,320.0,160.0,20.0
2007106N,11/09/2007,"14,23,26,35,36,44",5,,,36357760.0,0.0,0,238950.0,35,30505.0,4800.0,320.0,160.0,20.0
2007107N,13/09/2007,"8,14,15,25,32,38",11,,,41595377.0,0.0,0,408260.0,20,24005.0,4800.0,320.0,160.0,20.0
2007108N,16/09/2007,"6,7,8,17,24,27",38,,,52521753.0,21434160.0,5,356580.0,25,14230.0,4800.0,320.0,160.0,20.0
2007109N,18/09/2007,"10,12,24,37,41,43",17,MAF,中秋金多寶,94122619.0,20863520.0,10,571960.0,40,41930.0,4800.0,320.0,160.0,20.0
2007110N,20/09/2007,"6,11,13,28,40,41",49,,,26287697.0,0.0,0,653250.0,10,60065.0,4800.0,320.0,160.0,20.0
2007111N,22/09/2007,"5,6,24,44,48,49",45,,,29998806.0,8924890.0,5,163535.0,40,29315.0,4800.0,320.0,160.0,20.0
2007112N,25/09/2007,"2,8,16,24,25,34",40,,,29215223.0,0.0,0,0.0,0,21845.0,4800.0,320.0,160.0,20.0
2007113N,27/09/2007,"6,9,17,23,34,45",2,,,32201618.0,0.0,0,1392010.0,5,32560.0,4800.0,320.0,160.0,20.0
2007114N,29/09/2007,"35,41,42,44,47,49",48,,,37398898.0,0.0,0,106300.0,75,32210.0,4800.0,320.0,160.0,20.0
2007115N,02/10/2007,"10,21,30,34,37,43",17,,,52909789.0,0.0,0,1257365.0,10,37255.0,4800.0,320.0,160.0,20.0
2007116N,04/10/2007,"6,14,28,29,37,38",12,,,72456177.0,32007100.0,5,775315.0,20,34540.0,4800.0,320.0,160.0,20.0
2007117N,06/10/2007,"7,20,25,33,38,45",26,,,25395155.0,5000000.0,5,1217205.0,5,42150.0,4800.0,320.0,160.0,20.0
2007118N,09/10/2007,"9,10,16,23,32,49",19,,,30904284.0,2500000.0,10,608540.0,10,22535.0,4800.0,320.0,160.0,20.0
2007119N,11/10/2007,"12,19,23,26,33,42",27,,,27901130.0,0.0,0,660920.0,10,34900.0,4800.0,320.0,160.0,20.0
2007120N,13/10/2007,"23,24,25,27,43,45",11,,,31972361.0,9182945.0,5,697155.0,10,20885.0,4800.0,320.0,160.0,20.0
2007121N,16/10/2007,"6,10,11,14,31,40",49,SBD,金多寶攪珠,73290668.0,0.0,0,528970.0,30,30225.0,4800.0,320.0,160.0,20.0
2007122N,18/10/2007,"1,2,37,39,47,48",34,,,83729700.0,42021875.0,5,1041695.0,20,40550.0,4800.0,320.0,160.0,20.0
2007123N,20/10/2007,"4,14,18,19,30,42",34,,,24751229.0,0.0,0,1231725.0,5,47600.0,4800.0,320.0,160.0,20.0
2007124N,23/10/2007,"6,13,21,29,31,37",25,,,36023158.0,0.0,0,1660960.0,5,30970.0,4800.0,320.0,160.0,20.0
2007125N,25/10/2007,"4,14,31,35,42,49",1,,,41596889.0,16205905.0,5,2074340.0,5,45715.0,4800.0,320.0,160.0,20.0
2007126N,27/10/2007,"2,27,30,35,43,46",36,,,25197730.0,0.0,0,1364995.0,5,71370.0,4800.0,320.0,160.0,20.0
2007127N,30/10/2007,"12,19,31,41,42,47",13,,,34058882.0,0.0,0,855635.0,10,49065.0,4800.0,320.0,160.0,20.0
2007128N,01/11/2007,"5,9,12,18,24,43",7,,,40396120.0,0.0,0,294470.0,25,24385.0,4800.0,320.0,160.0,20.0
2007129N,04/11/2007,"4,13,25,27,40,47",45,,,51522423.0,0.0,0,862610.0,15,55205.0,4800.0,320.0,160.0,20.0
2007130N,08/11/2007,"6,14,18,28,30,37",21,,,81893626.0,32493650.0,5,308460.0,55,31110.0,4800.0,320.0,160.0,20.0
2007131N,10/11/2007,"1,6,8,15,41,43",2,,,25198174.0,0.0,0,0.0,0,38460.0,4800.0,320.0,160.0,20.0
2007132N,13/11/2007,"2,6,15,30,38,42",29,,,38028523.0,0.0,0,460105.0,20,50075.0,4800.0,320.0,160.0,20.0
2007133N,15/11/2007,"12,16,18,27,41,45",29,,,44239043.0,0.0,0,1095000.0,10,44580.0,4800.0,320.0,160.0,20.0
2007134N,18/11/2007,"1,4,6,20,25,32",43,,,54673781.0,25947485.0,5,860615.0,15,44130.0,4800.0,320.0,160.0,20.0
2007135N,20/11/2007,"6,13,14,22,30,44",26,,,26200468.0,0.0,0,1096245.0,5,31095.0,4800.0,320.0,160.0,20.0
2007136N,22/11/2007,"1,12,29,39,40,48",41,,,33518171.0,0.0,0,343190.0,25,51410.0,4800.0,320.0,160.0,20.0
2007137N,24/11/2007,"5,19,25,32,40,42",4,,,36930211.0,15819105.0,5,0.0,0,53625.0,4800.0,320.0,160.0,20.0
2007138N,27/11/2007,"7,25,27,33,35,45",6,,,30818096.0,0.0,0,326830.0,20,31405.0,4800.0,320.0,160.0,20.0
2007139N,29/11/2007,"10,13,19,27,43,48",8,,,33516769.0,0.0,0,1669835.0,5,57085.0,4800.0,320.0,160.0,20.0
2007140N,02/12/2007,"18,25,29,30,32,35",39,,,40070135.0,16138035.0,5,1772045.0,5,30485.0,4800.0,320.0,160.0,20.0
2007141N,04/12/2007,"18,23,26,28,30,45",15,SBD,金多寶攪珠,69337199.0,0.0,0,538295.0,30,39505.0,4800.0,320.0,160.0,20.0
2007142N,06/12/2007,"5,26,33,38,39,46",47,,,81883571.0,41882235.0,5,2032140.0,10,48380.0,4800.0,320.0,160.0,20.0
2007143N,08/12/2007,"9,14,35,38,41,42",40,,,24663462.0,0.0,0,367890.0,15,32555.0,4800.0,320.0,160.0,20.0
2007144N,11/12/2007,"16,18,24,35,40,41",47,,,35104737.0,10576700.0,5,1858900.0,5,53300.0,4800.0,320.0,160.0,20.0
2007145N,13/12/2007,"5,7,15,18,23,42",10,,,27220795.0,0.0,0,371425.0,15,33765.0,4800.0,320.0,160.0,20.0
2007146N,16/12/2007,"1,17,23,25,40,44",26,,,32295886.0,0.0,0,837960.0,10,58040.0,4800.0,320.0,160.0,20.0
2007147N,18/12/2007,"1,2,6,19,24,40",44,XMS,聖誕金多寶,90018443.0,0.0,0,587965.0,35,37585.0,4800.0,320.0,160.0,20.0
2007148N,22/12/2007,"1,9,17,28,42,46",32,,,135128960.0,60224375.0,5,1104280.0,30,52895.0,4800.0,320.0,160.0,20.0
2007149N,25/12/2007,"1,2,21,30,44,46",33,,,25594289.0,0.0,0,0.0,0,89970.0,4800.0,320.0,160.0,20.0
2007150N,27/12/2007,"7,17,37,38,40,48",43,,,33181487.0,0.0,0,1587560.0,5,34140.0,4800.0,320.0,160.0,20.0
2007151N,29/12/2007,"6,12,16,33,41,48",8,,,40728155.0,16590215.0,5,907365.0,10,44805.0,4800.0,320.0,160.0,20.0
2007152N,31/12/2007,"15,16,21,23,37,45",4,,,25273615.0,5000000.0,5,640415.0,10,50225.0,4800.0,320.0,160.0,20.0
2008001N,03/01/2008,"5,8,36,39,42,46",14,,,29726417.0,0.0,0,737120.0,10,51055.0,4800.0,320.0,160.0,20.0
2008002N,05/01/2008,"3,11,14,32,33,42",15,,,31199203.0,9450240.0,5,741705.0,10,35315.0,4800.0,320.0,160.0,20.0
2008003N,08/01/2008,"2,9,14,24,40,45",3,,,29715743.0,5000000.0,5,277870.0,25,40270.0,4800.0,320.0,160.0,20.0
2008004N,10/01/2008,"4,20,36,42,46,47",22,,,26991147.0,5000000.0,5,0.0,0,58680.0,4800.0,320.0,160.0,20.0
2008005N,13/01/2008,"8,13,18,22,26,42",43,,,27406779.0,5000000.0,5,0.0,0,26425.0,4800.0,320.0,160.0,20.0
2008006N,15/01/2008,"10,11,15,18,37,45",26,,,27807937.0,0.0,0,1322955.0,5,47035.0,4800.0,320.0,160.0,20.0
2008007N,17/01/2008,"8,19,24,35,36,40",23,,,31332554.0,0.0,0,698010.0,10,34790.0,4800.0,320.0,160.0,20.0
2008008N,19/01/2008,"4,7,8,20,32,34",24,,,35922877.0,0.0,0,0.0,0,39460.0,4800.0,320.0,160.0,20.0
2008009N,22/01/2008,"9,16,17,30,33,49",41,,,54325139.0,11196105.0,10,767775.0,15,32495.0,4800.0,320.0,160.0,20.0
2008010N,24/01/2008,"10,23,26,38,42,46",29,,,25901395.0,5000000.0,5,1210950.0,5,37115.0,4800.0,320.0,160.0,20.0
2008011N,26/01/2008,"13,15,19,22,33,38",39,,,24591480.0,2500000.0,10,907980.0,5,37365.0,4800.0,320.0,160.0,20.0
2008012N,29/01/2008,"16,22,24,33,43,44",29,CNY,新春金多寶,113801194.0,26817935.0,10,1302985.0,20,27850.0,4800.0,320.0,160.0,20.0
2008013N,31/01/2008,"24,32,41,42,48,49",10,,,25636980.0,0.0,0,627535.0,10,44035.0,4800.0,320.0,160.0,20.0
2008014N,03/02/2008,"1,34,36,37,42,46",39,,,33164002.0,0.0,0,560225.0,15,61390.0,4800.0,320.0,160.0,20.0
2008015N,05/02/2008,"3,6,36,40,43,48",8,,,45198818.0,0.0,0,690330.0,15,45265.0,4800.0,320.0,160.0,20.0
2008016N,08/02/2008,"2,16,30,31,38,48",36,,,56455565.0,12177115.0,10,899905.0,15,38495.0,4800.0,320.0,160.0,20.0
2008017N,10/02/2008,"7,24,26,30,32,39",47,,,24040492.0,0.0,0,1242475.0,5,60240.0,4800.0,320.0,160.0,20.0
2008018N,12/02/2008,"12,23,31,37,40,45",35,,,34713086.0,0.0,0,839175.0,10,50285.0,4800.0,320.0,160.0,20.0
2008019N,14/02/2008,"4,6,15,29,33,39",18,,,43526451.0,0.0,0,2028880.0,5,44710.0,4800.0,320.0,160.0,20.0
2008020N,16/02/2008,"2,5,8,22,29,41",28,,,51989303.0,10634115.0,10,131960.0,65,18080.0,4800.0,320.0,160.0,20.0
2008021N,19/02/2008,"5,15,29,32,38,39",31,,,31080937.0,0.0,0,0.0,0,40750.0,4800.0,320.0,160.0,20.0
2008022N,21/02/2008,"18,22,24,27,30,48",3,,,37007330.0,0.0,0,833865.0,10,39010.0,4800.0,320.0,160.0,20.0
2008023N,23/02/2008,"2,9,14,24,33,47",48,,,40925710.0,0.0,0,1960085.0,5,43555.0,4800.0,320.0,160.0,20.0
2008024N,26/02/2008,"9,20,23,30,34,39",13,,,59643386.0,25833460.0,5,352180.0,40,42445.0,4800.0,320.0,160.0,20.0
2008025N,28/02/2008,"6,8,13,17,35,49",45,,,27623765.0,0.0,0,426150.0,15,39185.0,4800.0,320.0,160.0,20.0
2008026N,02/03/2008,"5,7,22,30,32,35",13,,,33964361.0,9143215.0,5,690535.0,10,33480.0,4800.0,320.0,160.0,20.0
2008027N,04/03/2008,"2,5,13,20,21,49",36,,,28360951.0,0.0,0,480200.0,15,48020.0,4800.0,320.0,160.0,20.0
2008028N,06/03/2008,"7,12,24,25,39,44",27,,,33741829.0,0.0,0,784790.0,10,32955.0,4800.0,320.0,160.0,20.0
2008029N,08/03/2008,"16,25,31,36,38,49",29,,,38442535.0,0.0,0,380935.0,25,46170.0,4800.0,320.0,160.0,20.0
2008030N,11/03/2008,"5,13,15,23,28,40",17,EAS,復活節金多寶,89963207.0,0.0,0,592040.0,35,34535.0,4800.0,320.0,160.0,20.0
2008031N,13/03/2008,"12,28,31,33,36,44",7,,,95668839.0,22669515.0,10,614575.0,35,38240.0,4800.0,320.0,160.0,20.0
2008032N,15/03/2008,"8,10,21,22,30,47",28,,,25901190.0,0.0,0,370070.0,15,33260.0,4800.0,320.0,160.0,20.0
2008033N,18/03/2008,"13,23,28,30,37,44",49,,,36484095.0,0.0,0,0.0,0,37495.0,4800.0,320.0,160.0,20.0
2008034N,20/03/2008,"4,12,22,26,33,45",8,,,44897025.0,17317970.0,5,359955.0,25,29810.0,4800.0,320.0,160.0,20.0
2008035N,22/03/2008,"13,18,32,38,48,49",40,,,23207270.0,5000000.0,5,0.0,0,23515.0,4800.0,320.0,160.0,20.0
2008036N,25/03/2008,"7,14,15,22,25,35",32,,,30003264.0,2500000.0,10,419415.0,15,20840.0,4800.0,320.0,160.0,20.0
2008037N,27/03/2008,"3,4,16,32,45,48",23,,,27439760.0,0.0,0,465685.0,15,63140.0,4800.0,320.0,160.0,20.0
2008038N,29/03/2008,"6,9,30,32,39,48",4,,,30017845.0,0.0,0,1391280.0,5,37100.0,4800.0,320.0,160.0,20.0
2008039N,01/04/2008,"15,16,27,40,44,49",31,,,42090348.0,0.0,0,730705.0,15,64950.0,4800.0,320.0,160.0,20.0
2008040N,03/04/2008,"1,6,17,28,36,41",31,,,52479393.0,0.0,0,380050.0,30,32865.0,4800.0,320.0,160.0,20.0
2008041N,08/04/2008,"11,13,21,36,39,40",43,,,88689833.0,0.0,0,619545.0,35,42515.0,4800.0,320.0,160.0,20.0
2008042N,13/04/2008,"1,9,22,23,34,38",24,,,117097302.0,50615815.0,5,1000940.0,25,28395.0,4800.0,320.0,160.0,20.0
2008043N,15/04/2008,"8,25,31,38,43,48",23,STE,周二勁賞金多寶,74866457.0,30114710.0,5,1123855.0,15,36105.0,4800.0,320.0,160.0,20.0
2008044N,17/04/2008,"7,10,11,27,31,48",5,,,28012831.0,5000000.0,5,0.0,0,33690.0,4800.0,320.0,160.0,20.0
2008045N,19/04/2008,"7,10,16,19,42,46",20,,,24227575.0,5000000.0,5,534600.0,10,45255.0,4800.0,320.0,160.0,20.0
2008046N,22/04/2008,"8,14,31,36,40,46",9,,,30011998.0,0.0,0,0.0,0,51850.0,4800.0,320.0,160.0,20.0
2008047N,24/04/2008,"8,12,13,25,31,35",21,,,35669871.0,0.0,0,146585.0,50,27720.0,4800.0,320.0,160.0,20.0
2008048N,26/04/2008,"13,15,17,19,24,32",9,,,39739856.0,8290775.0,10,631850.0,15,34860.0,4800.0,320.0,160.0,20.0
2008049N,29/04/2008,"20,22,24,25,40,41",35,,,29560311.0,0.0,0,0.0,0,58935.0,4800.0,320.0,160.0,20.0
2008050N,03/05/2008,"1,3,4,5,37,39",8,,,41106047.0,10225480.0,5,310205.0,20,16300.0,4800.0,320.0,160.0,20.0
2008051N,06/05/2008,"7,8,13,26,28,49",17,,,29350013.0,5000000.0,5,1154850.0,5,22810.0,4800.0,320.0,160.0,20.0
2008052N,08/05/2008,"16,24,31,35,37,49",39,,,26705366.0,5000000.0,5,1387905.0,5,59690.0,4800.0,320.0,160.0,20.0
2008053N,10/05/2008,"5,6,27,41,47,49",40,,,24204565.0,0.0,0,0.0,0,49825.0,4800.0,320.0,160.0,20.0
2008054N,13/05/2008,"8,19,26,34,37,40",29,,,33750385.0,3793175.0,15,428855.0,20,53190.0,4800.0,320.0,160.0,20.0
2008055N,15/05/2008,"7,21,22,38,45,47",40,,,25979053.0,5000000.0,5,0.0,0,65165.0,4800.0,320.0,160.0,20.0
2008056N,17/05/2008,"3,18,24,45,46,48",31,,,24755909.0,0.0,0,646665.0,10,76640.0,4800.0,320.0,160.0,20.0
2008057N,20/05/2008,"1,4,6,23,25,47",49,SBD,金多寶攪珠,54287613.0,13369550.0,10,561590.0,20,30405.0,4800.0,320.0,160.0,20.0
2008058N,22/05/2008,"1,19,23,29,34,41",15,,,25941473.0,0.0,0,0.0,0,81090.0,4800.0,320.0,160.0,20.0
2008059N,24/05/2008,"1,5,12,14,19,31",45,,,30384206.0,10181005.0,5,423620.0,15,19935.0,4800.0,320.0,160.0,20.0
2008060N,27/05/2008,"22,23,24,28,29,43",6,,,27461285.0,5000000.0,5,283400.0,20,16250.0,4800.0,320.0,160.0,20.0
2008061N,29/05/2008,"1,6,27,39,44,49",36,,,25334297.0,0.0,0,1173100.0,5,49655.0,4800.0,320.0,160.0,20.0
2008062N,31/05/2008,"11,26,31,34,36,42",13,,,28987230.0,0.0,0,430375.0,15,45065.0,4800.0,320.0,160.0,20.0
2008063N,03/06/2008,"5,32,33,40,41,49",30,DBF,端午金多寶,77605156.0,15394260.0,10,1798085.0,10,35255.0,4800.0,320.0,160.0,20.0
2008064N,07/06/2008,"6,11,14,23,39,45",10,,,29372124.0,1666665.0,15,739195.0,5,27815.0,4800.0,320.0,160.0,20.0
2008065N,10/06/2008,"2,7,11,20,29,45",48,,,27185578.0,0.0,0,316300.0,20,26775.0,4800.0,320.0,160.0,20.0
2008066N,12/06/2008,"4,6,9,15,22,37",3,,,31828362.0,0.0,0,177525.0,30,22905.0,4800.0,320.0,160.0,20.0
2008067N,14/06/2008,"3,15,19,40,41,44",13,,,33761447.0,0.0,0,1778940.0,5,60815.0,4800.0,320.0,160.0,20.0
2008068N,17/06/2008,"3,5,6,13,31,32",15,,,47589376.0,18784070.0,5,0.0,0,19370.0,4800.0,320.0,160.0,20.0
2008069N,19/06/2008,"2,11,18,26,39,45",24,,,28094355.0,0.0,0,1361165.0,5,36660.0,4800.0,320.0,160.0,20.0
2008070N,21/06/2008,"1,5,13,29,34,44",25,,,31206068.0,0.0,0,1497715.0,5,42485.0,4800.0,320.0,160.0,20.0
2008071N,24/06/2008,"8,9,22,27,29,42",38,STE,周二勁賞金多寶,72557412.0,0.0,0,740105.0,20,27505.0,4800.0,320.0,160.0,20.0
2008072N,27/06/2008,"8,33,39,40,46,48",24,,,89121813.0,41873410.0,5,2165350.0,10,49140.0,4800.0,320.0,160.0,20.0
2008073N,29/06/2008,"1,2,7,19,28,34",5,,,21215564.0,0.0,0,160115.0,20,20980.0,4800.0,320.0,160.0,20.0
2008074N,02/07/2008,"3,21,26,29,31,48",1,,,32813665.0,0.0,0,272590.0,30,50130.0,4800.0,320.0,160.0,20.0
2008075N,05/07/2008,"2,6,7,15,20,38",14,,,45078248.0,0.0,0,464215.0,20,31140.0,4800.0,320.0,160.0,20.0
2008076N,08/07/2008,"15,18,19,21,24,26",36,,,58758896.0,24237205.0,5,1459985.0,10,41415.0,4800.0,320.0,160.0,20.0
2008077N,10/07/2008,"5,12,17,18,41,44",32,,,26792142.0,0.0,0,678460.0,10,67005.0,4800.0,320.0,160.0,20.0
2008078N,12/07/2008,"5,21,25,27,38,40",11,,,30946498.0,0.0,0,490245.0,15,43575.0,4800.0,320.0,160.0,20.0
2008079N,15/07/2008,"9,17,19,24,38,47",3,,,43380589.0,0.0,0,669535.0,15,42850.0,4800.0,320.0,160.0,20.0
2008080N,17/07/2008,"15,18,25,27,38,47",2,,,52398628.0,23170400.0,5,644360.0,20,44340.0,4800.0,320.0,160.0,20.0
2008081N,19/07/2008,"1,18,24,29,35,46",2,,,24596334.0,0.0,0,609870.0,10,42795.0,4800.0,320.0,160.0,20.0
2008082N,22/07/2008,"10,29,33,40,43,45",8,,,34896895.0,0.0,0,862970.0,10,52900.0,4800.0,320.0,160.0,20.0
2008083N,24/07/2008,"5,15,29,31,38,45",48,,,40159944.0,14898955.0,5,524565.0,15,14370.0,4800.0,320.0,160.0,20.0
2008084N,26/07/2008,"9,10,12,13,41,48",6,,,24880033.0,0.0,0,548285.0,10,49560.0,4800.0,320.0,160.0,20.0
2008085N,29/07/2008,"7,15,25,34,35,38",6,SMR,暑期金多寶,75518001.0,0.0,0,450145.0,35,28290.0,4800.0,320.0,160.0,20.0
2008086N,31/07/2008,"1,8,25,33,34,41",28,,,85048139.0,13827980.0,15,1002570.0,20,33520.0,4800.0,320.0,160.0,20.0
2008087N,02/08/2008,"4,6,8,11,33,35",25,,,25529823.0,5000000.0,5,0.0,0,20405.0,4800.0,320.0,160.0,20.0
2008088N,05/08/2008,"6,11,16,38,42,49",40,,,30626919.0,0.0,0,376020.0,20,46100.0,4800.0,320.0,160.0,20.0
2008089N,07/08/2008,"3,17,23,24,30,47",26,,,31810457.0,4860685.0,10,181330.0,40,25615.0,4800.0,320.0,160.0,20.0
2008090N,09/08/2008,"8,15,19,21,32,42",10,,,24898736.0,0.0,0,584050.0,10,55620.0,4800.0,320.0,160.0,20.0
2008091N,12/08/2008,"10,11,15,26,28,31",43,,,34131272.0,0.0,0,525575.0,15,33905.0,4800.0,320.0,160.0,20.0
2008092N,14/08/2008,"16,20,23,27,41,46",6,,,40221233.0,16071565.0,5,528445.0,20,78285.0,4800.0,320.0,160.0,20.0
2008093N,16/08/2008,"14,25,32,38,43,46",35,,,24317763.0,5000000.0,5,625115.0,10,46305.0,4800.0,320.0,160.0,20.0
2008094N,19/08/2008,"7,19,24,26,32,39",20,,,28387309.0,0.0,0,342835.0,20,33860.0,4800.0,320.0,160.0,20.0
2008095N,21/08/2008,"1,3,20,21,35,37",46,,,31098537.0,0.0,0,522440.0,15,48595.0,4800.0,320.0,160.0,20.0
2008096N,23/08/2008,"3,9,10,20,25,34",41,,,29946843.0,13831390.0,5,1376470.0,5,28900.0,4800.0,320.0,160.0,20.0
2008097N,26/08/2008,"2,13,19,25,30,43",44,,,27681710.0,0.0,0,1425725.0,5,50025.0,4800.0,320.0,160.0,20.0
2008098N,28/08/2008,"1,21,27,31,34,38",10,,,31389892.0,0.0,0,1452825.0,5,44530.0,4800.0,320.0,160.0,20.0
2008099N,30/08/2008,"2,8,10,37,44,49",22,,,34270616.0,0.0,0,812910.0,10,59390.0,4800.0,320.0,160.0,20.0
2008100N,02/09/2008,"9,13,16,22,24,31",18,,,50319031.0,0.0,0,1050495.0,10,33150.0,4800.0,320.0,160.0,20.0
2008101N,04/09/2008,"7,17,22,26,31,42",12,,,65141481.0,0.0,0,598705.0,25,40235.0,4800.0,320.0,160.0,20.0
2008102N,06/09/2008,"4,10,18,22,23,38",35,,,80180575.0,19842215.0,10,484040.0,35,28320.0,4800.0,320.0,160.0,20.0
2008103N,09/09/2008,"3,7,15,23,29,48",5,MAF,中秋金多寶,105388681.0,20794020.0,10,301955.0,75,34705.0,4800.0,320.0,160.0,20.0
2008104N,11/09/2008,"2,8,12,20,25,49",34,,,28028845.0,5000000.0,5,567985.0,10,20745.0,4800.0,320.0,160.0,20.0
2008105N,13/09/2008,"3,8,9,16,34,46",42,,,26411557.0,0.0,0,1165725.0,5,36145.0,4800.0,320.0,160.0,20.0
2008106N,16/09/2008,"4,9,14,25,36,40",45,,,32326152.0,9031915.0,5,671985.0,10,23730.0,4800.0,320.0,160.0,20.0
2008107N,18/09/2008,"2,17,34,38,46,49",33,,,26681126.0,5000000.0,5,721365.0,10,73985.0,4800.0,320.0,160.0,20.0
2008108N,20/09/2008,"4,5,10,27,28,49",46,,,24585622.0,0.0,0,279720.0,20,24455.0,4800.0,320.0,160.0,20.0
2008109N,25/09/2008,"1,4,15,16,29,46",30,,,42045508.0,0.0,0,2072735.0,5,42845.0,4800.0,320.0,160.0,20.0
2008110N,27/09/2008,"7,17,33,36,39,44",31,,,37569733.0,0.0,0,352515.0,25,40515.0,4800.0,320.0,160.0,20.0
2008111N,30/09/2008,"11,26,27,39,40,47",34,,,55781883.0,0.0,0,396955.0,35,46600.0,4800.0,320.0,160.0,20.0
2008112N,02/10/2008,"13,17,20,29,32,42",15,,,67622368.0,35092340.0,5,1138915.0,15,51185.0,4800.0,320.0,160.0,20.0
2008113N,04/10/2008,"4,14,16,19,22,35",9,,,24844910.0,0.0,0,316155.0,15,26905.0,4800.0,320.0,160.0,20.0
2008114N,07/10/2008,"4,10,26,34,46,49",5,,,33742275.0,4535500.0,10,271400.0,25,12140.0,4800.0,320.0,160.0,20.0
2008115N,09/10/2008,"1,2,12,19,27,38",41,SBD,金多寶攪珠,66324768.0,14349375.0,10,322175.0,45,26440.0,4800.0,320.0,160.0,20.0
2008116N,11/10/2008,"8,11,35,37,38,46",27,,,25234063.0,0.0,0,314110.0,20,50765.0,4800.0,320.0,160.0,20.0
2008117N,14/10/2008,"11,14,19,21,41,44",31,,,34681133.0,9694050.0,5,312935.0,25,38630.0,4800.0,320.0,160.0,20.0
2008118N,16/10/2008,"6,21,31,40,42,44",7,,,26833726.0,0.0,0,466935.0,15,83010.0,4800.0,320.0,160.0,20.0
2008119N,18/10/2008,"3,6,7,9,32,35",24,,,29324743.0,0.0,0,181340.0,25,16860.0,4800.0,320.0,160.0,20.0
2008120N,21/10/2008,"1,8,9,32,35,37",14,,,38950598.0,0.0,0,288970.0,30,32560.0,4800.0,320.0,160.0,20.0
2008121N,23/10/2008,"5,9,19,21,27,46",37,,,47665584.0,0.0,0,407305.0,25,28135.0,4800.0,320.0,160.0,20.0
2008122N,25/10/2008,"3,13,18,20,22,30",39,,,54034852.0,0.0,0,584900.0,20,31505.0,4800.0,320.0,160.0,20.0
2008123N,28/10/2008,"3,10,11,13,26,48",9,,,78779897.0,0.0,0,623895.0,25,28780.0,4800.0,320.0,160.0,20.0
2008124N,30/10/2008,"5,13,23,33,37,40",39,,,98437363.0,48890260.0,5,449390.0,50,42645.0,4800.0,320.0,160.0,20.0
2008125N,01/11/2008,"11,17,19,23,32,44",25,,,25560969.0,0.0,0,304665.0,20,40620.0,4800.0,320.0,160.0,20.0
2008126N,03/11/2008,"1,8,20,25,38,43",39,,,26085656.0,0.0,0,0.0,0,29445.0,4800.0,320.0,160.0,20.0
2008127N,06/11/2008,"5,6,28,35,42,43",4,,,48970365.0,0.0,0,1133640.0,10,40305.0,4800.0,320.0,160.0,20.0
2008128N,09/11/2008,"1,4,6,15,24,48",43,,,54642426.0,12176225.0,10,651990.0,20,51135.0,4800.0,320.0,160.0,20.0
2008129N,11/11/2008,"17,19,20,27,32,35",11,STE,周二勁賞金多寶,71696916.0,0.0,0,1552840.0,10,36320.0,4800.0,320.0,160.0,20.0
2008130N,13/11/2008,"9,10,20,33,34,43",42,,,83117323.0,13659900.0,15,555360.0,35,41135.0,4800.0,320.0,160.0,20.0
2008131N,15/11/2008,"2,5,8,24,32,37",35,,,26393845.0,0.0,0,197910.0,25,18450.0,4800.0,320.0,160.0,20.0
2008132N,18/11/2008,"5,11,18,28,29,32",10,,,37528101.0,0.0,0,275850.0,25,24850.0,4800.0,320.0,160.0,20.0
2008133N,20/11/2008,"4,13,31,36,40,41",49,,,42882294.0,14286415.0,5,171620.0,50,25565.0,4800.0,320.0,160.0,20.0
2008134N,22/11/2008,"1,3,4,17,24,28",7,,,25767334.0,0.0,0,108530.0,35,14895.0,4800.0,320.0,160.0,20.0
2008135N,25/11/2008,"3,9,18,38,46,48",13,,,35556622.0,0.0,0,1424555.0,5,30880.0,4800.0,320.0,160.0,20.0
2008136N,27/11/2008,"4,6,14,21,36,46",41,,,40774183.0,0.0,0,323825.0,30,34540.0,4800.0,320.0,160.0,20.0
2008137N,29/11/2008,"5,6,27,33,36,37",48,,,45720566.0,21325340.0,5,2074245.0,5,28805.0,4800.0,320.0,160.0,20.0
2008138N,02/12/2008,"3,13,29,30,31,43",8,,,29647582.0,5000000.0,5,393010.0,15,22295.0,4800.0,320.0,160.0,20.0
2008139N,04/12/2008,"8,10,28,35,37,47",12,,,27279254.0,0.0,0,616410.0,10,38675.0,4800.0,320.0,160.0,20.0
2008140N,07/12/2008,"4,9,17,26,28,30",1,,,31492017.0,0.0,0,127840.0,45,27150.0,4800.0,320.0,160.0,20.0
2008141N,09/12/2008,"7,14,21,43,44,47",35,SBD,金多寶攪珠,66984116.0,29663860.0,5,292840.0,55,40905.0,4800.0,320.0,160.0,20.0
2008142N,11/12/2008,"1,10,11,41,47,48",20,,,27211172.0,5000000.0,5,422985.0,15,26025.0,4800.0,320.0,160.0,20.0
2008143N,13/12/2008,"1,7,27,36,40,48",13,,,25319936.0,0.0,0,235605.0,25,43030.0,4800.0,320.0,160.0,20.0
2008144N,16/12/2008,"21,29,32,36,38,44",43,,,34495071.0,0.0,0,595360.0,15,41775.0,4800.0,320.0,160.0,20.0
2008145N,18/12/2008,"2,22,27,31,40,46",13,,,39727696.0,16252200.0,5,654880.0,15,54570.0,4800.0,320.0,160.0,20.0
2008146N,21/12/2008,"6,13,20,26,34,40",10,,,27337869.0,0.0,0,1273320.0,5,42440.0,4800.0,320.0,160.0,20.0
2008147N,23/12/2008,"22,24,26,29,33,48",46,XMS,聖誕金多寶,91681157.0,0.0,0,552150.0,40,43625.0,4800.0,320.0,160.0,20.0
2008148N,27/12/2008,"2,17,19,21,24,34",18,,,124008231.0,29659155.0,10,602220.0,50,42035.0,4800.0,320.0,160.0,20.0
2008149N,30/12/2008,"4,8,18,29,40,47",9,,,29249504.0,0.0,0,272815.0,25,58670.0,4800.0,320.0,160.0,20.0
2009001N,03/01/2009,"2,10,16,21,22,30",26,,,38686625.0,0.0,0,403705.0,20,24325.0,4800.0,320.0,160.0,20.0
2009002N,06/01/2009,"9,14,23,30,42,45",19,,,48100179.0,8335270.0,10,568835.0,20,37085.0,4800.0,320.0,160.0,20.0
2009003N,08/01/2009,"18,19,22,33,42,46",7,,,27872885.0,0.0,0,166170.0,40,38115.0,4800.0,320.0,160.0,20.0
2009004N,11/01/2009,"3,7,16,19,44,47",31,,,32979008.0,0.0,0,554585.0,15,64300.0,4800.0,320.0,160.0,20.0
2009005N,13/01/2009,"12,15,36,40,41,49",42,,,41892462.0,16231080.0,5,1039965.0,10,50885.0,4800.0,320.0,160.0,20.0
2009006N,15/01/2009,"6,9,10,12,24,32",30,,,26913079.0,5000000.0,5,155540.0,25,9600.0,4800.0,320.0,160.0,20.0
2009007N,17/01/2009,"1,15,16,28,29,47",37,,,25862773.0,5000000.0,5,212295.0,30,39040.0,4800.0,320.0,160.0,20.0
2009008N,20/01/2009,"5,13,22,29,34,42",37,CNY,新春金多寶,110143413.0,0.0,0,355430.0,70,31440.0,4800.0,320.0,160.0,20.0
2009009N,23/01/2009,"5,17,37,38,44,47",12,,,152457863.0,37514940.0,10,1052460.0,35,42430.0,4800.0,320.0,160.0,20.0
2009010N,25/01/2009,"4,12,19,40,44,47",49,,,24531204.0,0.0,0,1255665.0,5,57730.0,4800.0,320.0,160.0,20.0
2009011N,27/01/2009,"7,13,17,21,42,45",36,,,27183768.0,0.0,0,613020.0,10,32690.0,4800.0,320.0,160.0,20.0
2009012N,29/01/2009,"6,8,9,17,25,36",4,,,42399637.0,0.0,0,168980.0,40,14315.0,4800.0,320.0,160.0,20.0
2009013N,31/01/2009,"4,9,10,14,24,29",38,,,51724251.0,6222920.0,15,494585.0,20,15425.0,4800.0,320.0,160.0,20.0
2009014N,03/02/2009,"8,12,26,31,44,46",42,,,33234733.0,5000000.0,5,1657005.0,5,49095.0,4800.0,320.0,160.0,20.0
2009015N,05/02/2009,"3,23,25,36,46,47",20,,,30190654.0,0.0,0,777650.0,10,50575.0,4800.0,320.0,160.0,20.0
2009016N,07/02/2009,"9,12,42,44,45,48",35,,,33824023.0,0.0,0,398385.0,20,30135.0,4800.0,320.0,160.0,20.0
2009017N,10/02/2009,"4,6,14,21,24,48",8,,,48246308.0,7699240.0,10,208065.0,45,29370.0,4800.0,320.0,160.0,20.0
2009018N,12/02/2009,"10,14,22,28,32,42",36,,,29029643.0,0.0,0,424875.0,15,40950.0,4800.0,320.0,160.0,20.0
2009019N,14/02/2009,"12,17,31,37,39,46",8,,,32097496.0,0.0,0,792425.0,10,52175.0,4800.0,320.0,160.0,20.0
2009020N,17/02/2009,"8,12,15,26,39,44",6,STE,周二勁賞金多寶,68186091.0,14101445.0,10,56960.0,240,23000.0,4800.0,320.0,160.0,20.0
2009021N,19/02/2009,"6,9,16,26,29,36",8,,,28212824.0,555555.0,45,19200.0,135,9600.0,4800.0,320.0,160.0,20.0
2009022N,21/02/2009,"7,8,14,15,20,21",44,,,26539704.0,5000000.0,5,287015.0,20,21560.0,4800.0,320.0,160.0,20.0
2009023N,24/02/2009,"1,9,32,37,38,47",25,,,30556763.0,0.0,0,0.0,0,60025.0,4800.0,320.0,160.0,20.0
2009024N,26/02/2009,"14,15,19,23,24,25",2,,,36121223.0,0.0,0,1677670.0,5,26625.0,4800.0,320.0,160.0,20.0
2009025N,28/02/2009,"5,15,22,24,34,46",26,,,41053141.0,0.0,0,670405.0,15,61645.0,4800.0,320.0,160.0,20.0
2009026N,03/03/2009,"22,25,30,37,38,49",15,,,55757035.0,0.0,0,707050.0,20,56280.0,4800.0,320.0,160.0,20.0
2009027N,05/03/2009,"2,7,17,20,33,47",45,,,63475590.0,17493305.0,10,743915.0,20,34500.0,4800.0,320.0,160.0,20.0
2009028N,08/03/2009,"3,4,11,28,37,40",36,,,28239478.0,0.0,0,206830.0,30,34470.0,4800.0,320.0,160.0,20.0
2009029N,10/03/2009,"21,27,32,33,39,48",9,STE,周二勁賞金多寶,68152250.0,0.0,0,508860.0,30,39910.0,4800.0,320.0,160.0,20.0
2009030N,12/03/2009,"2,12,15,16,30,32",5,,,79256046.0,13038055.0,15,474030.0,35,28000.0,4800.0,320.0,160.0,20.0
2009031N,14/03/2009,"10,16,19,33,42,43",12,,,26448386.0,5000000.0,5,1329290.0,5,48555.0,4800.0,320.0,160.0,20.0
2009032N,17/03/2009,"11,12,14,17,21,37",10,,,30611627.0,2500000.0,10,404820.0,15,26325.0,4800.0,320.0,160.0,20.0
2009033N,19/03/2009,"6,14,18,21,32,46",43,,,28601595.0,0.0,0,1469075.0,5,42580.0,4800.0,320.0,160.0,20.0
2009034N,21/03/2009,"13,23,27,32,34,43",22,,,31164098.0,0.0,0,430015.0,15,23560.0,4800.0,320.0,160.0,20.0
2009035N,24/03/2009,"4,12,15,16,38,46",21,,,43976134.0,0.0,0,695655.0,15,49250.0,4800.0,320.0,160.0,20.0
2009036N,26/03/2009,"5,14,34,36,38,42",19,,,52685330.0,22911730.0,5,1296770.0,10,46415.0,4800.0,320.0,160.0,20.0
2009037N,29/03/2009,"24,32,36,40,42,43",47,,,27069275.0,0.0,0,1339385.0,5,44645.0,4800.0,320.0,160.0,20.0
2009038N,31/03/2009,"1,7,15,23,29,35",14,,,34843390.0,9361260.0,5,726875.0,10,24225.0,4800.0,320.0,160.0,20.0
2009039N,02/04/2009,"7,13,20,33,39,45",30,,,27971222.0,0.0,0,1362650.0,5,37460.0,4800.0,320.0,160.0,20.0
2009040N,04/04/2009,"2,6,10,17,18,46",34,,,29435096.0,0.0,0,330680.0,20,30670.0,4800.0,320.0,160.0,20.0
2009041N,07/04/2009,"4,21,22,29,41,45",14,EAS,復活節金多寶,74055441.0,31041760.0,5,525795.0,35,48830.0,4800.0,320.0,160.0,20.0
2009042N,09/04/2009,"7,9,22,29,44,49",1,,,26318566.0,0.0,0,188080.0,25,20220.0,4800.0,320.0,160.0,20.0
2009043N,11/04/2009,"3,16,25,38,45,47",35,,,27952782.0,0.0,0,1354640.0,5,46310.0,4800.0,320.0,160.0,20.0
2009044N,14/04/2009,"2,7,22,27,41,42",5,,,40435262.0,0.0,0,358770.0,25,31675.0,4800.0,320.0,160.0,20.0
2009045N,16/04/2009,"1,11,12,19,28,30",49,,,48891750.0,9855770.0,10,438830.0,20,12985.0,4800.0,320.0,160.0,20.0
2009046N,18/04/2009,"10,14,22,29,33,48",5,,,24030389.0,0.0,0,332060.0,15,26830.0,4800.0,320.0,160.0,20.0
2009047N,21/04/2009,"4,18,31,41,42,43",24,,,35289048.0,10013435.0,5,557045.0,15,45470.0,4800.0,320.0,160.0,20.0
2009048N,23/04/2009,"15,20,34,42,45,46",23,,,26715960.0,0.0,0,1385245.0,5,53535.0,4800.0,320.0,160.0,20.0
2009049N,25/04/2009,"4,17,34,38,46,49",7,,,29215389.0,0.0,0,1529335.0,5,47975.0,4800.0,320.0,160.0,20.0
2009050N,28/04/2009,"3,7,20,34,36,41",39,,,42908522.0,0.0,0,1095230.0,10,55630.0,4800.0,320.0,160.0,20.0
2009051N,30/04/2009,"8,11,21,30,38,49",35,,,50397948.0,23304255.0,5,793870.0,15,31750.0,4800.0,320.0,160.0,20.0
2009052N,02/05/2009,"1,6,18,29,39,48",10,,,22480389.0,0.0,0,964140.0,5,41465.0,4800.0,320.0,160.0,20.0
2009053N,05/05/2009,"5,29,30,31,41,45",47,,,35349229.0,5086930.0,10,862310.0,10,30055.0,4800.0,320.0,160.0,20.0
2009054N,07/05/2009,"2,3,7,9,16,34",14,,,26950202.0,5000000.0,5,162040.0,25,11020.0,4800.0,320.0,160.0,20.0
2009055N,10/05/2009,"11,14,21,28,41,48",32,,,26845908.0,0.0,0,0.0,0,45260.0,4800.0,320.0,160.0,20.0
2009056N,12/05/2009,"9,25,29,36,38,41",23,,,34858068.0,0.0,0,825030.0,10,48350.0,4800.0,320.0,160.0,20.0
2009057N,14/05/2009,"6,23,31,43,46,49",40,,,42331422.0,0.0,0,2093660.0,5,48545.0,4800.0,320.0,160.0,20.0
2009058N,16/05/2009,"3,7,11,18,20,27",2,,,47623438.0,0.0,0,133940.0,55,12755.0,4800.0,320.0,160.0,20.0
2009059N,19/05/2009,"28,33,36,38,40,45",4,,,71645335.0,32332150.0,5,576325.0,30,37180.0,4800.0,320.0,160.0,20.0
2009060N,23/05/2009,"1,8,21,32,37,46",22,,,29667530.0,0.0,0,0.0,0,38130.0,4800.0,320.0,160.0,20.0
2009061N,26/05/2009,"11,14,19,25,27,47",20,DBF,端午金多寶,78208210.0,31180415.0,5,745360.0,25,43395.0,4800.0,320.0,160.0,20.0
2009062N,28/05/2009,"2,12,20,28,46,49",31,,,23217508.0,5000000.0,5,0.0,0,39720.0,4800.0,320.0,160.0,20.0
2009063N,30/05/2009,"9,12,14,20,27,36",11,,,26331677.0,5000000.0,5,267825.0,20,28855.0,4800.0,320.0,160.0,20.0
2009064N,02/06/2009,"5,7,18,26,29,47",2,,,29192277.0,0.0,0,392545.0,15,25120.0,4800.0,320.0,160.0,20.0
2009065N,04/06/2009,"4,9,19,22,24,43",1,,,32726314.0,0.0,0,419685.0,15,27295.0,4800.0,320.0,160.0,20.0
2009066N,06/06/2009,"1,5,8,23,32,48",3,,,36036957.0,0.0,0,293335.0,20,19555.0,4800.0,320.0,160.0,20.0
2009067N,09/06/2009,"7,13,16,35,42,46",25,,,47834209.0,0.0,0,436605.0,25,37555.0,4800.0,320.0,160.0,20.0
2009068N,11/06/2009,"8,11,15,20,33,43",34,,,56641291.0,0.0,0,845945.0,15,33500.0,4800.0,320.0,160.0,20.0
2009069N,14/06/2009,"12,13,25,39,42,43",38,,,74298944.0,37337865.0,5,362595.0,50,43280.0,4800.0,320.0,160.0,20.0
2009070N,16/06/2009,"16,25,27,30,37,41",36,,,26778950.0,5000000.0,5,1419320.0,5,60075.0,4800.0,320.0,160.0,20.0
2009071N,18/06/2009,"2,11,17,19,22,26",13,,,26398877.0,5000000.0,5,171625.0,30,20645.0,4800.0,320.0,160.0,20.0
2009072N,20/06/2009,"7,11,24,32,35,49",46,,,24906257.0,5000000.0,5,609540.0,10,40635.0,4800.0,320.0,160.0,20.0
2009073N,23/06/2009,"1,19,34,39,43,48",45,STE,周二勁賞金多寶,78059293.0,40097340.0,5,806485.0,25,51450.0,4800.0,320.0,160.0,20.0
2009074N,25/06/2009,"12,19,26,30,36,45",20,,,25099706.0,0.0,0,0.0,0,49785.0,4800.0,320.0,160.0,20.0
2009075N,27/06/2009,"16,18,21,26,30,48",45,,,30020146.0,0.0,0,799975.0,10,68815.0,4800.0,320.0,160.0,20.0
2009076N,30/06/2009,"5,11,15,17,25,46",24,,,44166871.0,0.0,0,920980.0,10,27285.0,4800.0,320.0,160.0,20.0
2009077N,02/07/2009,"6,19,22,24,29,40",4,,,49009714.0,23037500.0,5,2147395.0,5,39490.0,4800.0,320.0,160.0,20.0
2009078N,04/07/2009,"2,14,17,19,20,49",26,,,25178074.0,0.0,0,437825.0,15,56490.0,4800.0,320.0,160.0,20.0
2009079N,07/07/2009,"6,27,30,38,41,47",20,,,35314773.0,10490230.0,5,1830075.0,5,61000.0,4800.0,320.0,160.0,20.0
2009080N,09/07/2009,"4,24,26,30,31,46",2,,,26534431.0,0.0,0,0.0,0,36685.0,4800.0,320.0,160.0,20.0
2009081N,11/07/2009,"2,9,18,21,32,47",26,,,31532265.0,10746100.0,5,749010.0,10,38780.0,4800.0,320.0,160.0,20.0
2009082N,14/07/2009,"2,10,19,39,46,47",41,,,27995371.0,5000000.0,5,1495300.0,5,67580.0,4800.0,320.0,160.0,20.0
2009083N,16/07/2009,"3,5,14,17,29,45",31,,,26347746.0,5000000.0,5,401330.0,15,25890.0,4800.0,320.0,160.0,20.0
2009084N,18/07/2009,"24,28,29,38,39,41",19,,,23560581.0,0.0,0,0.0,0,46565.0,4800.0,320.0,160.0,20.0
2009085N,21/07/2009,"1,4,6,13,15,48",39,,,34796191.0,0.0,0,1597675.0,5,29180.0,4800.0,320.0,160.0,20.0
2009086N,23/07/2009,"1,3,11,15,39,47",44,,,38995233.0,16800000.0,5,654365.0,15,52345.0,4800.0,320.0,160.0,20.0
2009087N,25/07/2009,"4,22,23,31,36,47",20,,,24221673.0,0.0,0,634090.0,10,60385.0,4800.0,320.0,160.0,20.0
2009088N,28/07/2009,"4,11,20,28,46,49",31,SMR,暑期金多寶,70085150.0,30473820.0,5,581875.0,30,43705.0,4800.0,320.0,160.0,20.0
2009089N,30/07/2009,"4,11,12,18,21,40",44,,,25263507.0,0.0,0,588785.0,10,37380.0,4800.0,320.0,160.0,20.0
2009090N,01/08/2009,"1,8,20,45,47,48",11,,,30435646.0,0.0,0,678640.0,10,38500.0,4800.0,320.0,160.0,20.0
2009091N,04/08/2009,"9,27,32,34,36,37",20,,,40813015.0,0.0,0,310340.0,30,37615.0,4800.0,320.0,160.0,20.0
2009092N,06/08/2009,"18,28,38,39,47,48",24,,,49189396.0,6153815.0,15,181115.0,35,9600.0,4800.0,320.0,160.0,20.0
2009093N,08/08/2009,"5,8,10,11,23,30",42,,,25451186.0,1000000.0,25,113805.0,20,9600.0,4800.0,320.0,160.0,20.0
2009094N,11/08/2009,"1,15,23,24,31,39",33,,,29038546.0,0.0,0,472355.0,15,42745.0,4800.0,320.0,160.0,20.0
2009095N,13/08/2009,"3,6,18,27,29,37",4,,,32708123.0,0.0,0,686160.0,10,24725.0,4800.0,320.0,160.0,20.0
2009096N,15/08/2009,"6,16,20,23,24,34",42,,,35746815.0,0.0,0,1736605.0,5,44100.0,4800.0,320.0,160.0,20.0
2009097N,18/08/2009,"1,3,15,18,20,33",48,,,50677123.0,0.0,0,358840.0,30,32620.0,4800.0,320.0,160.0,20.0
2009098N,20/08/2009,"12,15,22,26,27,29",37,,,63591115.0,29692395.0,5,989605.0,15,38615.0,4800.0,320.0,160.0,20.0
2009099N,22/08/2009,"3,4,12,29,32,48",16,,,25115088.0,0.0,0,1204410.0,5,66910.0,4800.0,320.0,160.0,20.0
2009100N,25/08/2009,"5,11,12,15,24,32",39,,,35422394.0,0.0,0,362625.0,20,24175.0,4800.0,320.0,160.0,20.0
2009101N,27/08/2009,"5,8,17,24,30,42",34,,,41051580.0,0.0,0,382295.0,25,31270.0,4800.0,320.0,160.0,20.0
2009102N,29/08/2009,"4,17,18,26,33,35",40,,,47617173.0,0.0,0,2315905.0,5,31505.0,4800.0,320.0,160.0,20.0
2009103N,01/09/2009,"17,19,22,27,40,46",4,,,70812128.0,16408335.0,10,599050.0,30,52090.0,4800.0,320.0,160.0,20.0
2009104N,04/09/2009,"6,9,14,17,47,49",38,,,29796211.0,0.0,0,661525.0,10,34930.0,4800.0,320.0,160.0,20.0
2009105N,06/09/2009,"9,24,35,40,41,48",31,,,29930095.0,0.0,0,526145.0,15,61000.0,4800.0,320.0,160.0,20.0
2009106N,08/09/2009,"11,13,16,20,21,28",15,,,42533329.0,7612335.0,10,365955.0,25,28365.0,4800.0,320.0,160.0,20.0
2009107N,10/09/2009,"7,29,31,32,33,35",48,,,27569197.0,0.0,0,329075.0,20,27855.0,4800.0,320.0,160.0,20.0
2009108N,12/09/2009,"1,3,14,17,35,43",47,,,30754620.0,0.0,0,386580.0,20,59760.0,4800.0,320.0,160.0,20.0
2009109N,15/09/2009,"11,14,16,17,35,49",34,,,37356258.0,0.0,0,370680.0,25,48455.0,4800.0,320.0,160.0,20.0
2009110N,17/09/2009,"19,21,24,28,30,48",26,,,49082557.0,22080625.0,5,764595.0,15,44320.0,4800.0,320.0,160.0,20.0
2009111N,19/09/2009,"20,23,28,37,39,41",26,,,24181441.0,0.0,0,1225555.0,5,58355.0,4800.0,320.0,160.0,20.0
2009112N,22/09/2009,"1,5,9,18,24,32",38,,,34509834.0,0.0,0,152490.0,40,14640.0,4800.0,320.0,160.0,20.0
2009113N,24/09/2009,"9,19,22,26,34,36",24,,,38392456.0,13320465.0,5,221930.0,35,34810.0,4800.0,320.0,160.0,20.0
2009114N,27/09/2009,"1,3,9,30,41,47",19,,,26207558.0,5000000.0,5,575750.0,10,55830.0,4800.0,320.0,160.0,20.0
2009115N,29/09/2009,"1,5,15,33,40,48",21,MAF,中秋金多寶,76675076.0,30628460.0,5,708560.0,25,39860.0,4800.0,320.0,160.0,20.0
2009116N,03/10/2009,"4,6,11,16,22,39",10,,,29699995.0,5000000.0,5,1015455.0,5,17135.0,4800.0,320.0,160.0,20.0
2009117N,06/10/2009,"12,15,17,24,36,49",14,,,28634713.0,0.0,0,0.0,0,39330.0,4800.0,320.0,160.0,20.0
2009118N,08/10/2009,"21,31,33,35,39,44",28,,,34998790.0,0.0,0,244775.0,35,46150.0,4800.0,320.0,160.0,20.0
2009119N,10/10/2009,"2,12,16,19,20,49",4,,,39070225.0,16868270.0,5,897615.0,10,43920.0,4800.0,320.0,160.0,20.0
2009120N,13/10/2009,"13,15,18,36,43,45",7,,,28469081.0,5000000.0,5,1367820.0,5,44480.0,4800.0,320.0,160.0,20.0
2009121N,15/10/2009,"15,17,22,37,39,47",26,,,26767829.0,0.0,0,647455.0,10,46040.0,4800.0,320.0,160.0,20.0
2009122N,18/10/2009,"2,4,15,20,32,42",48,,,31493587.0,0.0,0,796905.0,10,41260.0,4800.0,320.0,160.0,20.0
2009123N,20/10/2009,"8,26,34,36,39,46",35,,,38343673.0,0.0,0,1799870.0,5,45275.0,4800.0,320.0,160.0,20.0
2009124N,22/10/2009,"1,2,24,29,40,47",7,,,47203615.0,0.0,0,453485.0,25,53035.0,4800.0,320.0,160.0,20.0
2009125N,24/10/2009,"22,25,26,34,41,45",15,,,57055406.0,15187950.0,10,932505.0,15,47215.0,4800.0,320.0,160.0,20.0
2009126N,27/10/2009,"13,16,31,35,41,42",36,,,26967501.0,0.0,0,231145.0,30,54385.0,4800.0,320.0,160.0,20.0
2009127N,29/10/2009,"13,14,15,16,18,44",48,,,32891874.0,0.0,0,0.0,0,18005.0,4800.0,320.0,160.0,20.0
2009128N,31/10/2009,"11,25,27,29,30,44",23,,,41106877.0,0.0,0,883260.0,10,40125.0,4800.0,320.0,160.0,20.0
2009129N,03/11/2009,"3,19,33,42,43,45",44,,,55030646.0,24323900.0,5,500245.0,25,46315.0,4800.0,320.0,160.0,20.0
2009130N,05/11/2009,"3,9,13,31,40,42",30,,,26289729.0,0.0,0,1188960.0,5,38015.0,4800.0,320.0,160.0,20.0
2009131N,08/11/2009,"2,17,27,32,35,38",41,,,32914892.0,9883590.0,5,1627860.0,5,48770.0,4800.0,320.0,160.0,20.0
2009132N,10/11/2009,"2,8,18,22,24,35",17,,,26893255.0,0.0,0,953295.0,5,14360.0,4800.0,320.0,160.0,20.0
2009133N,12/11/2009,"1,6,9,10,20,46",14,,,32141683.0,7571125.0,5,214260.0,20,9600.0,4800.0,320.0,160.0,20.0
2009134N,14/11/2009,"3,6,15,26,28,42",21,,,24443446.0,0.0,0,1027760.0,5,27680.0,4800.0,320.0,160.0,20.0
2009135N,17/11/2009,"2,4,9,28,42,43",45,,,30841355.0,0.0,0,0.0,0,39905.0,4800.0,320.0,160.0,20.0
2009136N,19/11/2009,"11,13,19,35,41,45",24,,,37693803.0,0.0,0,856745.0,10,41535.0,4800.0,320.0,160.0,20.0
2009137N,21/11/2009,"2,8,23,28,38,45",21,,,43896883.0,21124030.0,5,284300.0,30,10985.0,4800.0,320.0,160.0,20.0
2009138N,24/11/2009,"7,21,24,33,35,45",26,STE,周二勁賞金多寶,65955252.0,0.0,0,751605.0,20,37815.0,4800.0,320.0,160.0,20.0
2009139N,26/11/2009,"1,3,9,17,18,42",7,,,78128031.0,17964920.0,10,191960.0,60,10845.0,4800.0,320.0,160.0,20.0
2009140N,28/11/2009,"1,5,25,32,38,39",4,,,25004142.0,5000000.0,5,1159890.0,5,35145.0,4800.0,320.0,160.0,20.0
2009141N,01/12/2009,"4,5,10,17,39,44",24,,,29016142.0,5000000.0,5,1406880.0,5,46895.0,4800.0,320.0,160.0,20.0
2009142N,03/12/2009,"10,15,20,21,34,46",4,,,27198411.0,0.0,0,1400230.0,5,58340.0,4800.0,320.0,160.0,20.0
2009143N,05/12/2009,"1,14,17,23,35,38",31,,,30779516.0,9313755.0,5,1437915.0,5,34540.0,4800.0,320.0,160.0,20.0
2009144N,08/12/2009,"6,12,23,29,31,35",21,,,28370956.0,0.0,0,1204545.0,5,22460.0,4800.0,320.0,160.0,20.0
2009145N,10/12/2009,"4,8,15,16,34,49",45,,,32470186.0,0.0,0,1556940.0,5,41935.0,4800.0,320.0,160.0,20.0
2009146N,12/12/2009,"8,9,37,40,46,49",41,,,35121571.0,0.0,0,1842730.0,5,55840.0,4800.0,320.0,160.0,20.0
2009147N,15/12/2009,"10,27,28,40,46,47",18,,,50113669.0,22783415.0,5,2528130.0,5,53930.0,4800.0,320.0,160.0,20.0
2009148N,17/12/2009,"2,4,30,37,43,49",10,,,24971908.0,0.0,0,0.0,0,71495.0,4800.0,320.0,160.0,20.0
2009149N,20/12/2009,"2,4,24,28,32,45",38,,,33255236.0,0.0,0,1450420.0,5,36485.0,4800.0,320.0,160.0,20.0
2009150N,22/12/2009,"6,23,30,33,43,44",10,XMS,聖誕金多寶,80240130.0,0.0,0,355020.0,50,35590.0,4800.0,320.0,160.0,20.0
2009151N,24/12/2009,"20,22,26,27,31,44",49,,,92249753.0,44681575.0,5,2338490.0,10,53755.0,4800.0,320.0,160.0,20.0
2009152N,26/12/2009,"6,17,21,27,36,42",23,,,22510037.0,5000000.0,5,1051600.0,5,32605.0,4800.0,320.0,160.0,20.0
2009153N,29/12/2009,"9,27,33,38,39,40",14,,,28663382.0,0.0,0,626905.0,10,28575.0,4800.0,320.0,160.0,20.0
2009154N,31/12/2009,"26,28,31,33,40,41",19,,,36642181.0,0.0,0,606525.0,15,47105.0,4800.0,320.0,160.0,20.0
2010001N,02/01/2010,"11,13,16,18,21,22",6,,,37912596.0,3629600.0,20,225535.0,30,15035.0,4800.0,320.0,160.0,20.0
2010002N,05/01/2010,"5,14,16,22,26,28",27,,,29541793.0,0.0,0,251160.0,25,28520.0,4800.0,320.0,160.0,20.0
2010003N,07/01/2010,"5,14,16,25,45,48",42,,,34950858.0,0.0,0,1791400.0,5,49760.0,4800.0,320.0,160.0,20.0
2010004N,09/01/2010,"4,8,16,39,40,45",10,,,39594809.0,0.0,0,650010.0,15,47270.0,4800.0,320.0,160.0,20.0
2010005N,12/01/2010,"9,23,25,29,30,48",1,,,55635198.0,23594340.0,5,614165.0,20,36395.0,4800.0,320.0,160.0,20.0
2010006N,14/01/2010,"21,26,27,35,38,48",41,,,26900313.0,0.0,0,0.0,0,46320.0,4800.0,320.0,160.0,20.0
2010007N,17/01/2010,"5,18,19,28,35,45",27,,,36060558.0,0.0,0,760575.0,10,30730.0,4800.0,320.0,160.0,20.0
2010008N,19/01/2010,"2,3,9,24,33,41",40,,,44880911.0,0.0,0,403990.0,25,33665.0,4800.0,320.0,160.0,20.0
2010009N,21/01/2010,"6,7,17,24,41,48",16,,,55945818.0,12523770.0,10,1339080.0,10,45780.0,4800.0,320.0,160.0,20.0
2010010N,23/01/2010,"18,19,26,34,39,46",2,,,25371963.0,0.0,0,1301665.0,5,57850.0,4800.0,320.0,160.0,20.0
2010011N,26/01/2010,"8,9,17,31,37,38",2,,,36537694.0,0.0,0,772075.0,10,26910.0,4800.0,320.0,160.0,20.0
2010012N,28/01/2010,"3,9,15,32,43,46",28,,,43159386.0,15859435.0,5,415130.0,25,50315.0,4800.0,320.0,160.0,20.0
2010013N,30/01/2010,"2,4,6,30,32,34",40,,,25179240.0,2500000.0,10,0.0,0,30155.0,4800.0,320.0,160.0,20.0
2010014N,02/02/2010,"1,10,13,14,38,39",41,,,31610376.0,0.0,0,484075.0,15,34575.0,4800.0,320.0,160.0,20.0
2010015N,04/02/2010,"9,20,25,36,42,47",13,,,35970379.0,10438295.0,5,325515.0,25,25830.0,4800.0,320.0,160.0,20.0
2010016N,06/02/2010,"1,5,13,16,24,41",14,,,26149782.0,0.0,0,1207970.0,5,35395.0,4800.0,320.0,160.0,20.0
2010017N,09/02/2010,"4,8,10,13,14,49",7,CNY,新春金多寶,101668618.0,38609565.0,5,382105.0,55,26875.0,4800.0,320.0,160.0,20.0
2010018N,11/02/2010,"21,24,27,32,35,36",16,,,27936326.0,5000000.0,5,337040.0,20,38655.0,4800.0,320.0,160.0,20.0
2010019N,13/02/2010,"5,21,26,27,28,29",44,,,26204440.0,5000000.0,5,0.0,0,20345.0,4800.0,320.0,160.0,20.0
2010020N,15/02/2010,"1,7,17,20,29,49",19,,,22278489.0,0.0,0,451880.0,10,30125.0,4800.0,320.0,160.0,20.0
2010021N,18/02/2010,"4,5,7,11,28,32",3,,,37447445.0,0.0,0,276025.0,20,11160.0,4800.0,320.0,160.0,20.0
2010022N,20/02/2010,"3,4,11,15,32,45",1,,,37392609.0,0.0,0,0.0,0,53940.0,4800.0,320.0,160.0,20.0
2010023N,23/02/2010,"8,19,43,44,48,49",46,,,60061602.0,23075320.0,5,541875.0,25,36860.0,4800.0,320.0,160.0,20.0
2010024N,25/02/2010,"11,20,31,37,44,47",46,,,28273443.0,0.0,0,382635.0,20,58305.0,4800.0,320.0,160.0,20.0
2010025N,27/02/2010,"16,17,18,22,25,36",47,,,32699329.0,0.0,0,752935.0,10,32915.0,4800.0,320.0,160.0,20.0
2010026N,02/03/2010,"1,6,10,21,28,35",46,,,48534300.0,0.0,0,291475.0,35,22955.0,4800.0,320.0,160.0,20.0
2010027N,04/03/2010,"10,11,24,33,34,38",16,,,56402010.0,0.0,0,256700.0,50,39795.0,4800.0,320.0,160.0,20.0
2010028N,07/03/2010,"3,12,26,28,31,46",16,,,75040047.0,33237010.0,5,366565.0,45,30125.0,4800.0,320.0,160.0,20.0
2010029N,09/03/2010,"9,13,14,17,28,45",20,,,27325933.0,0.0,0,598460.0,10,34320.0,4800.0,320.0,160.0,20.0
2010030N,11/03/2010,"10,14,35,40,43,48",21,,,35822473.0,0.0,0,466620.0,20,58555.0,4800.0,320.0,160.0,20.0
2010031N,13/03/2010,"1,4,14,18,22,39",48,,,42757647.0,0.0,0,983340.0,10,40970.0,4800.0,320.0,160.0,20.0
2010032N,16/03/2010,"4,16,28,37,38,47",30,,,57205179.0,0.0,0,538805.0,25,35215.0,4800.0,320.0,160.0,20.0
2010033N,18/03/2010,"4,19,30,37,39,41",31,,,69789983.0,0.0,0,1213435.0,15,61830.0,4800.0,320.0,160.0,20.0
2010034N,20/03/2010,"8,12,29,33,39,45",36,,,89010274.0,0.0,0,1053980.0,20,41635.0,4800.0,320.0,160.0,20.0
2010035N,23/03/2010,"7,11,22,27,32,46",17,,,151852842.0,13161965.0,25,159090.0,185,21710.0,4800.0,320.0,160.0,20.0
2010036N,25/03/2010,"14,16,29,44,45,47",42,,,27196108.0,0.0,0,1463765.0,5,88710.0,4800.0,320.0,160.0,20.0
2010037N,27/03/2010,"1,3,8,22,36,44",29,,,32791733.0,0.0,0,325480.0,20,25905.0,4800.0,320.0,160.0,20.0
2010038N,30/03/2010,"2,22,29,31,40,48",20,EAS,復活節金多寶,86822603.0,33012280.0,5,4337425.0,5,49425.0,4800.0,320.0,160.0,20.0
2010039N,01/04/2010,"20,21,23,31,42,43",41,,,27907970.0,0.0,0,175765.0,35,29035.0,4800.0,320.0,160.0,20.0
2010040N,03/04/2010,"11,23,35,37,40,43",30,,,30128397.0,0.0,0,0.0,0,74815.0,4800.0,320.0,160.0,20.0
2010041N,06/04/2010,"11,20,25,35,42,45",8,,,43412049.0,0.0,0,356430.0,30,45260.0,4800.0,320.0,160.0,20.0
2010042N,08/04/2010,"3,5,25,30,33,37",35,,,54496820.0,25238935.0,5,495090.0,25,33005.0,4800.0,320.0,160.0,20.0
2010043N,11/04/2010,"2,7,20,36,38,41",40,,,28428393.0,0.0,0,701940.0,10,44565.0,4800.0,320.0,160.0,20.0
2010044N,13/04/2010,"31,32,33,37,42,46",17,,,34547453.0,5199965.0,10,1349980.0,5,36285.0,4800.0,320.0,160.0,20.0
2010045N,15/04/2010,"19,21,30,35,36,37",33,,,26392868.0,0.0,0,293875.0,20,44150.0,4800.0,320.0,160.0,20.0
2010046N,17/04/2010,"1,2,24,38,42,49",19,,,30163181.0,0.0,0,735200.0,10,48405.0,4800.0,320.0,160.0,20.0
2010047N,20/04/2010,"6,17,25,27,35,40",32,STE,周二勁賞金多寶,71497707.0,15219685.0,10,1159930.0,15,42370.0,4800.0,320.0,160.0,20.0
2010048N,22/04/2010,"1,16,23,29,39,46",17,,,25859157.0,0.0,0,1337115.0,5,62555.0,4800.0,320.0,160.0,20.0
2010049N,24/04/2010,"5,12,16,23,29,39",11,,,30791727.0,8894105.0,5,432675.0,15,33935.0,4800.0,320.0,160.0,20.0
2010050N,27/04/2010,"3,13,18,21,22,33",8,,,29009976.0,2500000.0,10,61095.0,70,11370.0,4800.0,320.0,160.0,20.0
2010051N,29/04/2010,"5,7,24,26,41,49",3,,,25195454.0,0.0,0,631085.0,10,53425.0,4800.0,320.0,160.0,20.0
2010052N,02/05/2010,"7,16,26,28,41,44",24,,,31645273.0,0.0,0,1545845.0,5,45295.0,4800.0,320.0,160.0,20.0
2010053N,04/05/2010,"19,24,34,40,41,46",15,,,39075626.0,15935960.0,5,2099470.0,5,58315.0,4800.0,320.0,160.0,20.0
2010054N,06/05/2010,"2,31,37,38,39,40",44,,,26221422.0,0.0,0,654125.0,10,26230.0,4800.0,320.0,160.0,20.0
2010055N,09/05/2010,"1,5,8,21,27,34",20,,,32519578.0,8994495.0,5,0.0,0,23205.0,4800.0,320.0,160.0,20.0
2010056N,11/05/2010,"15,26,29,34,35,40",9,,,28161898.0,0.0,0,0.0,0,54985.0,4800.0,320.0,160.0,20.0
2010057N,13/05/2010,"16,22,31,37,39,49",32,,,34598822.0,0.0,0,1717335.0,5,46255.0,4800.0,320.0,160.0,20.0
2010058N,15/05/2010,"1,29,32,39,44,47",17,,,38147963.0,18138150.0,5,1987750.0,5,54085.0,4800.0,320.0,160.0,20.0
2010059N,18/05/2010,"4,7,12,20,39,48",14,STE,周二勁賞金多寶,67949731.0,0.0,0,398585.0,40,47500.0,4800.0,320.0,160.0,20.0
2010060N,20/05/2010,"4,10,11,15,22,37",49,,,73148922.0,19817155.0,10,335605.0,50,30750.0,4800.0,320.0,160.0,20.0
2010061N,22/05/2010,"12,17,18,26,29,33",41,,,23768326.0,0.0,0,555700.0,10,35280.0,4800.0,320.0,160.0,20.0
2010062N,25/05/2010,"14,18,30,40,43,46",27,,,35224501.0,0.0,0,1826515.0,5,67645.0,4800.0,320.0,160.0,20.0
2010063N,27/05/2010,"9,22,28,32,33,49",18,,,41072509.0,0.0,0,556200.0,15,34490.0,4800.0,320.0,160.0,20.0
2010064N,29/05/2010,"4,16,25,26,33,42",30,,,47263141.0,0.0,0,766160.0,15,42860.0,4800.0,320.0,160.0,20.0
2010065N,01/06/2010,"7,11,13,24,28,46",26,,,70753536.0,0.0,0,376615.0,40,34930.0,4800.0,320.0,160.0,20.0
2010066N,03/06/2010,"5,16,19,26,42,44",6,,,86357629.0,0.0,0,688400.0,30,46865.0,4800.0,320.0,160.0,20.0
2010067N,05/06/2010,"9,15,30,37,38,40",1,,,109840852.0,29186880.0,10,404520.0,60,34890.0,4800.0,320.0,160.0,20.0
2010068N,08/06/2010,"7,8,12,21,23,47",10,DBF,端午金多寶,81731437.0,0.0,0,268735.0,55,23670.0,4800.0,320.0,160.0,20.0
2010069N,10/06/2010,"8,26,32,35,36,49",24,,,79972849.0,40085640.0,5,373910.0,50,46160.0,4800.0,320.0,160.0,20.0
2010070N,13/06/2010,"2,11,19,20,21,40",43,,,28598276.0,5000000.0,5,1339710.0,5,22610.0,4800.0,320.0,160.0,20.0
2010071N,15/06/2010,"5,10,18,21,35,49",11,,,27968662.0,0.0,0,654450.0,10,46535.0,4800.0,320.0,160.0,20.0
2010072N,17/06/2010,"5,11,15,42,45,48",14,,,31544795.0,0.0,0,788230.0,10,46195.0,4800.0,320.0,160.0,20.0
2010073N,19/06/2010,"2,8,12,13,27,35",37,,,37836032.0,14391610.0,5,259010.0,30,24375.0,4800.0,320.0,160.0,20.0
2010074N,22/06/2010,"2,4,9,20,35,40",44,,,29106820.0,0.0,0,703110.0,10,44115.0,4800.0,320.0,160.0,20.0
2010075N,24/06/2010,"5,23,26,31,34,49",24,,,32180260.0,0.0,0,0.0,0,61640.0,4800.0,320.0,160.0,20.0
2010076N,26/06/2010,"7,13,15,20,21,41",2,,,37475683.0,16721705.0,5,1749675.0,5,43200.0,4800.0,320.0,160.0,20.0
2010077N,29/06/2010,"8,11,21,38,41,48",49,,,28232086.0,0.0,0,225810.0,25,28400.0,4800.0,320.0,160.0,20.0
2010078N,03/07/2010,"2,13,14,21,45,49",19,,,36893441.0,0.0,0,1909305.0,5,50910.0,4800.0,320.0,160.0,20.0
2010079N,06/07/2010,"14,17,21,29,42,46",49,,,42185959.0,17397970.0,5,2223350.0,5,46680.0,4800.0,320.0,160.0,20.0
2010080N,08/07/2010,"4,16,40,43,46,47",27,,,25884380.0,0.0,0,660590.0,10,41445.0,4800.0,320.0,160.0,20.0
2010081N,10/07/2010,"2,22,25,27,35,42",13,,,30392817.0,4610435.0,10,281390.0,25,27305.0,4800.0,320.0,160.0,20.0
2010082N,13/07/2010,"2,3,5,25,43,48",24,,,27695400.0,0.0,0,434900.0,15,42950.0,4800.0,320.0,160.0,20.0
2010083N,15/07/2010,"2,10,16,18,41,44",31,,,31235149.0,0.0,0,1641385.0,5,56115.0,4800.0,320.0,160.0,20.0
2010084N,17/07/2010,"7,12,30,34,40,48",33,,,34231600.0,0.0,0,1727915.0,5,46540.0,4800.0,320.0,160.0,20.0
2010085N,20/07/2010,"5,13,26,29,40,47",42,SMR,暑期金多寶,69107318.0,7669590.0,20,1334795.0,10,40080.0,4800.0,320.0,160.0,20.0
2010086N,24/07/2010,"6,15,22,25,33,42",24,,,34620619.0,0.0,0,46395.0,110,19165.0,4800.0,320.0,160.0,20.0
2010087N,27/07/2010,"4,17,23,28,43,46",22,,,34098859.0,0.0,0,824865.0,10,36055.0,4800.0,320.0,160.0,20.0
2010088N,29/07/2010,"12,13,38,41,44,49",22,,,37818128.0,0.0,0,0.0,0,56945.0,4800.0,320.0,160.0,20.0
2010089N,31/07/2010,"12,28,29,33,35,37",22,,,48795208.0,0.0,0,1153335.0,10,45560.0,4800.0,320.0,160.0,20.0
2010090N,03/08/2010,"9,17,26,31,35,36",42,,,69197703.0,34111400.0,5,631260.0,25,32875.0,4800.0,320.0,160.0,20.0
2010091N,05/08/2010,"8,30,42,46,48,49",7,,,25386746.0,0.0,0,1223680.0,5,47290.0,4800.0,320.0,160.0,20.0
2010092N,07/08/2010,"3,18,34,41,45,46",37,,,31770955.0,0.0,0,0.0,0,57960.0,4800.0,320.0,160.0,20.0
2010093N,10/08/2010,"5,8,12,20,30,39",23,,,46101536.0,0.0,0,376260.0,25,26265.0,4800.0,320.0,160.0,20.0
2010094N,12/08/2010,"6,17,29,33,42,48",34,,,52512588.0,24625810.0,5,600040.0,20,24150.0,4800.0,320.0,160.0,20.0
2010095N,14/08/2010,"6,12,17,34,38,46",43,,,24799649.0,0.0,0,428905.0,15,60195.0,4800.0,320.0,160.0,20.0
2010096N,17/08/2010,"2,5,8,22,25,35",16,,,34482760.0,1288400.0,20,19200.0,45,9600.0,4800.0,320.0,160.0,20.0
2010097N,19/08/2010,"8,12,30,43,46,48",35,,,25969095.0,0.0,0,235065.0,25,29290.0,4800.0,320.0,160.0,20.0
2010098N,21/08/2010,"18,21,34,37,40,49",28,,,29827938.0,0.0,0,0.0,0,64805.0,4800.0,320.0,160.0,20.0
2010099N,24/08/2010,"6,9,11,16,25,37",45,,,41011751.0,0.0,0,259765.0,35,30115.0,4800.0,320.0,160.0,20.0
2010100N,26/08/2010,"1,7,9,10,36,44",37,,,47810452.0,22008965.0,5,222170.0,40,18440.0,4800.0,320.0,160.0,20.0
2010101N,28/08/2010,"1,3,6,7,36,49",42,,,22914916.0,0.0,0,752930.0,5,13805.0,4800.0,320.0,160.0,20.0
2010102N,30/08/2010,"6,16,39,40,46,49",41,,,23312235.0,0.0,0,1144940.0,5,40170.0,4800.0,320.0,160.0,20.0
2010103N,02/09/2010,"3,7,11,20,23,48",38,,,39104569.0,13333350.0,5,326565.0,25,22560.0,4800.0,320.0,160.0,20.0
2010104N,04/09/2010,"17,19,25,34,43,45",47,,,22905735.0,0.0,0,1158240.0,5,40640.0,4800.0,320.0,160.0,20.0
2010105N,07/09/2010,"2,3,16,42,43,45",27,,,31785835.0,0.0,0,1602730.0,5,39210.0,4800.0,320.0,160.0,20.0
2010106N,09/09/2010,"2,4,19,34,37,41",5,,,36701524.0,0.0,0,1858760.0,5,76255.0,4800.0,320.0,160.0,20.0
2010107N,11/09/2010,"10,20,24,35,36,39",12,,,43069901.0,0.0,0,2034955.0,5,50245.0,4800.0,320.0,160.0,20.0
2010108N,14/09/2010,"3,4,7,22,30,39",6,,,64263302.0,0.0,0,393790.0,35,35680.0,4800.0,320.0,160.0,20.0
2010109N,16/09/2010,"5,8,31,46,47,49",34,,,76918176.0,20675100.0,10,2897790.0,5,31155.0,4800.0,320.0,160.0,20.0
2010110N,19/09/2010,"12,17,19,26,33,40",25,,,24631768.0,0.0,0,1124290.0,5,19415.0,4800.0,320.0,160.0,20.0
2010111N,21/09/2010,"10,13,23,35,36,48",47,MAF,中秋金多寶,77449805.0,31023870.0,5,1224870.0,15,40490.0,4800.0,320.0,160.0,20.0
2010112N,25/09/2010,"16,23,30,37,39,43",5,,,28014994.0,0.0,0,664405.0,10,47245.0,4800.0,320.0,160.0,20.0
2010113N,28/09/2010,"7,30,31,42,45,49",46,,,33204565.0,0.0,0,518640.0,15,41490.0,4800.0,320.0,160.0,20.0
2010114N,30/09/2010,"9,18,21,22,26,29",27,,,36715118.0,0.0,0,102055.0,55,13360.0,4800.0,320.0,160.0,20.0
2010115N,02/10/2010,"7,16,17,21,27,36",6,,,36441544.0,0.0,0,220630.0,30,24855.0,4800.0,320.0,160.0,20.0
2010116N,05/10/2010,"5,6,8,16,29,31",12,,,54165390.0,22563575.0,5,308685.0,30,21565.0,4800.0,320.0,160.0,20.0
2010117N,07/10/2010,"14,15,21,22,32,40",2,,,24578756.0,0.0,0,542640.0,10,34290.0,4800.0,320.0,160.0,20.0
2010118N,09/10/2010,"22,37,41,42,44,45",27,,,28417243.0,9257920.0,5,0.0,0,42050.0,4800.0,320.0,160.0,20.0
2010119N,12/10/2010,"9,13,21,24,38,46",27,,,27792821.0,5236415.0,5,318090.0,20,36880.0,4800.0,320.0,160.0,20.0
2010120N,14/10/2010,"4,7,10,26,42,47",13,,,24014976.0,0.0,0,366325.0,15,38060.0,4800.0,320.0,160.0,20.0
2010121N,16/10/2010,"1,29,30,44,45,49",41,,,25098042.0,0.0,0,420645.0,15,48070.0,4800.0,320.0,160.0,20.0
2010122N,19/10/2010,"2,20,29,38,39,43",37,,,35424615.0,0.0,0,1739510.0,5,44175.0,4800.0,320.0,160.0,20.0
2010123N,21/10/2010,"4,9,23,35,46,49",18,,,39853236.0,19769515.0,5,1921725.0,5,47890.0,4800.0,320.0,160.0,20.0
2010124N,23/10/2010,"1,28,33,41,42,45",8,,,21378467.0,0.0,0,992665.0,5,46440.0,4800.0,320.0,160.0,20.0
2010125N,26/10/2010,"3,8,14,20,33,41",32,,,31276404.0,0.0,0,382665.0,20,36770.0,4800.0,320.0,160.0,20.0
2010126N,28/10/2010,"8,9,17,31,36,47",46,,,34887281.0,7265175.0,10,548705.0,15,31130.0,4800.0,320.0,160.0,20.0
2010127N,30/10/2010,"7,8,12,24,30,49",27,,,21738137.0,0.0,0,837095.0,5,24315.0,4800.0,320.0,160.0,20.0
2010128N,02/11/2010,"5,17,24,25,36,45",15,,,31219817.0,4453715.0,10,325615.0,20,32765.0,4800.0,320.0,160.0,20.0
2010129N,04/11/2010,"5,9,25,27,33,44",17,,,23579528.0,0.0,0,331765.0,15,40830.0,4800.0,320.0,160.0,20.0
2010130N,09/11/2010,"4,15,41,43,45,49",18,ANN,六合彩35周年金多寶,75939693.0,0.0,0,1325170.0,30,105480.0,9600.0,640.0,320.0,40.0
2010131N,11/11/2010,"5,6,15,28,29,43",48,,,66989785.0,46496730.0,5,3190040.0,10,70880.0,9600.0,640.0,320.0,40.0
2010132N,13/11/2010,"7,18,21,28,47,48",35,,,45195821.0,0.0,0,1963760.0,10,60890.0,9600.0,640.0,320.0,40.0
2010133N,16/11/2010,"3,12,20,39,46,49",19,,,56396898.0,37212370.0,5,1345450.0,20,103990.0,9600.0,640.0,320.0,40.0
2010134N,18/11/2010,"6,20,30,33,39,47",23,,,41264389.0,0.0,0,854070.0,25,94890.0,9600.0,640.0,320.0,40.0
2010135N,20/11/2010,"3,6,9,29,30,33",14,,,43971392.0,11128430.0,25,267550.0,35,19200.0,9600.0,640.0,320.0,40.0
2010136N,23/11/2010,"1,10,11,24,30,49",35,,,29558927.0,8000000.0,10,577700.0,20,38510.0,9600.0,640.0,320.0,40.0
2010137N,25/11/2010,"17,22,28,31,39,45",8,,,26804375.0,0.0,0,635530.0,20,92860.0,9600.0,640.0,320.0,40.0
2010138N,27/11/2010,"13,17,25,26,43,44",42,,,30245380.0,0.0,0,748220.0,20,84010.0,9600.0,640.0,320.0,40.0
2010139N,30/11/2010,"3,14,16,19,45,48",9,,,39833040.0,0.0,0,1341860.0,15,157860.0,9600.0,640.0,320.0,40.0
2010140N,02/12/2010,"6,11,17,31,40,41",34,,,44807854.0,25138920.0,5,2203720.0,10,89710.0,9600.0,640.0,320.0,40.0
2010141N,05/12/2010,"9,10,20,42,46,47",27,,,35967933.0,0.0,0,553540.0,30,70290.0,9600.0,640.0,320.0,40.0
2010142N,07/12/2010,"12,13,18,20,28,48",14,,,42730883.0,0.0,0,1259830.0,15,81270.0,9600.0,640.0,320.0,40.0
2010143N,09/12/2010,"4,10,20,25,33,36",37,,,49105928.0,0.0,0,2438150.0,10,87860.0,9600.0,640.0,320.0,40.0
2010144N,11/12/2010,"15,18,22,24,27,30",10,,,52883848.0,37963710.0,10,2476210.0,10,69870.0,9600.0,640.0,320.0,40.0
2010145N,14/12/2010,"3,7,28,29,38,48",40,,,30050141.0,0.0,0,0.0,0,40620.0,9600.0,640.0,320.0,40.0
2010146N,16/12/2010,"12,13,18,19,27,29",10,,,32967763.0,0.0,0,651050.0,20,49960.0,9600.0,640.0,320.0,40.0
2010147N,18/12/2010,"15,19,34,39,44,45",23,,,36134015.0,0.0,0,0.0,0,159820.0,9600.0,640.0,320.0,40.0
2010148N,20/12/2010,"4,5,12,16,18,41",7,,,35498735.0,0.0,0,502200.0,30,83700.0,9600.0,640.0,320.0,40.0
2010149N,22/12/2010,"3,4,15,24,35,41",36,XMS,聖誕金多寶,84601264.0,47624870.0,10,0.0,0,114510.0,9600.0,640.0,320.0,40.0
2010150N,25/12/2010,"1,2,4,13,43,48",11,,,31657679.0,0.0,0,910380.0,15,86700.0,9600.0,640.0,320.0,40.0
2010151N,28/12/2010,"8,23,28,31,36,37",12,,,35333464.0,0.0,0,318150.0,40,69250.0,9600.0,640.0,320.0,40.0
2010152N,30/12/2010,"4,13,18,20,36,39",12,,,40461626.0,0.0,0,400410.0,40,71180.0,9600.0,640.0,320.0,40.0
2011001N,02/01/2011,"1,13,20,24,37,39",3,,,48883539.0,0.0,0,2366030.0,5,98580.0,9600.0,640.0,320.0,40.0
2011002N,04/01/2011,"4,9,16,20,38,39",40,,,54885360.0,0.0,0,2334040.0,10,57100.0,9600.0,640.0,320.0,40.0
2011003N,06/01/2011,"4,7,14,15,19,26",43,,,65122179.0,40939540.0,5,1454740.0,20,65750.0,9600.0,640.0,320.0,40.0
2011004N,08/01/2011,"10,12,18,21,27,33",4,,,44500350.0,0.0,0,1520220.0,5,39550.0,9600.0,640.0,320.0,40.0
2011005N,11/01/2011,"1,2,29,37,42,48",38,STE,周二勁賞金多寶,65742705.0,0.0,0,1093690.0,30,125890.0,9600.0,640.0,320.0,40.0
2011006N,13/01/2011,"17,19,25,36,40,44",10,,,67217735.0,30528930.0,15,2257680.0,15,81720.0,9600.0,640.0,320.0,40.0
2011007N,15/01/2011,"13,18,29,31,32,46",2,,,28312668.0,0.0,0,0.0,0,155570.0,9600.0,640.0,320.0,40.0
2011008N,18/01/2011,"9,15,21,31,33,41",37,,,40799809.0,15268480.0,10,963460.0,20,86360.0,9600.0,640.0,320.0,40.0
2011009N,20/01/2011,"5,21,28,30,37,42",48,,,30415429.0,0.0,0,1084850.0,15,98620.0,9600.0,640.0,320.0,40.0
2011010N,22/01/2011,"1,15,30,39,45,49",37,,,33807220.0,0.0,0,1751490.0,10,113910.0,9600.0,640.0,320.0,40.0
2011011N,25/01/2011,"9,14,16,17,21,26",20,,,43480285.0,0.0,0,1339950.0,15,85070.0,9600.0,640.0,320.0,40.0
2011012N,27/01/2011,"1,6,14,25,29,35",48,,,48381942.0,0.0,0,0.0,0,113490.0,9600.0,640.0,320.0,40.0
2011013N,29/01/2011,"5,8,9,10,29,49",46,,,55839467.0,22846740.0,15,363500.0,50,21390.0,9600.0,640.0,320.0,40.0
2011014N,01/02/2011,"1,8,22,32,46,48",9,,,36803494.0,0.0,0,1017110.0,15,52830.0,9600.0,640.0,320.0,40.0
2011015N,03/02/2011,"6,8,10,28,36,37",21,,,32400524.0,0.0,0,1103570.0,10,30430.0,9600.0,640.0,320.0,40.0
2011016N,06/02/2011,"1,2,16,27,31,47",19,CNY,新春金多寶,86445363.0,25678290.0,20,3339140.0,5,93530.0,9600.0,640.0,320.0,40.0
2011017N,08/02/2011,"11,21,27,28,32,34",17,,,33419499.0,0.0,0,1496900.0,10,86960.0,9600.0,640.0,320.0,40.0
2011018N,10/02/2011,"2,3,9,18,20,36",12,,,39767865.0,0.0,0,0.0,0,27790.0,9600.0,640.0,320.0,40.0
2011019N,13/02/2011,"10,13,20,24,37,47",16,,,43860802.0,19092450.0,5,2134130.0,10,79590.0,9600.0,640.0,320.0,40.0
2011020N,15/02/2011,"16,17,18,27,38,41",30,,,37832411.0,0.0,0,1879500.0,5,122240.0,9600.0,640.0,320.0,40.0
2011021N,17/02/2011,"9,24,25,30,35,37",45,,,46613470.0,23115220.0,10,1165120.0,20,73100.0,9600.0,640.0,320.0,40.0
2011022N,19/02/2011,"13,16,18,23,34,42",40,,,28612695.0,0.0,0,587340.0,25,111870.0,9600.0,640.0,320.0,40.0
2011023N,22/02/2011,"3,8,21,22,28,48",5,,,38932125.0,0.0,0,327960.0,35,23720.0,9600.0,640.0,320.0,40.0
2011024N,24/02/2011,"7,26,27,29,30,41",44,,,40402605.0,17303460.0,10,0.0,0,85380.0,9600.0,640.0,320.0,40.0
2011025N,26/02/2011,"1,24,28,33,37,47",49,,,29250840.0,0.0,0,0.0,0,103270.0,9600.0,640.0,320.0,40.0
2011026N,01/03/2011,"4,25,30,41,43,45",29,,,40389120.0,0.0,0,1384590.0,15,96310.0,9600.0,640.0,320.0,40.0
2011027N,03/03/2011,"8,9,13,17,33,49",30,,,44721597.0,0.0,0,1859250.0,10,57310.0,9600.0,640.0,320.0,40.0
2011028N,05/03/2011,"2,7,16,25,29,34",10,,,48084311.0,27508640.0,10,299360.0,70,49580.0,9600.0,640.0,320.0,40.0
2011029N,08/03/2011,"4,15,23,33,37,47",22,,,32332300.0,8000000.0,10,532680.0,30,92640.0,9600.0,640.0,320.0,40.0
2011030N,10/03/2011,"2,6,21,45,46,49",28,,,29824866.0,0.0,0,516060.0,30,105860.0,9600.0,640.0,320.0,40.0
2011031N,13/03/2011,"6,14,26,27,30,43",21,,,34672197.0,0.0,0,1704590.0,5,142040.0,9600.0,640.0,320.0,40.0
2011032N,15/03/2011,"4,11,15,16,35,42",9,,,38049006.0,0.0,0,542420.0,30,61550.0,9600.0,640.0,320.0,40.0
2011033N,17/03/2011,"4,5,23,31,39,48",20,,,45003357.0,0.0,0,1082570.0,20,100410.0,9600.0,640.0,320.0,40.0
2011034N,19/03/2011,"8,12,24,31,33,41",20,,,48073604.0,31846080.0,5,1083790.0,20,63510.0,9600.0,640.0,320.0,40.0
2011035N,22/03/2011,"18,24,26,34,38,45",15,STE,周二勁賞金多寶,72424267.0,0.0,0,1188300.0,30,86030.0,9600.0,640.0,320.0,40.0
2011036N,24/03/2011,"10,16,17,38,42,43",13,,,77283230.0,0.0,0,1941900.0,20,111960.0,9600.0,640.0,320.0,40.0
2011037N,26/03/2011,"2,12,20,25,31,47",29,,,90309645.0,65235750.0,10,4296530.0,10,79840.0,9600.0,640.0,320.0,40.0
2011038N,29/03/2011,"1,2,9,20,24,49",43,,,30808737.0,8000000.0,10,1244840.0,10,32070.0,9600.0,640.0,320.0,40.0
2011039N,31/03/2011,"6,23,24,38,39,40",32,,,29542332.0,5333330.0,15,1374880.0,5,47610.0,9600.0,640.0,320.0,40.0
2011040N,02/04/2011,"3,12,15,31,36,49",11,,,28310678.0,0.0,0,0.0,0,102270.0,9600.0,640.0,320.0,40.0
2011041N,05/04/2011,"8,10,26,29,41,44",9,,,36217980.0,0.0,0,1618380.0,10,140570.0,9600.0,640.0,320.0,40.0
2011042N,07/04/2011,"1,5,21,26,31,43",22,,,44118236.0,0.0,0,2142690.0,5,87900.0,9600.0,640.0,320.0,40.0
2011043N,10/04/2011,"6,10,24,34,37,47",12,,,50627666.0,14329850.0,20,1160450.0,20,99820.0,9600.0,640.0,320.0,40.0
2011044N,12/04/2011,"2,4,9,12,21,31",10,,,29216641.0,8000000.0,5,574280.0,15,20150.0,9600.0,640.0,320.0,40.0
2011045N,14/04/2011,"12,14,23,32,37,39",28,,,31427980.0,0.0,0,1026390.0,15,106630.0,9600.0,640.0,320.0,40.0
2011046N,16/04/2011,"1,16,17,26,31,36",45,,,33728030.0,0.0,0,1462020.0,10,51840.0,9600.0,640.0,320.0,40.0
2011047N,19/04/2011,"1,8,18,20,22,46",28,EAS,復活節金多寶,78952880.0,0.0,0,763040.0,40,51840.0,9600.0,640.0,320.0,40.0
2011048N,21/04/2011,"1,6,9,10,22,26",35,,,79369908.0,13329810.0,35,333170.0,45,19200.0,9600.0,640.0,320.0,40.0
2011049N,23/04/2011,"2,4,26,30,31,43",38,,,25734501.0,0.0,0,0.0,0,110470.0,9600.0,640.0,320.0,40.0
2011050N,26/04/2011,"11,15,25,29,30,49",47,,,37409831.0,14588850.0,5,1197200.0,15,54720.0,9600.0,640.0,320.0,40.0
2011051N,28/04/2011,"1,6,15,30,33,49",3,,,33995839.0,0.0,0,304360.0,45,64640.0,9600.0,640.0,320.0,40.0
2011052N,30/04/2011,"9,10,23,29,30,34",36,,,37467825.0,0.0,0,1364220.0,10,39970.0,9600.0,640.0,320.0,40.0
2011053N,03/05/2011,"2,3,13,23,34,38",5,,,48129777.0,0.0,0,1257630.0,15,52670.0,9600.0,640.0,320.0,40.0
2011054N,05/05/2011,"5,6,15,20,32,48",22,,,53422590.0,0.0,0,2411880.0,10,69530.0,9600.0,640.0,320.0,40.0
2011055N,08/05/2011,"10,14,26,29,39,41",6,,,63928210.0,0.0,0,3040750.0,10,85800.0,9600.0,640.0,320.0,40.0
2011056N,12/05/2011,"4,9,25,28,39,45",30,,,84454895.0,0.0,0,1281980.0,30,97210.0,9600.0,640.0,320.0,40.0
2011057N,14/05/2011,"4,10,15,22,33,35",48,,,87186700.0,0.0,0,1339440.0,30,61230.0,9600.0,640.0,320.0,40.0
2011058N,17/05/2011,"12,14,27,35,46,49",31,,,159101978.0,0.0,0,1021350.0,80,97050.0,9600.0,640.0,320.0,40.0
2011059N,20/05/2011,"13,15,18,30,32,48",8,,,342962710.0,44509550.0,30,1388690.0,115,88440.0,9600.0,640.0,320.0,40.0
2011060N,22/05/2011,"15,17,22,36,45,47",35,,,25550252.0,0.0,0,0.0,0,116380.0,9600.0,640.0,320.0,40.0
2011061N,24/05/2011,"11,20,31,33,39,48",4,,,41565375.0,0.0,0,1978400.0,5,66360.0,9600.0,640.0,320.0,40.0
2011062N,26/05/2011,"5,6,22,37,44,48",23,,,51154026.0,23888330.0,5,0.0,0,100510.0,9600.0,640.0,320.0,40.0
2011063N,28/05/2011,"7,13,34,38,43,44",10,,,42781899.0,20812000.0,10,2107860.0,5,76470.0,9600.0,640.0,320.0,40.0
2011064N,31/05/2011,"1,4,10,24,30,39",8,,,37959699.0,0.0,0,559600.0,20,29260.0,9600.0,640.0,320.0,40.0
2011065N,02/06/2011,"2,7,18,23,39,47",17,,,40355452.0,0.0,0,1957850.0,10,74050.0,9600.0,640.0,320.0,40.0
2011066N,04/06/2011,"7,8,33,36,46,49",18,,,44301987.0,20025210.0,10,2050550.0,10,60080.0,9600.0,640.0,320.0,40.0
2011067N,07/06/2011,"22,24,33,36,42,49",38,DBF,端午金多寶,92463430.0,25535270.0,20,871360.0,50,77970.0,9600.0,640.0,320.0,40.0
2011068N,09/06/2011,"3,5,6,15,39,42",35,,,32373901.0,0.0,0,1332510.0,5,73260.0,9600.0,640.0,320.0,40.0
2011069N,12/06/2011,"1,4,13,17,35,44",22,,,39576203.0,13981370.0,5,1771700.0,10,80070.0,9600.0,640.0,320.0,40.0
2011070N,14/06/2011,"12,13,19,22,39,48",46,,,35255320.0,0.0,0,0.0,0,108980.0,9600.0,640.0,320.0,40.0
2011071N,16/06/2011,"4,12,26,44,47,48",2,,,41724340.0,0.0,0,0.0,0,109730.0,9600.0,640.0,320.0,40.0
2011072N,18/06/2011,"14,16,38,44,48,49",39,,,46343205.0,29300180.0,10,2213070.0,10,112410.0,9600.0,640.0,320.0,40.0
2011073N,21/06/2011,"9,10,16,21,32,47",38,,,33001451.0,0.0,0,1546990.0,10,78570.0,9600.0,640.0,320.0,40.0
2011074N,23/06/2011,"2,15,27,32,43,49",42,,,35540886.0,0.0,0,0.0,0,175420.0,9600.0,640.0,320.0,40.0
2011075N,25/06/2011,"4,23,24,30,34,45",19,,,39887175.0,0.0,0,717760.0,25,54060.0,9600.0,640.0,320.0,40.0
2011076N,28/06/2011,"4,15,17,43,45,47",38,,,49056896.0,0.0,0,0.0,0,85190.0,9600.0,640.0,320.0,40.0
2011077N,30/06/2011,"10,20,40,46,48,49",13,,,57434811.0,0.0,0,564600.0,45,28760.0,9600.0,640.0,320.0,40.0
2011078N,02/07/2011,"5,13,31,33,34,35",27,,,62473042.0,0.0,0,1131710.0,25,60600.0,9600.0,640.0,320.0,40.0
2011079N,05/07/2011,"9,16,22,28,30,32",37,,,92140292.0,59028690.0,10,688090.0,55,47780.0,9600.0,640.0,320.0,40.0
2011080N,07/07/2011,"10,14,29,35,40,46",30,,,30764033.0,0.0,0,1059450.0,15,141260.0,9600.0,640.0,320.0,40.0
2011081N,09/07/2011,"1,10,11,13,42,48",15,,,35624330.0,12825790.0,10,0.0,0,82490.0,9600.0,640.0,320.0,40.0
2011082N,12/07/2011,"16,18,28,33,41,45",29,,,34030400.0,0.0,0,1695150.0,10,127330.0,9600.0,640.0,320.0,40.0
2011083N,14/07/2011,"11,13,33,37,45,48",36,,,36565480.0,13699280.0,10,1266500.0,15,117810.0,9600.0,640.0,320.0,40.0
2011084N,16/07/2011,"11,17,20,31,48,49",35,,,29039326.0,0.0,0,0.0,0,96840.0,9600.0,640.0,320.0,40.0
2011085N,19/07/2011,"3,10,31,40,41,43",20,SMR,暑期金多寶,81348033.0,0.0,0,982970.0,40,101790.0,9600.0,640.0,320.0,40.0
2011086N,21/07/2011,"6,18,26,28,30,49",22,,,82552099.0,0.0,0,621420.0,55,77890.0,9600.0,640.0,320.0,40.0
2011087N,24/07/2011,"7,8,27,29,37,48",21,,,102999064.0,62873120.0,5,515420.0,70,29330.0,9600.0,640.0,320.0,40.0
2011088N,26/07/2011,"15,25,26,34,35,41",10,,,67713944.0,0.0,0,1554160.0,20,74330.0,9600.0,640.0,320.0,40.0
2011089N,28/07/2011,"11,21,30,36,42,47",34,,,73849714.0,34706930.0,15,0.0,0,91300.0,9600.0,640.0,320.0,40.0
2011090N,30/07/2011,"6,29,44,45,46,47",30,,,33644596.0,0.0,0,678300.0,25,89540.0,9600.0,640.0,320.0,40.0
2011091N,02/08/2011,"11,14,21,24,25,47",36,,,44312716.0,0.0,0,1115610.0,20,102580.0,9600.0,640.0,320.0,40.0
2011092N,04/08/2011,"2,11,25,32,34,39",31,,,46944341.0,0.0,0,0.0,0,133000.0,9600.0,640.0,320.0,40.0
2011093N,06/08/2011,"9,30,31,34,42,45",24,,,51628156.0,0.0,0,2618560.0,10,145470.0,9600.0,640.0,320.0,40.0
2011094N,09/08/2011,"5,6,11,25,45,48",34,,,66185681.0,0.0,0,861530.0,25,31040.0,9600.0,640.0,320.0,40.0
2011095N,11/08/2011,"4,6,7,25,35,37",48,,,74824663.0,24932880.0,20,1125040.0,30,63600.0,9600.0,640.0,320.0,40.0
2011096N,13/08/2011,"11,18,23,31,37,49",10,,,30696647.0,0.0,0,1479240.0,5,66850.0,9600.0,640.0,320.0,40.0
2011097N,16/08/2011,"5,8,9,10,22,38",7,,,41740730.0,0.0,0,112830.0,85,19200.0,9600.0,640.0,320.0,40.0
2011098N,18/08/2011,"5,14,17,43,45,49",12,,,45806753.0,0.0,0,2484210.0,10,114210.0,9600.0,640.0,320.0,40.0
2011099N,20/08/2011,"13,15,17,23,26,47",1,,,48006147.0,0.0,0,1595420.0,15,88630.0,9600.0,640.0,320.0,40.0
2011100N,23/08/2011,"11,24,25,36,41,45",40,,,59856919.0,0.0,0,1757190.0,15,57140.0,9600.0,640.0,320.0,40.0
2011101N,25/08/2011,"6,10,17,20,25,28",2,,,65433423.0,42179490.0,10,2674340.0,10,47160.0,9600.0,640.0,320.0,40.0
2011102N,27/08/2011,"9,10,19,27,29,45",30,,,29222198.0,8000000.0,5,215390.0,40,27840.0,9600.0,640.0,320.0,40.0
2011103N,30/08/2011,"9,15,24,46,48,49",6,,,36058501.0,5440250.0,15,1386790.0,10,66030.0,9600.0,640.0,320.0,40.0
2011104N,02/09/2011,"2,29,33,34,44,49",42,,,34633979.0,0.0,0,0.0,0,140830.0,9600.0,640.0,320.0,40.0
2011105N,04/09/2011,"4,18,21,22,39,46",29,,,35517904.0,0.0,0,1724990.0,5,57490.0,9600.0,640.0,320.0,40.0
2011106N,06/09/2011,"1,4,7,21,23,44",17,,,43718081.0,13684200.0,15,764580.0,20,35300.0,9600.0,640.0,320.0,40.0
2011107N,08/09/2011,"14,18,22,30,39,44",32,,,31954366.0,0.0,0,0.0,0,87910.0,9600.0,640.0,320.0,40.0
2011108N,10/09/2011,"15,19,36,44,45,49",16,,,38305066.0,0.0,0,0.0,0,135310.0,9600.0,640.0,320.0,40.0
2011109N,13/09/2011,"11,13,16,19,28,46",22,MAF,中秋金多寶,111922296.0,0.0,0,2082880.0,25,82650.0,9600.0,640.0,320.0,40.0
2011110N,15/09/2011,"5,7,13,29,41,49",25,,,98579063.0,69930990.0,5,2384890.0,20,77790.0,9600.0,640.0,320.0,40.0
2011111N,17/09/2011,"6,12,14,25,35,43",42,,,64072858.0,43796810.0,10,0.0,0,72010.0,9600.0,640.0,320.0,40.0
2011112N,20/09/2011,"10,27,33,40,47,48",13,,,36298504.0,8108640.0,5,344320.0,50,47320.0,9600.0,640.0,320.0,40.0
2011113N,22/09/2011,"8,10,19,27,39,44",6,,,34909079.0,0.0,0,1586960.0,5,114370.0,9600.0,640.0,320.0,40.0
2011114N,24/09/2011,"6,16,18,28,34,40",38,,,38674999.0,0.0,0,1738760.0,10,87150.0,9600.0,640.0,320.0,40.0
2011115N,27/09/2011,"4,22,23,37,40,49",13,,,47883595.0,0.0,0,1384210.0,15,107510.0,9600.0,640.0,320.0,40.0
2011116N,02/10/2011,"9,14,22,37,41,45",5,,,60165159.0,29904680.0,10,1966830.0,15,99580.0,9600.0,640.0,320.0,40.0
2011117N,04/10/2011,"1,4,9,15,37,39",47,,,30814243.0,0.0,0,329410.0,40,56220.0,9600.0,640.0,320.0,40.0
2011118N,08/10/2011,"4,8,24,26,37,41",33,,,44606687.0,0.0,0,1484360.0,15,112020.0,9600.0,640.0,320.0,40.0
2011119N,11/10/2011,"2,6,22,25,33,39",46,,,45894566.0,0.0,0,772640.0,25,47170.0,9600.0,640.0,320.0,40.0
2011120N,13/10/2011,"2,8,28,30,33,40",23,,,47908626.0,0.0,0,0.0,0,57120.0,9600.0,640.0,320.0,40.0
2011121N,15/10/2011,"11,24,28,37,41,43",13,,,53372245.0,0.0,0,2687190.0,10,126820.0,9600.0,640.0,320.0,40.0
2011122N,18/10/2011,"4,9,23,37,47,48",14,,,71866623.0,13198120.0,35,1365730.0,20,60470.0,9600.0,640.0,320.0,40.0
2011123N,20/10/2011,"2,16,23,32,34,35",40,,,29899395.0,0.0,0,0.0,0,132810.0,9600.0,640.0,320.0,40.0
2011124N,22/10/2011,"1,11,18,20,26,30",47,,,34983206.0,0.0,0,1581350.0,5,59810.0,9600.0,640.0,320.0,40.0
2011125N,25/10/2011,"17,22,26,27,29,35",44,STE,萬聖節周二金多寶,81998348.0,27560740.0,15,840080.0,45,75510.0,9600.0,640.0,320.0,40.0
2011126N,27/10/2011,"1,9,22,43,46,48",49,,,30372377.0,0.0,0,1199100.0,10,68760.0,9600.0,640.0,320.0,40.0
2011127N,29/10/2011,"5,12,15,17,18,39",47,,,34275117.0,0.0,0,1654220.0,10,114570.0,9600.0,640.0,320.0,40.0
2011128N,01/11/2011,"8,15,19,21,24,44",10,,,46298012.0,0.0,0,868060.0,25,92590.0,9600.0,640.0,320.0,40.0
2011129N,03/11/2011,"1,3,21,34,41,44",43,,,48225209.0,0.0,0,0.0,0,134720.0,9600.0,640.0,320.0,40.0
2011130N,06/11/2011,"1,3,7,11,16,34",49,,,57963521.0,0.0,0,2285890.0,10,43380.0,9600.0,640.0,320.0,40.0
2011131N,08/11/2011,"2,23,30,34,40,42",48,,,68915150.0,18800770.0,25,1408890.0,25,74540.0,9600.0,640.0,320.0,40.0
2011132N,10/11/2011,"4,7,9,20,37,49",33,,,30855328.0,0.0,0,544520.0,20,27390.0,9600.0,640.0,320.0,40.0
2011133N,12/11/2011,"10,17,29,33,42,48",35,,,35727668.0,0.0,0,0.0,0,109360.0,9600.0,640.0,320.0,40.0
2011134N,15/11/2011,"7,11,14,25,26,30",29,,,48402879.0,0.0,0,1950360.0,5,48600.0,9600.0,640.0,320.0,40.0
2011135N,17/11/2011,"3,6,23,24,42,44",35,,,50448764.0,29149350.0,10,0.0,0,88330.0,9600.0,640.0,320.0,40.0
2011136N,19/11/2011,"10,12,13,14,22,47",21,,,30613702.0,0.0,0,0.0,0,82500.0,9600.0,640.0,320.0,40.0
2011137N,22/11/2011,"7,21,24,31,43,47",5,,,41861269.0,0.0,0,0.0,0,115970.0,9600.0,640.0,320.0,40.0
2011138N,24/11/2011,"3,5,19,35,38,41",32,,,46401264.0,0.0,0,762020.0,30,120710.0,9600.0,640.0,320.0,40.0
2011139N,26/11/2011,"4,22,33,39,42,47",14,,,49434499.0,0.0,0,762140.0,30,76690.0,9600.0,640.0,320.0,40.0
2011140N,29/11/2011,"3,6,13,37,40,42",29,,,67745359.0,0.0,0,1670720.0,20,88660.0,9600.0,640.0,320.0,40.0
2011141N,01/12/2011,"1,3,8,22,28,33",5,,,77194239.0,15576820.0,30,104220.0,165,19200.0,9600.0,640.0,320.0,40.0
2011142N,03/12/2011,"2,3,9,18,23,37",31,,,28798685.0,0.0,0,627440.0,15,26220.0,9600.0,640.0,320.0,40.0
2011143N,06/12/2011,"1,2,5,6,11,43",25,,,40206868.0,0.0,0,474180.0,25,20720.0,9600.0,640.0,320.0,40.0
2011144N,08/12/2011,"5,20,22,28,36,48",1,,,43934065.0,17653350.0,5,812930.0,25,60550.0,9600.0,640.0,320.0,40.0
2011145N,10/12/2011,"3,14,21,25,27,42",34,,,34430922.0,0.0,0,638960.0,25,90630.0,9600.0,640.0,320.0,40.0
2011146N,13/12/2011,"3,25,32,36,38,40",31,,,45111327.0,0.0,0,1540130.0,15,110000.0,9600.0,640.0,320.0,40.0
2011147N,15/12/2011,"9,21,29,34,43,47",32,,,47837502.0,0.0,0,1220960.0,20,98660.0,9600.0,640.0,320.0,40.0
2011148N,18/12/2011,"1,2,23,35,38,46",5,,,54784706.0,35865290.0,10,0.0,0,92230.0,9600.0,640.0,320.0,40.0
2011149N,20/12/2011,"26,29,31,37,43,49",2,XMS,聖誕金多寶,95020661.0,54829860.0,10,0.0,0,85870.0,9600.0,640.0,320.0,40.0
2011150N,22/12/2011,"5,16,18,28,37,49",24,,,32661416.0,0.0,0,1598030.0,5,127200.0,9600.0,640.0,320.0,40.0
2011151N,24/12/2011,"1,4,17,24,27,43",41,,,37647017.0,15727140.0,10,865120.0,20,41750.0,9600.0,640.0,320.0,40.0
2011152N,26/12/2011,"8,30,31,37,38,48",5,,,23683821.0,0.0,0,1083590.0,10,64210.0,9600.0,640.0,320.0,40.0
2011153N,29/12/2011,"7,10,21,23,29,39",1,,,41025568.0,0.0,0,392180.0,40,53970.0,9600.0,640.0,320.0,40.0
2011154N,31/12/2011,"2,3,27,40,44,49",38,,,43332819.0,18767030.0,5,505060.0,40,98850.0,9600.0,640.0,320.0,40.0
2012001N,03/01/2012,"5,12,31,34,37,45",10,,,41183501.0,0.0,0,1964300.0,10,79970.0,9600.0,640.0,320.0,40.0
2012002N,05/01/2012,"9,11,33,43,46,48",2,,,43406215.0,0.0,0,1964960.0,10,70330.0,9600.0,640.0,320.0,40.0
2012003N,07/01/2012,"3,7,10,31,32,35",30,,,47701437.0,26778550.0,10,623020.0,30,50850.0,9600.0,640.0,320.0,40.0
2012004N,10/01/2012,"3,20,26,31,32,35",12,,,35006668.0,0.0,0,0.0,0,133390.0,9600.0,640.0,320.0,40.0
2012005N,12/01/2012,"15,27,32,36,44,48",47,,,39381002.0,0.0,0,2085230.0,5,142580.0,9600.0,640.0,320.0,40.0
2012006N,14/01/2012,"10,13,20,24,29,36",14,,,43197007.0,23378770.0,10,531630.0,40,106990.0,9600.0,640.0,320.0,40.0
2012007N,17/01/2012,"16,23,24,35,36,44",1,,,34740268.0,0.0,0,694450.0,25,107660.0,9600.0,640.0,320.0,40.0
2012008N,19/01/2012,"1,2,14,18,25,39",31,,,40077668.0,0.0,0,1901120.0,10,95650.0,9600.0,640.0,320.0,40.0
2012009N,22/01/2012,"10,14,18,20,34,47",41,,,49532713.0,0.0,0,1304170.0,20,109530.0,9600.0,640.0,320.0,40.0
2012010N,26/01/2012,"3,10,11,17,29,34",15,CNY,新春金多寶,129184005.0,0.0,0,1287450.0,45,67900.0,9600.0,640.0,320.0,40.0
2012011N,31/01/2012,"22,27,28,29,42,46",49,,,201428850.0,86112100.0,10,1473400.0,65,83460.0,9600.0,640.0,320.0,40.0
2012012N,02/02/2012,"14,20,21,38,45,46",47,,,33968081.0,0.0,0,0.0,0,127700.0,9600.0,640.0,320.0,40.0
2012013N,04/02/2012,"6,12,16,20,27,38",7,,,40750547.0,15171610.0,10,707180.0,25,74830.0,9600.0,640.0,320.0,40.0
2012014N,07/02/2012,"11,16,30,34,41,45",47,,,37524293.0,0.0,0,700220.0,30,183660.0,9600.0,640.0,320.0,40.0
2012015N,09/02/2012,"3,12,20,33,34,41",43,,,40309262.0,0.0,0,792000.0,25,105600.0,9600.0,640.0,320.0,40.0
2012016N,12/02/2012,"7,9,33,34,39,41",48,,,49136937.0,21315060.0,5,983340.0,25,82980.0,9600.0,640.0,320.0,40.0
2012017N,14/02/2012,"10,14,21,37,39,49",25,,,43035930.0,0.0,0,2098620.0,5,95660.0,9600.0,640.0,320.0,40.0
2012018N,16/02/2012,"4,12,18,25,42,44",8,,,49764063.0,24984050.0,10,0.0,0,96210.0,9600.0,640.0,320.0,40.0
2012019N,18/02/2012,"5,12,16,17,41,46",15,,,32786117.0,0.0,0,0.0,0,130010.0,9600.0,640.0,320.0,40.0
2012020N,21/02/2012,"1,11,12,15,35,49",17,,,43934272.0,0.0,0,429600.0,45,90440.0,9600.0,640.0,320.0,40.0
2012021N,23/02/2012,"1,5,15,22,43,47",37,,,46262452.0,0.0,0,2242480.0,5,83630.0,9600.0,640.0,320.0,40.0
2012022N,25/02/2012,"12,14,24,26,27,49",22,,,50808536.0,0.0,0,612980.0,40,102960.0,9600.0,640.0,320.0,40.0
2012023N,28/02/2012,"8,9,24,28,37,49",47,,,66889282.0,0.0,0,385790.0,75,61720.0,9600.0,640.0,320.0,40.0
2012024N,01/03/2012,"25,30,31,34,40,47",13,,,77515307.0,0.0,0,3794730.0,5,107080.0,9600.0,640.0,320.0,40.0
2012025N,03/03/2012,"1,3,4,8,21,28",5,,,96315167.0,24382980.0,25,162920.0,170,19200.0,9600.0,640.0,320.0,40.0
2012026N,06/03/2012,"3,7,28,31,33,36",32,,,35457403.0,5333330.0,15,443570.0,30,40550.0,9600.0,640.0,320.0,40.0
2012027N,08/03/2012,"3,5,9,17,35,36",43,,,33121073.0,8000000.0,5,1341450.0,5,40190.0,9600.0,640.0,320.0,40.0
2012028N,11/03/2012,"10,23,33,39,42,48",34,,,36274165.0,6523430.0,15,1704800.0,10,54770.0,9600.0,640.0,320.0,40.0
2012029N,13/03/2012,"7,8,26,43,47,48",12,,,32733797.0,0.0,0,1592190.0,5,74480.0,9600.0,640.0,320.0,40.0
2012030N,15/03/2012,"4,28,31,34,48,49",6,,,38792307.0,0.0,0,0.0,0,115530.0,9600.0,640.0,320.0,40.0
2012031N,17/03/2012,"4,6,13,18,23,45",15,,,43909972.0,0.0,0,0.0,0,73880.0,9600.0,640.0,320.0,40.0
2012032N,20/03/2012,"11,13,18,29,44,46",37,,,60075662.0,33333200.0,5,980110.0,30,96800.0,9600.0,640.0,320.0,40.0
2012033N,22/03/2012,"2,35,38,47,48,49",41,,,44084707.0,0.0,0,986420.0,20,71090.0,9600.0,640.0,320.0,40.0
2012034N,24/03/2012,"3,23,32,35,43,49",34,,,48198800.0,0.0,0,2225340.0,10,79120.0,9600.0,640.0,320.0,40.0
2012035N,27/03/2012,"2,7,17,25,30,43",38,,,60663409.0,38292990.0,10,752650.0,40,114850.0,9600.0,640.0,320.0,40.0
2012036N,29/03/2012,"10,16,21,28,29,31",8,,,31211076.0,0.0,0,0.0,0,78040.0,9600.0,640.0,320.0,40.0
2012037N,31/03/2012,"11,19,30,33,37,44",18,,,37426753.0,0.0,0,1804510.0,10,80870.0,9600.0,640.0,320.0,40.0
2012038N,03/04/2012,"20,21,28,44,46,47",42,EAS,復活節金多寶,103026035.0,49104610.0,5,2147280.0,25,118300.0,9600.0,640.0,320.0,40.0
2012039N,05/04/2012,"13,15,17,18,41,45",14,,,52037809.0,31456990.0,10,0.0,0,75300.0,9600.0,640.0,320.0,40.0
2012040N,07/04/2012,"3,14,22,24,34,49",44,,,29830321.0,0.0,0,727700.0,15,71870.0,9600.0,640.0,320.0,40.0
2012041N,10/04/2012,"4,11,16,26,42,47",6,,,39608787.0,0.0,0,1883740.0,10,102510.0,9600.0,640.0,320.0,40.0
2012042N,12/04/2012,"2,11,16,17,25,28",41,,,44023673.0,0.0,0,0.0,0,63980.0,9600.0,640.0,320.0,40.0
2012043N,14/04/2012,"3,15,19,20,32,40",25,,,48234912.0,0.0,0,2424350.0,10,98400.0,9600.0,640.0,320.0,40.0
2012044N,17/04/2012,"6,7,17,19,35,46",4,,,60491095.0,0.0,0,774920.0,35,85080.0,9600.0,640.0,320.0,40.0
2012045N,19/04/2012,"5,12,13,20,37,41",23,,,68139653.0,0.0,0,2172280.0,15,117420.0,9600.0,640.0,320.0,40.0
2012046N,22/04/2012,"1,3,11,21,41,42",2,,,84090395.0,35477960.0,15,201020.0,100,19200.0,9600.0,640.0,320.0,40.0
2012047N,24/04/2012,"1,17,28,29,31,34",45,,,31861666.0,0.0,0,1631090.0,10,89680.0,9600.0,640.0,320.0,40.0
2012048N,26/04/2012,"7,10,11,17,22,30",14,,,37290401.0,0.0,0,765450.0,15,24390.0,9600.0,640.0,320.0,40.0
2012049N,28/04/2012,"11,17,19,20,29,32",38,,,40829811.0,0.0,0,0.0,0,61040.0,9600.0,640.0,320.0,40.0
2012050N,01/05/2012,"5,17,19,26,32,33",22,,,52369801.0,0.0,0,2429840.0,10,67490.0,9600.0,640.0,320.0,40.0
2012051N,03/05/2012,"2,20,28,46,47,49",3,,,57629143.0,33911460.0,10,2479840.0,5,64830.0,9600.0,640.0,320.0,40.0
2012052N,05/05/2012,"4,11,17,29,39,49",8,,,31028197.0,0.0,0,1212680.0,10,40670.0,9600.0,640.0,320.0,40.0
2012053N,08/05/2012,"4,9,10,17,33,34",35,,,41758827.0,0.0,0,881180.0,20,65720.0,9600.0,640.0,320.0,40.0
2012054N,10/05/2012,"13,17,23,32,34,46",41,,,44033536.0,0.0,0,895800.0,25,115960.0,9600.0,640.0,320.0,40.0
2012055N,13/05/2012,"16,21,30,34,39,45",4,,,53611476.0,0.0,0,714770.0,40,111300.0,9600.0,640.0,320.0,40.0
2012056N,15/05/2012,"5,14,16,22,23,33",32,,,56894756.0,0.0,0,421240.0,55,55410.0,9600.0,640.0,320.0,40.0
2012057N,17/05/2012,"1,10,15,21,27,37",40,,,66813866.0,29868930.0,15,3089990.0,10,55300.0,9600.0,640.0,320.0,40.0
2012058N,20/05/2012,"3,17,23,26,41,47",33,,,30489776.0,0.0,0,1387290.0,10,97350.0,9600.0,640.0,320.0,40.0
2012059N,22/05/2012,"1,8,22,26,32,37",41,,,38415154.0,0.0,0,1845840.0,5,65630.0,9600.0,640.0,320.0,40.0
2012060N,24/05/2012,"2,5,8,29,40,47",34,,,44061862.0,20869430.0,10,2136320.0,10,93390.0,9600.0,640.0,320.0,40.0
2012061N,26/05/2012,"9,10,20,22,38,49",7,,,29036301.0,8000000.0,10,856100.0,10,22270.0,9600.0,640.0,320.0,40.0
2012062N,29/05/2012,"8,18,20,22,31,37",46,,,33175665.0,8000000.0,5,1695090.0,10,72900.0,9600.0,640.0,320.0,40.0
2012063N,31/05/2012,"4,9,24,31,39,47",38,,,33828222.0,0.0,0,825440.0,20,96750.0,9600.0,640.0,320.0,40.0
2012064N,02/06/2012,"9,14,19,20,43,47",37,,,36033730.0,0.0,0,0.0,0,113360.0,9600.0,640.0,320.0,40.0
2012065N,05/06/2012,"10,21,26,34,35,43",37,,,47912779.0,0.0,0,1236080.0,20,81890.0,9600.0,640.0,320.0,40.0
2012066N,07/06/2012,"4,17,20,29,39,48",9,,,52834536.0,0.0,0,0.0,0,85280.0,9600.0,640.0,320.0,40.0
2012067N,10/06/2012,"8,15,18,37,39,44",6,,,66001273.0,0.0,0,0.0,0,103530.0,9600.0,640.0,320.0,40.0
2012068N,12/06/2012,"7,14,16,25,30,36",32,,,81568359.0,0.0,0,2403150.0,15,56210.0,9600.0,640.0,320.0,40.0
2012069N,16/06/2012,"2,4,6,7,13,29",9,,,127756978.0,17147740.0,40,259770.0,145,27140.0,9600.0,640.0,320.0,40.0
2012070N,19/06/2012,"10,13,26,40,42,48",24,,,33991068.0,0.0,0,1807590.0,10,148310.0,9600.0,640.0,320.0,40.0
2012071N,21/06/2012,"2,5,8,13,17,35",28,DBF,端午金多寶,90481987.0,28364760.0,15,353590.0,90,32080.0,9600.0,640.0,320.0,40.0
2012072N,23/06/2012,"9,14,17,34,40,48",39,,,30328336.0,0.0,0,1436520.0,5,103530.0,9600.0,640.0,320.0,40.0
2012073N,26/06/2012,"6,19,26,28,37,49",47,,,41424639.0,14392890.0,10,1891540.0,10,70050.0,9600.0,640.0,320.0,40.0
2012074N,28/06/2012,"3,6,14,19,27,36",24,,,31679371.0,5333330.0,15,1288840.0,5,40910.0,9600.0,640.0,320.0,40.0
2012075N,30/06/2012,"10,13,28,32,37,41",1,,,29722428.0,0.0,0,1402900.0,5,85020.0,9600.0,640.0,320.0,40.0
2012076N,03/07/2012,"6,10,12,14,31,38",20,,,38214283.0,0.0,0,1034790.0,15,56310.0,9600.0,640.0,320.0,40.0
2012077N,05/07/2012,"2,3,11,24,26,27",44,,,42640598.0,0.0,0,1905940.0,10,40170.0,9600.0,640.0,320.0,40.0
2012078N,07/07/2012,"1,4,5,22,44,46",37,,,45674602.0,0.0,0,2075190.0,10,56750.0,9600.0,640.0,320.0,40.0
2012079N,10/07/2012,"4,7,13,28,36,49",3,,,58042219.0,32054460.0,10,643140.0,35,39230.0,9600.0,640.0,320.0,40.0
2012080N,12/07/2012,"2,13,33,39,40,44",43,,,30882410.0,0.0,0,1659680.0,10,121250.0,9600.0,640.0,320.0,40.0
2012081N,14/07/2012,"2,6,16,24,41,46",27,,,34229212.0,0.0,0,0.0,0,100850.0,9600.0,640.0,320.0,40.0
2012082N,17/07/2012,"8,11,17,24,30,49",3,,,47079659.0,0.0,0,454980.0,40,59180.0,9600.0,640.0,320.0,40.0
2012083N,19/07/2012,"9,20,30,34,35,46",29,,,48520746.0,0.0,0,2415830.0,10,123880.0,9600.0,640.0,320.0,40.0
2012084N,21/07/2012,"7,19,23,30,34,45",13,,,51194492.0,34938270.0,10,979700.0,25,105340.0,9600.0,640.0,320.0,40.0
2012085N,24/07/2012,"10,11,15,22,23,45",31,,,29671737.0,0.0,0,1346060.0,5,72510.0,9600.0,640.0,320.0,40.0
2012086N,26/07/2012,"9,11,13,22,24,44",32,,,35385209.0,0.0,0,1340470.0,10,35740.0,9600.0,640.0,320.0,40.0
2012087N,28/07/2012,"18,25,38,40,44,45",5,,,39306513.0,0.0,0,0.0,0,126930.0,9600.0,640.0,320.0,40.0
2012088N,31/07/2012,"2,10,16,23,35,47",1,SMR,暑期金多寶,92663222.0,17154580.0,30,747980.0,60,87990.0,9600.0,640.0,320.0,40.0
2012089N,02/08/2012,"9,11,12,22,28,49",7,,,29800817.0,0.0,0,439320.0,20,23190.0,9600.0,640.0,320.0,40.0
2012090N,04/08/2012,"8,15,20,41,42,49",12,,,35176642.0,13465570.0,10,0.0,0,104470.0,9600.0,640.0,320.0,40.0
2012091N,07/08/2012,"2,9,13,40,44,46",10,,,34598377.0,8000000.0,10,507320.0,25,47300.0,9600.0,640.0,320.0,40.0
2012092N,09/08/2012,"10,13,20,22,42,46",48,,,30943057.0,0.0,0,1459420.0,10,108100.0,9600.0,640.0,320.0,40.0
2012093N,11/08/2012,"5,11,12,31,41,42",16,,,34202309.0,12432540.0,10,328330.0,45,67930.0,9600.0,640.0,320.0,40.0
2012094N,14/08/2012,"2,13,16,34,37,47",28,,,32891775.0,0.0,0,0.0,0,133550.0,9600.0,640.0,320.0,40.0
2012095N,16/08/2012,"5,6,13,19,23,34",8,,,35900184.0,0.0,0,929850.0,15,53440.0,9600.0,640.0,320.0,40.0
2012096N,18/08/2012,"7,10,22,32,34,48",45,,,40312266.0,0.0,0,0.0,0,83250.0,9600.0,640.0,320.0,40.0
2012097N,21/08/2012,"1,7,12,17,36,38",48,,,49102118.0,0.0,0,2033470.0,10,74790.0,9600.0,640.0,320.0,40.0
2012098N,23/08/2012,"13,15,25,28,45,47",5,,,55637856.0,17176790.0,20,1532880.0,15,86970.0,9600.0,640.0,320.0,40.0
2012099N,25/08/2012,"3,7,21,22,38,47",27,,,28836441.0,0.0,0,363060.0,30,35850.0,9600.0,640.0,320.0,40.0
2012100N,28/08/2012,"7,17,24,29,47,49",45,,,38465847.0,13257260.0,10,1752420.0,5,50790.0,9600.0,640.0,320.0,40.0
2012101N,30/08/2012,"7,11,15,21,26,34",38,,,29993890.0,0.0,0,1404380.0,5,62940.0,9600.0,640.0,320.0,40.0
2012102N,01/09/2012,"9,12,15,19,21,47",38,,,35287432.0,0.0,0,1623510.0,10,81680.0,9600.0,640.0,320.0,40.0
2012103N,04/09/2012,"20,24,34,36,43,45",3,,,45001750.0,0.0,0,2434600.0,5,128560.0,9600.0,640.0,320.0,40.0
2012104N,06/09/2012,"6,13,33,38,41,43",29,,,48728398.0,0.0,0,2309300.0,5,70370.0,9600.0,640.0,320.0,40.0
2012105N,09/09/2012,"4,7,12,15,27,34",37,,,59093685.0,0.0,0,612030.0,35,37450.0,9600.0,640.0,320.0,40.0
2012106N,11/09/2012,"4,11,25,27,39,41",43,,,68381765.0,46786070.0,10,3394430.0,10,77690.0,9600.0,640.0,320.0,40.0
2012107N,13/09/2012,"16,20,22,31,42,48",43,,,30818456.0,0.0,0,1641360.0,5,99470.0,9600.0,640.0,320.0,40.0
2012108N,15/09/2012,"6,7,18,21,27,48",42,,,35319525.0,0.0,0,1054440.0,15,76680.0,9600.0,640.0,320.0,40.0
2012109N,18/09/2012,"15,26,27,38,42,43",39,MAF,中秋金多寶,169597225.0,0.0,0,1947100.0,40,64000.0,9600.0,640.0,320.0,40.0
2012110N,22/09/2012,"2,13,33,35,38,49",40,,,285575400.0,49591870.0,25,1177230.0,115,71480.0,9600.0,640.0,320.0,40.0
2012111N,25/09/2012,"1,4,17,20,28,32",47,,,33913347.0,3200000.0,25,619500.0,25,76480.0,9600.0,640.0,320.0,40.0
2012112N,27/09/2012,"1,3,10,15,17,40",28,,,32970230.0,0.0,0,399340.0,35,66550.0,9600.0,640.0,320.0,40.0
2012113N,29/09/2012,"2,8,16,17,20,26",32,,,37103767.0,0.0,0,1483040.0,5,54390.0,9600.0,640.0,320.0,40.0
2012114N,02/10/2012,"12,24,25,33,37,44",13,,,42104644.0,0.0,0,560520.0,35,74200.0,9600.0,640.0,320.0,40.0
2012115N,07/10/2012,"1,10,12,13,29,47",9,,,64746580.0,0.0,0,1214320.0,20,53080.0,9600.0,640.0,320.0,40.0
2012116N,09/10/2012,"15,17,21,22,27,36",16,,,59056096.0,0.0,0,993630.0,25,58620.0,9600.0,640.0,320.0,40.0
2012117N,11/10/2012,"1,3,11,18,40,46",35,,,71109958.0,0.0,0,0.0,0,86680.0,9600.0,640.0,320.0,40.0
2012118N,13/10/2012,"5,6,11,26,33,41",4,,,83493915.0,57488940.0,5,1156780.0,30,55410.0,9600.0,640.0,320.0,40.0
2012119N,16/10/2012,"9,17,27,35,39,44",40,,,62002507.0,0.0,0,845090.0,35,71380.0,9600.0,640.0,320.0,40.0
2012120N,18/10/2012,"4,6,10,14,16,29",26,,,67706001.0,0.0,0,358200.0,70,39910.0,9600.0,640.0,320.0,40.0
2012121N,20/10/2012,"4,19,31,34,37,44",6,,,75257369.0,0.0,0,2578020.0,15,105760.0,9600.0,640.0,320.0,40.0
2012122N,23/10/2012,"11,28,29,41,45,47",21,,,97094262.0,71084710.0,10,2390550.0,20,84430.0,9600.0,640.0,320.0,40.0
2012123N,25/10/2012,"8,17,23,40,41,43",28,,,31802589.0,0.0,0,0.0,0,208350.0,9600.0,640.0,320.0,40.0
2012124N,27/10/2012,"26,28,30,34,36,39",1,,,38214207.0,0.0,0,1994640.0,10,86200.0,9600.0,640.0,320.0,40.0
2012125N,30/10/2012,"1,20,28,30,34,40",19,STE,萬聖節周二金多寶,84010751.0,0.0,0,1051830.0,35,59860.0,9600.0,640.0,320.0,40.0
2012126N,01/11/2012,"15,18,24,28,34,42",2,,,76083680.0,0.0,0,3744370.0,10,98860.0,9600.0,640.0,320.0,40.0
2012127N,03/11/2012,"1,12,33,36,46,48",41,,,85234238.0,65018000.0,10,2831250.0,15,84830.0,9600.0,640.0,320.0,40.0
2012128N,06/11/2012,"1,6,8,28,37,39",42,,,35041901.0,0.0,0,943930.0,15,44680.0,9600.0,640.0,320.0,40.0
2012129N,08/11/2012,"15,26,31,37,44,47",43,,,40107495.0,0.0,0,2128600.0,5,129000.0,9600.0,640.0,320.0,40.0
2012130N,11/11/2012,"9,26,28,35,45,47",25,,,49622420.0,22664860.0,10,534420.0,45,103430.0,9600.0,640.0,320.0,40.0
2012131N,13/11/2012,"3,5,25,26,29,30",31,,,32416894.0,0.0,0,943690.0,15,56760.0,9600.0,640.0,320.0,40.0
2012132N,15/11/2012,"18,20,36,41,46,48",21,,,38255531.0,14238080.0,10,2079360.0,10,128950.0,9600.0,640.0,320.0,40.0
2012133N,17/11/2012,"7,12,24,39,43,48",30,,,29851038.0,8000000.0,5,1508240.0,10,87430.0,9600.0,640.0,320.0,40.0
2012134N,20/11/2012,"2,11,20,37,45,47",13,,,35963490.0,0.0,0,1087860.0,15,62610.0,9600.0,640.0,320.0,40.0
2012135N,22/11/2012,"9,22,26,30,44,49",31,,,37883911.0,0.0,0,0.0,0,69130.0,9600.0,640.0,320.0,40.0
2012136N,24/11/2012,"2,3,4,15,23,40",13,,,41976562.0,0.0,0,1858410.0,10,70790.0,9600.0,640.0,320.0,40.0
2012137N,27/11/2012,"8,20,21,24,34,47",10,,,48969789.0,0.0,0,961850.0,25,126970.0,9600.0,640.0,320.0,40.0
2012138N,29/11/2012,"13,17,26,28,32,34",6,,,53426139.0,0.0,0,656030.0,30,46850.0,9600.0,640.0,320.0,40.0
2012139N,01/12/2012,"10,16,17,27,36,38",47,,,61150819.0,0.0,0,337530.0,80,48680.0,9600.0,640.0,320.0,40.0
2012140N,04/12/2012,"7,10,11,18,37,47",4,,,82169646.0,0.0,0,314850.0,90,34340.0,9600.0,640.0,320.0,40.0
2012141N,06/12/2012,"1,6,38,41,43,45",48,,,92978025.0,64521730.0,10,2265030.0,20,92560.0,9600.0,640.0,320.0,40.0
2012142N,08/12/2012,"15,22,30,33,34,47",38,,,30118674.0,0.0,0,0.0,0,100020.0,9600.0,640.0,320.0,40.0
2012143N,11/12/2012,"2,15,28,41,42,49",24,,,42677796.0,0.0,0,0.0,0,109030.0,9600.0,640.0,320.0,40.0
2012144N,13/12/2012,"6,9,29,31,42,47",14,,,48179351.0,0.0,0,2292670.0,10,94780.0,9600.0,640.0,320.0,40.0
2012145N,15/12/2012,"18,21,28,33,41,47",48,,,52735687.0,0.0,0,2503600.0,10,99640.0,9600.0,640.0,320.0,40.0
2012146N,18/12/2012,"8,14,21,41,45,48",34,,,65451595.0,42704240.0,10,1109270.0,30,86570.0,9600.0,640.0,320.0,40.0
2012147N,20/12/2012,"4,12,25,34,36,40",49,,,31491290.0,0.0,0,752630.0,20,70420.0,9600.0,640.0,320.0,40.0
2012148N,23/12/2012,"9,27,28,32,34,43",2,,,39934909.0,0.0,0,1914840.0,5,104200.0,9600.0,640.0,320.0,40.0
2012149N,25/12/2012,"12,18,23,24,46,49",14,,,42186989.0,0.0,0,1364780.0,15,91750.0,9600.0,640.0,320.0,40.0
2012150N,27/12/2012,"4,7,29,39,44,47",23,,,47920082.0,0.0,0,558420.0,40,52480.0,9600.0,640.0,320.0,40.0
2012151N,29/12/2012,"1,6,9,11,33,39",40,,,53431978.0,0.0,0,226150.0,75,26450.0,9600.0,640.0,320.0,40.0
2012152N,31/12/2012,"5,6,25,30,32,48",45,,,67859848.0,0.0,0,808160.0,40,114170.0,9600.0,640.0,320.0,40.0
2013001N,03/01/2013,"17,25,32,33,46,48",39,SBD,元旦金多寶,118029979.0,0.0,0,3980070.0,15,96190.0,9600.0,640.0,320.0,40.0
2013002N,08/01/2013,"14,19,20,21,29,49",7,,,161430634.0,41343400.0,20,1068830.0,70,86740.0,9600.0,640.0,320.0,40.0
2013003N,10/01/2013,"2,9,24,34,41,45",48,,,32599347.0,0.0,0,0.0,0,56350.0,9600.0,640.0,320.0,40.0
2013004N,13/01/2013,"3,6,19,21,31,49",7,,,42194389.0,0.0,0,1181070.0,15,94480.0,9600.0,640.0,320.0,40.0
2013005N,15/01/2013,"3,4,7,24,27,31",13,,,47778499.0,20079730.0,10,580250.0,30,36980.0,9600.0,640.0,320.0,40.0
2013006N,17/01/2013,"2,8,14,25,43,44",11,,,32969568.0,0.0,0,0.0,0,126710.0,9600.0,640.0,320.0,40.0
2013007N,19/01/2013,"3,12,19,21,31,48",26,,,37997742.0,0.0,0,1076710.0,15,43060.0,9600.0,640.0,320.0,40.0
2013008N,22/01/2013,"2,4,20,22,30,37",1,,,48777028.0,0.0,0,2060240.0,10,76300.0,9600.0,640.0,320.0,40.0
2013009N,24/01/2013,"1,2,3,9,20,49",24,,,50914760.0,16480650.0,15,153720.0,90,19200.0,9600.0,640.0,320.0,40.0
2013010N,26/01/2013,"2,29,41,42,45,48",5,,,30736434.0,8000000.0,10,1022800.0,15,82650.0,9600.0,640.0,320.0,40.0
2013011N,29/01/2013,"8,20,26,36,44,47",28,,,34678339.0,0.0,0,1744630.0,10,120840.0,9600.0,640.0,320.0,40.0
2013012N,31/01/2013,"16,22,27,35,38,46",32,,,37924648.0,12240970.0,10,148800.0,95,25130.0,9600.0,640.0,320.0,40.0
2013013N,03/02/2013,"2,17,23,39,47,48",22,,,33798067.0,0.0,0,0.0,0,97770.0,9600.0,640.0,320.0,40.0
2013014N,05/02/2013,"5,19,31,32,34,45",13,,,40955886.0,15690440.0,5,2031810.0,10,91830.0,9600.0,640.0,320.0,40.0
2013015N,07/02/2013,"3,8,12,18,22,33",37,,,40760830.0,10304580.0,10,163950.0,50,19200.0,9600.0,640.0,320.0,40.0
2013016N,09/02/2013,"4,8,10,35,46,47",32,,,33033204.0,0.0,0,0.0,0,94450.0,9600.0,640.0,320.0,40.0
2013017N,14/02/2013,"11,16,24,27,36,48",47,CNY,新春金多寶,131175195.0,28442570.0,20,1144550.0,55,70230.0,9600.0,640.0,320.0,40.0
2013018N,16/02/2013,"3,12,30,35,37,38",18,,,31900166.0,0.0,0,1529360.0,5,92680.0,9600.0,640.0,320.0,40.0
2013019N,19/02/2013,"5,18,19,32,40,44",34,,,44382179.0,15530600.0,10,902120.0,25,96220.0,9600.0,640.0,320.0,40.0
2013020N,21/02/2013,"11,14,21,22,32,49",7,,,33967032.0,8000000.0,10,378980.0,35,86270.0,9600.0,640.0,320.0,40.0
2013021N,23/02/2013,"12,19,23,30,35,36",15,,,31282363.0,0.0,0,0.0,0,79670.0,9600.0,640.0,320.0,40.0
2013022N,26/02/2013,"1,4,15,16,18,36",21,,,42655454.0,0.0,0,1884760.0,10,59120.0,9600.0,640.0,320.0,40.0
2013023N,28/02/2013,"10,11,23,26,28,30",17,,,45702260.0,0.0,0,0.0,0,39800.0,9600.0,640.0,320.0,40.0
2013024N,03/03/2013,"7,8,26,31,35,39",37,,,54715967.0,0.0,0,2616000.0,10,93630.0,9600.0,640.0,320.0,40.0
2013025N,05/03/2013,"4,6,8,35,36,43",5,,,59619108.0,0.0,0,550410.0,45,65390.0,9600.0,640.0,320.0,40.0
2013026N,07/03/2013,"8,9,24,35,39,41",2,,,70085613.0,31493020.0,15,1647860.0,20,88320.0,9600.0,640.0,320.0,40.0
2013027N,09/03/2013,"9,18,24,34,40,43",28,,,30148619.0,0.0,0,585570.0,25,83060.0,9600.0,640.0,320.0,40.0
2013028N,12/03/2013,"13,15,17,30,38,45",4,,,41692046.0,0.0,0,832250.0,25,86690.0,9600.0,640.0,320.0,40.0
2013029N,14/03/2013,"3,4,15,16,17,46",12,,,45139708.0,20191810.0,10,991640.0,20,51590.0,9600.0,640.0,320.0,40.0
2013030N,16/03/2013,"6,9,31,41,45,47",18,,,29849974.0,0.0,0,1437050.0,5,114390.0,9600.0,640.0,320.0,40.0
2013031N,19/03/2013,"3,12,15,28,29,34",8,,,39276508.0,0.0,0,768620.0,20,57730.0,9600.0,640.0,320.0,40.0
2013032N,21/03/2013,"1,4,13,22,39,42",34,,,43170760.0,0.0,0,0.0,0,77350.0,9600.0,640.0,320.0,40.0
2013033N,23/03/2013,"6,9,17,25,33,42",27,,,46944592.0,0.0,0,1258450.0,15,35820.0,9600.0,640.0,320.0,40.0
2013034N,26/03/2013,"10,15,26,35,40,44",11,EAS,復活節金多寶,87678628.0,42154010.0,10,2700890.0,15,79140.0,9600.0,640.0,320.0,40.0
2013035N,28/03/2013,"12,17,31,38,44,45",43,,,29467109.0,0.0,0,792370.0,20,138550.0,9600.0,640.0,320.0,40.0
2013036N,30/03/2013,"4,6,19,25,34,43",17,,,30931736.0,0.0,0,573500.0,25,93250.0,9600.0,640.0,320.0,40.0
2013037N,02/04/2013,"2,4,9,31,33,46",5,,,41379596.0,18096050.0,10,772630.0,25,78040.0,9600.0,640.0,320.0,40.0
2013038N,04/04/2013,"2,7,11,15,17,27",4,,,28770162.0,8000000.0,5,133620.0,60,19200.0,9600.0,640.0,320.0,40.0
2013039N,06/04/2013,"10,12,16,29,41,48",25,,,31763824.0,0.0,0,797580.0,20,137210.0,9600.0,640.0,320.0,40.0
2013040N,09/04/2013,"2,3,25,28,35,43",39,,,40937736.0,0.0,0,2030960.0,10,116470.0,9600.0,640.0,320.0,40.0
2013041N,11/04/2013,"11,18,20,24,29,49",2,,,42650352.0,20736740.0,5,557930.0,35,69430.0,9600.0,640.0,320.0,40.0
2013042N,13/04/2013,"8,16,29,40,46,47",18,,,36824931.0,0.0,0,0.0,0,125960.0,9600.0,640.0,320.0,40.0
2013043N,16/04/2013,"11,15,21,27,38,43",48,,,49778420.0,25440160.0,5,2378700.0,10,66420.0,9600.0,640.0,320.0,40.0
2013044N,18/04/2013,"4,5,14,17,22,39",9,,,38979850.0,8377850.0,20,448400.0,30,41230.0,9600.0,640.0,320.0,40.0
2013045N,21/04/2013,"9,10,15,33,40,49",48,,,30593087.0,0.0,0,0.0,0,78410.0,9600.0,640.0,320.0,40.0
2013046N,23/04/2013,"7,20,23,29,35,41",6,,,38275151.0,0.0,0,720670.0,25,118620.0,9600.0,640.0,320.0,40.0
2013047N,25/04/2013,"14,15,17,22,38,48",19,,,41887781.0,0.0,0,2049870.0,5,78090.0,9600.0,640.0,320.0,40.0
2013048N,27/04/2013,"4,7,16,23,26,28",9,,,45108692.0,0.0,0,310250.0,45,37410.0,9600.0,640.0,320.0,40.0
2013049N,30/04/2013,"4,18,24,30,31,49",36,,,57651884.0,33953210.0,5,0.0,0,76940.0,9600.0,640.0,320.0,40.0
2013050N,02/05/2013,"1,5,28,31,44,46",14,,,44248131.0,0.0,0,1510100.0,15,120800.0,9600.0,640.0,320.0,40.0
2013051N,04/05/2013,"1,10,29,40,44,49",33,,,49577572.0,0.0,0,2317420.0,5,69430.0,9600.0,640.0,320.0,40.0
2013052N,07/05/2013,"5,9,14,24,29,37",36,,,71568032.0,0.0,0,927850.0,35,75300.0,9600.0,640.0,320.0,40.0
2013053N,09/05/2013,"12,14,15,16,22,34",13,,,82698344.0,55390220.0,10,1236040.0,30,77730.0,9600.0,640.0,320.0,40.0
2013054N,12/05/2013,"1,6,11,16,20,25",22,,,31373459.0,0.0,0,355740.0,30,22320.0,9600.0,640.0,320.0,40.0
2013055N,14/05/2013,"2,11,16,19,44,47",27,,,37270330.0,0.0,0,1912700.0,10,109680.0,9600.0,640.0,320.0,40.0
2013056N,16/05/2013,"7,18,27,32,42,48",17,,,40834305.0,18419630.0,10,346770.0,45,53010.0,9600.0,640.0,320.0,40.0
2013057N,19/05/2013,"4,14,24,30,43,48",34,,,30110924.0,0.0,0,332940.0,30,59180.0,9600.0,640.0,320.0,40.0
2013058N,21/05/2013,"11,12,16,18,23,31",36,,,36126326.0,0.0,0,524470.0,30,82270.0,9600.0,640.0,320.0,40.0
2013059N,23/05/2013,"12,24,27,45,47,49",6,,,40667482.0,0.0,0,0.0,0,95730.0,9600.0,640.0,320.0,40.0
2013060N,25/05/2013,"3,8,10,25,26,40",38,,,45624115.0,25067670.0,10,191360.0,70,19200.0,9600.0,640.0,320.0,40.0
2013061N,28/05/2013,"1,4,5,6,9,25",27,,,32689258.0,1066660.0,75,38400.0,105,19200.0,9600.0,640.0,320.0,40.0
2013062N,30/05/2013,"15,17,22,27,36,46",23,,,29980083.0,8000000.0,10,0.0,0,67370.0,9600.0,640.0,320.0,40.0
2013063N,01/06/2013,"1,23,27,36,45,49",7,,,29578374.0,0.0,0,0.0,0,80140.0,9600.0,640.0,320.0,40.0
2013064N,04/06/2013,"9,17,26,36,40,48",2,,,40341214.0,0.0,0,1981980.0,10,82580.0,9600.0,640.0,320.0,40.0
2013065N,06/06/2013,"10,16,20,28,32,48",30,,,42906733.0,20831590.0,10,735750.0,25,72660.0,9600.0,640.0,320.0,40.0
2013066N,09/06/2013,"15,18,22,24,42,44",28,,,32665444.0,0.0,0,1529450.0,5,67970.0,9600.0,640.0,320.0,40.0
2013067N,11/06/2013,"1,14,21,35,39,40",5,DBF,端午金多寶,133452185.0,74826070.0,5,1321730.0,50,101280.0,9600.0,640.0,320.0,40.0
2013068N,13/06/2013,"3,11,26,32,35,43",1,,,68671567.0,0.0,0,3394200.0,10,86200.0,9600.0,640.0,320.0,40.0
2013069N,15/06/2013,"9,14,27,29,42,45",44,,,72299395.0,58303910.0,10,3569420.0,5,107550.0,9600.0,640.0,320.0,40.0
2013070N,18/06/2013,"9,22,23,31,45,47",39,,,34535797.0,8000000.0,10,1744440.0,10,116290.0,9600.0,640.0,320.0,40.0
2013071N,20/06/2013,"11,14,16,29,31,46",30,,,30884182.0,8000000.0,10,1052440.0,15,99050.0,9600.0,640.0,320.0,40.0
2013072N,22/06/2013,"23,25,34,40,42,46",39,,,29162709.0,0.0,0,0.0,0,173350.0,9600.0,640.0,320.0,40.0
2013073N,25/06/2013,"17,20,29,35,38,40",22,,,39586013.0,0.0,0,2073320.0,10,118900.0,9600.0,640.0,320.0,40.0
2013074N,27/06/2013,"16,34,37,42,47,48",17,,,43289101.0,0.0,0,1484080.0,15,103240.0,9600.0,640.0,320.0,40.0
2013075N,29/06/2013,"1,3,4,26,34,37",14,,,47433065.0,0.0,0,2067770.0,10,77660.0,9600.0,640.0,320.0,40.0
2013076N,02/07/2013,"7,19,28,33,43,45",13,,,56478658.0,0.0,0,185540.0,100,44770.0,9600.0,640.0,320.0,40.0
2013077N,06/07/2013,"6,9,27,29,43,47",17,,,83263998.0,0.0,0,528240.0,60,48710.0,9600.0,640.0,320.0,40.0
2013078N,09/07/2013,"1,4,15,38,40,46",49,,,89860511.0,0.0,0,675980.0,65,90470.0,9600.0,640.0,320.0,40.0
2013079N,11/07/2013,"14,26,28,38,39,45",8,,,100386281.0,70221750.0,5,1467310.0,30,65210.0,9600.0,640.0,320.0,40.0
2013080N,13/07/2013,"7,14,18,23,32,46",42,,,64362027.0,44225450.0,10,675150.0,45,74320.0,9600.0,640.0,320.0,40.0
2013081N,16/07/2013,"3,18,19,20,37,47",25,SMR,暑期金多寶,93496029.0,0.0,0,473340.0,95,87520.0,9600.0,640.0,320.0,40.0
2013082N,18/07/2013,"14,18,28,32,36,46",44,,,87674813.0,0.0,0,922810.0,45,71670.0,9600.0,640.0,320.0,40.0
2013083N,21/07/2013,"3,17,20,26,33,47",34,,,125779952.0,40791000.0,20,1469470.0,40,72900.0,9600.0,640.0,320.0,40.0
2013084N,23/07/2013,"6,8,17,22,28,32",20,,,31445786.0,8000000.0,10,0.0,0,37330.0,9600.0,640.0,320.0,40.0
2013085N,25/07/2013,"20,23,27,32,34,49",30,,,32854469.0,8000000.0,10,1181620.0,15,175050.0,9600.0,640.0,320.0,40.0
2013086N,27/07/2013,"1,3,7,22,28,36",21,,,31218814.0,8000000.0,5,212520.0,40,19200.0,9600.0,640.0,320.0,40.0
2013087N,30/07/2013,"8,12,31,33,42,44",49,,,38353899.0,0.0,0,655870.0,30,104930.0,9600.0,640.0,320.0,40.0
2013088N,01/08/2013,"6,8,10,19,20,22",42,,,40301356.0,14273380.0,5,728420.0,20,22710.0,9600.0,640.0,320.0,40.0
2013089N,03/08/2013,"5,6,12,23,38,39",48,,,37208568.0,12093300.0,10,826100.0,20,69380.0,9600.0,640.0,320.0,40.0
2013090N,06/08/2013,"4,11,15,19,32,44",42,,,34841808.0,0.0,0,875200.0,20,102580.0,9600.0,640.0,320.0,40.0
2013091N,08/08/2013,"13,15,23,25,26,29",9,,,38490105.0,0.0,0,701600.0,25,69810.0,9600.0,640.0,320.0,40.0
2013092N,10/08/2013,"3,10,20,30,41,44",31,,,40870246.0,0.0,0,0.0,0,57390.0,9600.0,640.0,320.0,40.0
2013093N,13/08/2013,"1,6,31,41,42,49",44,,,48985871.0,0.0,0,2318910.0,10,84130.0,9600.0,640.0,320.0,40.0
2013094N,15/08/2013,"10,16,22,26,31,42",23,,,52327571.0,0.0,0,1740160.0,15,107080.0,9600.0,640.0,320.0,40.0
2013095N,17/08/2013,"9,14,30,31,32,49",1,,,63192570.0,0.0,0,525830.0,55,89670.0,9600.0,640.0,320.0,40.0
2013096N,20/08/2013,"13,14,15,31,46,48",36,,,80103560.0,0.0,0,1377010.0,30,124470.0,9600.0,640.0,320.0,40.0
2013097N,22/08/2013,"1,16,25,33,41,49",46,,,92630564.0,34624400.0,20,1485700.0,30,51450.0,9600.0,640.0,320.0,40.0
2013098N,24/08/2013,"3,6,10,14,15,20",33,,,29656629.0,4000000.0,20,786020.0,5,19200.0,9600.0,640.0,320.0,40.0
2013099N,27/08/2013,"9,14,29,30,32,36",20,,,34390619.0,0.0,0,756770.0,20,62090.0,9600.0,640.0,320.0,40.0
2013100N,29/08/2013,"24,25,28,35,38,47",16,,,38132822.0,0.0,0,1840390.0,10,76080.0,9600.0,640.0,320.0,40.0
2013101N,31/08/2013,"3,6,17,18,42,43",36,,,41210052.0,0.0,0,344300.0,50,42500.0,9600.0,640.0,320.0,40.0
2013102N,03/09/2013,"21,25,26,33,35,39",17,,,52269772.0,26604050.0,10,1319710.0,20,104270.0,9600.0,640.0,320.0,40.0
2013103N,05/09/2013,"1,7,22,28,29,49",37,,,30750197.0,0.0,0,526000.0,20,22710.0,9600.0,640.0,320.0,40.0
2013104N,07/09/2013,"7,10,17,18,28,30",6,,,36648286.0,0.0,0,154360.0,70,24830.0,9600.0,640.0,320.0,40.0
2013105N,10/09/2013,"8,12,19,39,48,49",17,,,44439814.0,0.0,0,930200.0,20,59410.0,9600.0,640.0,320.0,40.0
2013106N,12/09/2013,"1,14,26,28,31,48",36,,,47072568.0,23254270.0,10,1071900.0,20,72820.0,9600.0,640.0,320.0,40.0
2013107N,14/09/2013,"6,21,29,39,40,47",33,,,30021678.0,0.0,0,1601020.0,10,108080.0,9600.0,640.0,320.0,40.0
2013108N,16/09/2013,"17,22,31,39,45,47",49,,,31008824.0,12902140.0,10,1634040.0,10,79220.0,9600.0,640.0,320.0,40.0
2013109N,19/09/2013,"3,15,18,26,45,49",41,MAF,中秋金多寶,161584207.0,83968130.0,5,939920.0,85,91830.0,9600.0,640.0,320.0,40.0
2013110N,21/09/2013,"22,25,35,36,39,47",31,,,66728177.0,0.0,0,1052320.0,30,67340.0,9600.0,640.0,320.0,40.0
2013111N,24/09/2013,"13,25,26,29,30,39",19,,,82917426.0,0.0,0,1276560.0,30,62960.0,9600.0,640.0,320.0,40.0
2013112N,26/09/2013,"3,6,7,9,11,28",34,,,104675185.0,16641090.0,40,160900.0,75,19200.0,9600.0,640.0,320.0,40.0
2013113N,28/09/2013,"33,39,40,43,48,49",34,,,31237130.0,8000000.0,5,326060.0,45,37800.0,9600.0,640.0,320.0,40.0
2013114N,30/09/2013,"1,11,29,40,43,44",4,,,30355885.0,0.0,0,0.0,0,134660.0,9600.0,640.0,320.0,40.0
2013115N,03/10/2013,"14,17,26,32,35,41",15,,,48862692.0,17453470.0,5,2397250.0,5,67640.0,9600.0,640.0,320.0,40.0
2013116N,05/10/2013,"4,6,9,29,31,36",20,,,39432042.0,0.0,0,1370970.0,10,43260.0,9600.0,640.0,320.0,40.0
2013117N,08/10/2013,"1,3,6,7,15,27",30,,,51385237.0,5191970.0,35,229640.0,60,19200.0,9600.0,640.0,320.0,40.0
2013118N,10/10/2013,"8,9,11,16,17,38",20,,,33284946.0,0.0,0,726190.0,15,32820.0,9600.0,640.0,320.0,40.0
2013119N,13/10/2013,"24,28,35,37,42,48",38,,,39667804.0,0.0,0,1966540.0,5,72330.0,9600.0,640.0,320.0,40.0
2013120N,15/10/2013,"4,20,27,33,41,46",12,,,43395498.0,21702120.0,5,2273070.0,10,103610.0,9600.0,640.0,320.0,40.0
2013121N,17/10/2013,"1,11,24,35,44,45",49,,,40490457.0,16689830.0,5,1946250.0,10,83040.0,9600.0,640.0,320.0,40.0
2013122N,19/10/2013,"1,10,31,41,44,47",18,,,35298297.0,0.0,0,1783160.0,5,126800.0,9600.0,640.0,320.0,40.0
2013123N,22/10/2013,"5,9,34,36,41,49",26,,,46750892.0,0.0,0,1123890.0,20,85630.0,9600.0,640.0,320.0,40.0
2013124N,24/10/2013,"9,10,22,24,43,44",30,,,48669269.0,27369500.0,10,805350.0,25,51870.0,9600.0,640.0,320.0,40.0
2013125N,26/10/2013,"6,15,30,38,47,48",40,,,29376359.0,0.0,0,1502760.0,10,127210.0,9600.0,640.0,320.0,40.0
2013126N,29/10/2013,"1,20,22,25,34,47",17,,,39265357.0,0.0,0,0.0,0,125530.0,9600.0,640.0,320.0,40.0
2013127N,31/10/2013,"2,9,29,43,46,47",21,,,44849354.0,0.0,0,0.0,0,136880.0,9600.0,640.0,320.0,40.0
2013128N,02/11/2013,"8,18,19,29,31,34",36,,,49773403.0,32290420.0,5,2383700.0,10,78470.0,9600.0,640.0,320.0,40.0
2013129N,05/11/2013,"4,22,25,37,38,42",20,,,45919322.0,0.0,0,1542330.0,15,103330.0,9600.0,640.0,320.0,40.0
2013130N,07/11/2013,"4,9,14,26,30,42",21,,,50343853.0,0.0,0,1563980.0,15,82310.0,9600.0,640.0,320.0,40.0
2013131N,10/11/2013,"13,31,32,35,39,42",16,,,57159863.0,0.0,0,2771180.0,10,97230.0,9600.0,640.0,320.0,40.0
2013132N,12/11/2013,"18,19,21,28,47,49",46,,,65977260.0,47714340.0,10,515390.0,60,74620.0,9600.0,640.0,320.0,40.0
2013133N,14/11/2013,"3,8,10,25,29,34",32,,,30822750.0,0.0,0,0.0,0,50270.0,9600.0,640.0,320.0,40.0
2013134N,16/11/2013,"1,8,17,32,39,43",48,,,36025904.0,0.0,0,0.0,0,170740.0,9600.0,640.0,320.0,40.0
2013135N,19/11/2013,"12,27,35,44,47,49",36,,,48445488.0,23676630.0,5,428290.0,55,83750.0,9600.0,640.0,320.0,40.0
2013136N,21/11/2013,"3,6,8,23,25,49",4,,,39646555.0,15953760.0,5,457270.0,30,42040.0,9600.0,640.0,320.0,40.0
2013137N,23/11/2013,"3,18,20,21,30,41",13,,,35083788.0,0.0,0,1106170.0,15,81180.0,9600.0,640.0,320.0,40.0
2013138N,26/11/2013,"9,10,12,31,34,44",18,,,44206096.0,0.0,0,2013150.0,5,64290.0,9600.0,640.0,320.0,40.0
2013139N,28/11/2013,"3,6,21,33,34,43",9,,,45331946.0,0.0,0,464190.0,35,52510.0,9600.0,640.0,320.0,40.0
2013140N,30/11/2013,"2,15,19,34,42,45",14,,,48920127.0,0.0,0,2506720.0,5,99030.0,9600.0,640.0,320.0,40.0
2013141N,03/12/2013,"1,17,24,29,39,40",21,,,68205230.0,0.0,0,1294770.0,25,69610.0,9600.0,640.0,320.0,40.0
2013142N,05/12/2013,"1,16,17,19,26,46",29,,,83692379.0,0.0,0,2737840.0,15,100470.0,9600.0,640.0,320.0,40.0
2013143N,07/12/2013,"5,18,24,26,41,44",20,,,92942714.0,0.0,0,1198960.0,40,118410.0,9600.0,640.0,320.0,40.0
2013144N,10/12/2013,"1,8,17,30,36,46",16,,,149624782.0,90951590.0,10,1265730.0,55,83620.0,9600.0,640.0,320.0,40.0
2013145N,12/12/2013,"10,19,24,28,31,34",27,,,31367167.0,0.0,0,1355060.0,10,41060.0,9600.0,640.0,320.0,40.0
2013146N,14/12/2013,"6,14,15,38,46,49",29,,,35264384.0,0.0,0,0.0,0,89750.0,9600.0,640.0,320.0,40.0
2013147N,17/12/2013,"1,8,15,19,20,33",47,,,44650817.0,0.0,0,0.0,0,63470.0,9600.0,640.0,320.0,40.0
2013148N,19/12/2013,"4,14,31,39,43,47",27,,,51473920.0,0.0,0,1738000.0,15,103760.0,9600.0,640.0,320.0,40.0
2013149N,22/12/2013,"12,13,18,41,43,49",39,,,63168173.0,16513930.0,25,2106500.0,10,114630.0,9600.0,640.0,320.0,40.0
2013150N,25/12/2013,"4,21,25,45,47,49",6,,,37210957.0,0.0,0,757010.0,25,126160.0,9600.0,640.0,320.0,40.0
2013151N,28/12/2013,"4,9,20,32,42,43",5,,,41281122.0,0.0,0,2052380.0,10,98610.0,9600.0,640.0,320.0,40.0
2013152N,31/12/2013,"7,9,12,40,42,44",14,,,51829303.0,0.0,0,855010.0,30,96340.0,9600.0,640.0,320.0,40.0
2014001N,02/01/2014,"1,36,38,43,46,49",21,SBD,新年金多寶,104057565.0,51516650.0,10,1802220.0,25,56270.0,9600.0,640.0,320.0,40.0
2014002N,04/01/2014,"6,16,31,32,44,49",43,,,31151973.0,0.0,0,0.0,0,146000.0,9600.0,640.0,320.0,40.0
2014003N,07/01/2014,"9,16,30,31,38,41",46,,,44242000.0,0.0,0,0.0,0,121610.0,9600.0,640.0,320.0,40.0
2014004N,09/01/2014,"4,15,16,28,39,45",25,,,48702069.0,0.0,0,1186510.0,20,89760.0,9600.0,640.0,320.0,40.0
2014005N,12/01/2014,"3,16,36,39,42,44",17,,,56568555.0,34819980.0,10,992990.0,30,121280.0,9600.0,640.0,320.0,40.0
2014006N,14/01/2014,"9,11,27,31,33,34",21,,,32186606.0,0.0,0,639720.0,20,48050.0,9600.0,640.0,320.0,40.0
2014007N,16/01/2014,"9,15,16,17,18,37",33,,,38672617.0,0.0,0,0.0,0,66030.0,9600.0,640.0,320.0,40.0
2014008N,18/01/2014,"3,17,18,26,28,44",38,,,43230682.0,20291470.0,10,1884910.0,10,83080.0,9600.0,640.0,320.0,40.0
2014009N,21/01/2014,"8,20,23,34,37,49",44,,,35152208.0,0.0,0,0.0,0,135560.0,9600.0,640.0,320.0,40.0
2014010N,23/01/2014,"4,5,18,21,27,31",7,,,39811383.0,0.0,0,1065140.0,15,63110.0,9600.0,640.0,320.0,40.0
2014011N,25/01/2014,"5,20,37,38,43,48",6,,,43722460.0,0.0,0,1129230.0,20,119250.0,9600.0,640.0,320.0,40.0
2014012N,28/01/2014,"4,20,27,30,31,37",18,,,59207724.0,30275820.0,5,1471040.0,20,104600.0,9600.0,640.0,320.0,40.0
2014013N,30/01/2014,"2,3,4,16,26,36",45,,,49680279.0,10656700.0,20,343080.0,60,33570.0,9600.0,640.0,320.0,40.0
2014014N,04/02/2014,"11,13,15,39,48,49",37,CNY,新春金多寶,125815762.0,48215660.0,5,1517970.0,40,75130.0,9600.0,640.0,320.0,40.0
2014015N,06/02/2014,"26,27,32,33,37,45",39,,,61722146.0,33434650.0,10,888260.0,35,94210.0,9600.0,640.0,320.0,40.0
2014016N,09/02/2014,"20,21,35,37,47,48",14,,,35368580.0,0.0,0,920550.0,20,104450.0,9600.0,640.0,320.0,40.0
2014017N,11/02/2014,"7,10,24,25,27,29",19,,,40048108.0,11542330.0,5,262390.0,45,29040.0,9600.0,640.0,320.0,40.0
2014018N,13/02/2014,"19,23,25,40,46,49",30,,,38466994.0,0.0,0,0.0,0,122250.0,9600.0,640.0,320.0,40.0
2014019N,15/02/2014,"2,14,30,32,36,45",11,,,42464185.0,20075790.0,10,1085090.0,20,160750.0,9600.0,640.0,320.0,40.0
2014020N,18/02/2014,"15,21,23,25,34,45",35,,,36100835.0,8000000.0,10,796940.0,20,95510.0,9600.0,640.0,320.0,40.0
2014021N,20/02/2014,"3,5,24,26,31,40",45,,,33024865.0,0.0,0,0.0,0,116010.0,9600.0,640.0,320.0,40.0
2014022N,22/02/2014,"2,23,24,29,33,35",14,,,36995816.0,0.0,0,0.0,0,102360.0,9600.0,640.0,320.0,40.0
2014023N,25/02/2014,"8,26,39,40,41,43",5,,,50097476.0,0.0,0,838660.0,30,97230.0,9600.0,640.0,320.0,40.0
2014024N,27/02/2014,"5,9,15,24,28,35",44,,,52103657.0,0.0,0,2309070.0,10,60660.0,9600.0,640.0,320.0,40.0
2014025N,02/03/2014,"11,16,19,21,38,46",34,,,61840880.0,0.0,0,732950.0,40,76640.0,9600.0,640.0,320.0,40.0
2014026N,04/03/2014,"3,13,16,19,27,33",22,,,71323197.0,0.0,0,847610.0,35,57740.0,9600.0,640.0,320.0,40.0
2014027N,06/03/2014,"6,10,20,27,39,46",38,,,83943987.0,61290980.0,10,1630450.0,25,92500.0,9600.0,640.0,320.0,40.0
2014028N,08/03/2014,"2,3,16,17,24,32",40,,,29756893.0,0.0,0,540150.0,25,63170.0,9600.0,640.0,320.0,40.0
2014029N,11/03/2014,"4,6,15,28,30,33",27,,,40951373.0,0.0,0,901270.0,20,90690.0,9600.0,640.0,320.0,40.0
2014030N,13/03/2014,"7,10,17,19,20,22",30,,,44768441.0,0.0,0,543190.0,30,37460.0,9600.0,640.0,320.0,40.0
2014031N,15/03/2014,"2,15,21,24,29,46",27,,,47541831.0,24895010.0,5,488780.0,45,66270.0,9600.0,640.0,320.0,40.0
2014032N,18/03/2014,"2,17,23,35,42,48",27,,,44551899.0,0.0,0,652540.0,35,105000.0,9600.0,640.0,320.0,40.0
2014033N,20/03/2014,"1,9,18,25,37,48",14,,,47413194.0,24047840.0,10,395710.0,40,30040.0,9600.0,640.0,320.0,40.0
2014034N,22/03/2014,"11,20,21,26,34,49",4,,,29951365.0,0.0,0,710400.0,20,142970.0,9600.0,640.0,320.0,40.0
2014035N,25/03/2014,"22,28,35,36,44,45",6,,,39580382.0,0.0,0,1867210.0,5,65950.0,9600.0,640.0,320.0,40.0
2014036N,27/03/2014,"7,23,35,42,45,49",36,,,42430218.0,0.0,0,2163380.0,10,93800.0,9600.0,640.0,320.0,40.0
2014037N,29/03/2014,"2,10,12,18,24,33",11,,,43182929.0,0.0,0,605400.0,25,48040.0,9600.0,640.0,320.0,40.0
2014038N,01/04/2014,"22,33,36,43,48,49",25,,,55072818.0,0.0,0,2592630.0,10,63420.0,9600.0,640.0,320.0,40.0
2014039N,03/04/2014,"4,9,25,26,27,28",3,,,62178045.0,38843580.0,10,215670.0,85,27720.0,9600.0,640.0,320.0,40.0
2014040N,05/04/2014,"10,19,38,39,44,45",31,,,28693843.0,0.0,0,0.0,0,112870.0,9600.0,640.0,320.0,40.0
2014041N,08/04/2014,"11,24,31,45,46,47",6,,,41439738.0,15320590.0,5,554080.0,35,64640.0,9600.0,640.0,320.0,40.0
2014042N,10/04/2014,"4,18,21,31,42,49",25,,,38022212.0,6996260.0,20,1583050.0,10,131920.0,9600.0,640.0,320.0,40.0
2014043N,12/04/2014,"6,18,20,28,43,45",13,,,29077211.0,0.0,0,1434940.0,10,87960.0,9600.0,640.0,320.0,40.0
2014044N,15/04/2014,"6,14,16,28,41,45",27,,,38850103.0,0.0,0,0.0,0,126990.0,9600.0,640.0,320.0,40.0
2014045N,17/04/2014,"12,14,17,23,24,45",42,,,42388389.0,0.0,0,0.0,0,97300.0,9600.0,640.0,320.0,40.0
2014046N,19/04/2014,"20,21,32,35,46,47",3,,,43015698.0,0.0,0,2226110.0,10,100610.0,9600.0,640.0,320.0,40.0
2014047N,22/04/2014,"1,3,12,29,36,41",14,,,57660970.0,39356150.0,10,2800650.0,5,162350.0,9600.0,640.0,320.0,40.0
2014048N,24/04/2014,"1,17,28,32,39,40",16,,,30656203.0,0.0,0,501690.0,30,136050.0,9600.0,640.0,320.0,40.0
2014049N,26/04/2014,"9,12,22,27,36,47",46,,,33922771.0,0.0,0,1540790.0,10,61780.0,9600.0,640.0,320.0,40.0
2014050N,29/04/2014,"2,8,15,26,37,45",14,,,42967089.0,17936070.0,5,885610.0,20,30180.0,9600.0,640.0,320.0,40.0
2014051N,01/05/2014,"1,14,28,29,37,43",30,,,35585385.0,0.0,0,1806640.0,10,93540.0,9600.0,640.0,320.0,40.0
2014052N,03/05/2014,"2,6,13,16,30,36",25,,,40850870.0,0.0,0,1770890.0,10,85080.0,9600.0,640.0,320.0,40.0
2014053N,06/05/2014,"10,23,33,36,39,44",30,,,47788375.0,0.0,0,664130.0,35,83760.0,9600.0,640.0,320.0,40.0
2014054N,08/05/2014,"2,10,12,30,37,39",48,,,51249535.0,34202730.0,5,2509550.0,10,86910.0,9600.0,640.0,320.0,40.0
2014055N,11/05/2014,"11,16,26,38,45,49",5,,,42991756.0,0.0,0,274850.0,60,60240.0,9600.0,640.0,320.0,40.0
2014056N,13/05/2014,"9,20,22,32,35,41",8,,,46804774.0,28382030.0,10,527770.0,40,67010.0,9600.0,640.0,320.0,40.0
2014057N,15/05/2014,"9,12,16,24,34,35",7,,,30055366.0,0.0,0,368420.0,35,60430.0,9600.0,640.0,320.0,40.0
2014058N,18/05/2014,"9,12,21,27,37,45",7,,,35462451.0,6261590.0,20,1130790.0,10,55430.0,9600.0,640.0,320.0,40.0
2014059N,20/05/2014,"10,16,33,34,44,47",6,,,29282558.0,0.0,0,998550.0,15,103210.0,9600.0,640.0,320.0,40.0
2014060N,22/05/2014,"9,17,28,31,35,37",19,,,34851413.0,0.0,0,0.0,0,72080.0,9600.0,640.0,320.0,40.0
2014061N,24/05/2014,"2,4,14,30,39,41",49,,,37785420.0,0.0,0,740630.0,25,96810.0,9600.0,640.0,320.0,40.0
2014062N,27/05/2014,"3,10,16,30,34,44",1,DBF,端午金多寶,87305096.0,0.0,0,1016180.0,40,86020.0,9600.0,640.0,320.0,40.0
2014063N,29/05/2014,"4,14,19,24,26,48",35,,,86144548.0,0.0,0,1663650.0,25,75190.0,9600.0,640.0,320.0,40.0
2014064N,31/05/2014,"2,10,28,32,37,47",31,,,96037741.0,68368640.0,5,1304480.0,35,68200.0,9600.0,640.0,320.0,40.0
2014065N,02/06/2014,"3,13,19,20,36,39",15,,,51817947.0,0.0,0,833680.0,30,73690.0,9600.0,640.0,320.0,40.0
2014066N,04/06/2014,"10,11,25,33,40,46",6,,,78900058.0,0.0,0,428960.0,75,55890.0,9600.0,640.0,320.0,40.0
2014067N,07/06/2014,"4,8,13,19,44,48",27,,,99778571.0,65558410.0,5,1895900.0,25,83420.0,9600.0,640.0,320.0,40.0
2014068N,10/06/2014,"1,30,32,35,37,44",40,,,73000021.0,0.0,0,2524090.0,15,81750.0,9600.0,640.0,320.0,40.0
2014069N,12/06/2014,"3,18,21,41,44,45",15,,,75933311.0,0.0,0,652680.0,60,111090.0,9600.0,640.0,320.0,40.0
2014070N,17/06/2014,"3,4,15,16,23,45",21,,,113767277.0,35820150.0,20,954800.0,55,68640.0,9600.0,640.0,320.0,40.0
2014071N,19/06/2014,"3,17,24,30,31,44",7,,,31508201.0,0.0,0,369080.0,40,99660.0,9600.0,640.0,320.0,40.0
2014072N,21/06/2014,"2,17,37,40,45,49",48,,,36026717.0,0.0,0,0.0,0,141080.0,9600.0,640.0,320.0,40.0
2014073N,24/06/2014,"18,24,25,30,31,35",36,,,47227071.0,0.0,0,1144180.0,20,98420.0,9600.0,640.0,320.0,40.0
2014074N,26/06/2014,"2,20,40,42,47,48",28,,,47628261.0,0.0,0,685830.0,35,92760.0,9600.0,640.0,320.0,40.0
2014075N,29/06/2014,"15,23,26,38,46,47",21,,,55769521.0,0.0,0,2894870.0,10,120610.0,9600.0,640.0,320.0,40.0
2014076N,03/07/2014,"14,17,34,37,43,48",20,,,71915651.0,0.0,0,3550200.0,10,72260.0,9600.0,640.0,320.0,40.0
2014077N,05/07/2014,"10,14,32,36,37,38",47,,,69278624.0,59412520.0,10,713960.0,50,109420.0,9600.0,640.0,320.0,40.0
2014078N,08/07/2014,"4,16,22,27,38,39",36,,,34174220.0,0.0,0,0.0,0,74440.0,9600.0,640.0,320.0,40.0
2014079N,10/07/2014,"1,2,9,17,22,25",8,,,39134651.0,13080600.0,5,109890.0,105,28490.0,9600.0,640.0,320.0,40.0
2014080N,12/07/2014,"3,11,13,23,40,49",43,,,35402185.0,0.0,0,437390.0,30,56890.0,9600.0,640.0,320.0,40.0
2014081N,15/07/2014,"2,5,9,32,41,42",44,,,43416519.0,0.0,0,1067640.0,20,102590.0,9600.0,640.0,320.0,40.0
2014082N,17/07/2014,"1,20,28,30,42,43",10,,,42771826.0,0.0,0,936190.0,20,106230.0,9600.0,640.0,320.0,40.0
2014083N,19/07/2014,"1,9,30,40,41,48",49,,,44722477.0,0.0,0,273040.0,55,55620.0,9600.0,640.0,320.0,40.0
2014084N,22/07/2014,"1,3,14,16,24,41",13,SMR,暑期金多寶,87078367.0,50459660.0,5,1186630.0,35,91530.0,9600.0,640.0,320.0,40.0
2014085N,24/07/2014,"4,5,21,31,36,38",14,,,53348951.0,32928170.0,5,855370.0,30,76880.0,9600.0,640.0,320.0,40.0
2014086N,26/07/2014,"1,4,15,17,36,42",40,,,41701310.0,22702840.0,10,2079580.0,10,80950.0,9600.0,640.0,320.0,40.0
2014087N,29/07/2014,"11,13,15,31,37,47",19,,,33901192.0,8000000.0,5,1670240.0,10,73610.0,9600.0,640.0,320.0,40.0
2014088N,31/07/2014,"12,22,27,35,44,48",38,,,34700090.0,9131660.0,5,1710550.0,10,81450.0,9600.0,640.0,320.0,40.0
2014089N,02/08/2014,"3,22,23,26,42,48",28,,,34155016.0,9514470.0,10,1649540.0,5,144220.0,9600.0,640.0,320.0,40.0
2014090N,05/08/2014,"5,7,8,18,24,29",14,,,34235446.0,8000000.0,10,143500.0,50,19200.0,9600.0,640.0,320.0,40.0
2014091N,07/08/2014,"5,14,31,32,36,46",11,,,31704781.0,0.0,0,0.0,0,110890.0,9600.0,640.0,320.0,40.0
2014092N,09/08/2014,"1,9,15,31,33,41",37,,,36471190.0,0.0,0,297240.0,50,53550.0,9600.0,640.0,320.0,40.0
2014093N,12/08/2014,"7,9,27,31,36,39",32,,,43432605.0,0.0,0,1965010.0,10,63510.0,9600.0,640.0,320.0,40.0
2014094N,14/08/2014,"4,8,14,23,48,49",11,,,44180085.0,24484200.0,5,249320.0,60,24540.0,9600.0,640.0,320.0,40.0
2014095N,16/08/2014,"23,26,27,37,42,46",15,,,38335971.0,18336530.0,5,1015730.0,20,150470.0,9600.0,640.0,320.0,40.0
2014096N,19/08/2014,"2,5,27,32,42,46",16,,,39296442.0,0.0,0,497780.0,40,119310.0,9600.0,640.0,320.0,40.0
2014097N,21/08/2014,"10,14,26,29,30,31",18,,,41762062.0,0.0,0,554700.0,35,57200.0,9600.0,640.0,320.0,40.0
2014098N,23/08/2014,"4,12,14,24,32,38",13,,,43826314.0,0.0,0,450140.0,20,19200.0,9600.0,640.0,320.0,40.0
2014099N,26/08/2014,"25,29,32,33,37,44",47,,,51982500.0,0.0,0,2682900.0,10,95390.0,9600.0,640.0,320.0,40.0
2014100N,28/08/2014,"11,17,24,27,31,38",49,,,53773752.0,38913520.0,5,2399270.0,5,58690.0,9600.0,640.0,320.0,40.0
2014101N,30/08/2014,"15,18,24,27,39,49",6,,,44392511.0,27144620.0,5,1081370.0,20,81220.0,9600.0,640.0,320.0,40.0
2014102N,02/09/2014,"26,28,37,43,45,47",25,,,43288786.0,0.0,0,980180.0,20,64140.0,9600.0,640.0,320.0,40.0
2014103N,04/09/2014,"11,14,34,36,43,46",1,MAF,中秋金多寶,137263254.0,0.0,0,1043150.0,65,91780.0,9600.0,640.0,320.0,40.0
2014104N,09/09/2014,"7,25,27,36,39,42",31,,,238344532.0,0.0,0,1045580.0,105,79120.0,9600.0,640.0,320.0,40.0
2014105N,13/09/2014,"3,12,40,43,48,49",32,,,348420150.0,82246250.0,20,1797010.0,95,94150.0,9600.0,640.0,320.0,40.0
2014106N,16/09/2014,"4,15,17,22,34,43",35,,,34297976.0,0.0,0,0.0,0,98610.0,9600.0,640.0,320.0,40.0
2014107N,18/09/2014,"6,16,20,25,27,45",29,,,41943261.0,0.0,0,0.0,0,94530.0,9600.0,640.0,320.0,40.0
2014108N,20/09/2014,"3,16,32,38,40,48",27,,,49573696.0,0.0,0,0.0,0,97630.0,9600.0,640.0,320.0,40.0
2014109N,23/09/2014,"12,13,20,28,41,43",23,,,63917161.0,0.0,0,917400.0,35,109770.0,9600.0,640.0,320.0,40.0
2014110N,25/09/2014,"3,19,42,44,48,49",38,,,68320291.0,0.0,0,1065770.0,30,80430.0,9600.0,640.0,320.0,40.0
2014111N,28/09/2014,"6,10,12,26,28,35",24,,,84635761.0,8279690.0,70,771960.0,35,38480.0,9600.0,640.0,320.0,40.0
2014112N,30/09/2014,"10,16,20,39,45,46",47,,,31661651.0,0.0,0,1649250.0,5,103480.0,9600.0,640.0,320.0,40.0
2014113N,02/10/2014,"4,10,24,29,33,35",7,,,36017384.0,0.0,0,1727540.0,10,118120.0,9600.0,640.0,320.0,40.0
2014114N,04/10/2014,"5,14,22,24,27,45",8,,,41702744.0,0.0,0,1242830.0,15,67630.0,9600.0,640.0,320.0,40.0
2014115N,07/10/2014,"12,13,26,33,42,49",48,,,53040922.0,0.0,0,769360.0,30,84310.0,9600.0,640.0,320.0,40.0
2014116N,09/10/2014,"2,12,14,23,40,46",39,,,56578669.0,0.0,0,2955380.0,10,127110.0,9600.0,640.0,320.0,40.0
2014117N,11/10/2014,"26,29,34,35,37,47",8,,,62061064.0,0.0,0,700820.0,45,105780.0,9600.0,640.0,320.0,40.0
2014118N,14/10/2014,"1,5,8,17,20,37",33,,,76854443.0,0.0,0,991320.0,35,57640.0,9600.0,640.0,320.0,40.0
2014119N,16/10/2014,"4,9,34,39,48,49",18,,,80722958.0,63807640.0,5,335180.0,85,24990.0,9600.0,640.0,320.0,40.0
2014120N,18/10/2014,"12,19,22,36,40,47",25,,,57561889.0,0.0,0,1803000.0,15,94270.0,9600.0,640.0,320.0,40.0
2014121N,21/10/2014,"6,9,17,18,29,34",42,,,67221780.0,48771010.0,5,1945250.0,15,59390.0,9600.0,640.0,320.0,40.0
2014122N,23/10/2014,"11,14,28,29,37,41",19,,,51807582.0,0.0,0,614460.0,40,83490.0,9600.0,640.0,320.0,40.0
2014123N,25/10/2014,"1,13,39,40,41,43",18,,,53541786.0,39883260.0,10,2708070.0,10,83480.0,9600.0,640.0,320.0,40.0
2014124N,28/10/2014,"16,26,30,37,43,47",31,,,34882486.0,8000000.0,5,0.0,0,161380.0,9600.0,640.0,320.0,40.0
2014125N,30/10/2014,"3,19,29,36,47,49",33,,,36475473.0,0.0,0,1692950.0,10,81340.0,9600.0,640.0,320.0,40.0
2014126N,01/11/2014,"9,10,11,20,26,44",31,,,39371744.0,0.0,0,591060.0,25,41690.0,9600.0,640.0,320.0,40.0
2014127N,04/11/2014,"16,23,29,30,37,38",33,,,48550821.0,0.0,0,2356950.0,5,89150.0,9600.0,640.0,320.0,40.0
2014128N,06/11/2014,"4,10,12,14,29,48",3,,,50613303.0,14727540.0,20,979720.0,20,56480.0,9600.0,640.0,320.0,40.0
2014129N,08/11/2014,"7,8,15,32,34,39",43,,,30258501.0,0.0,0,431560.0,30,60560.0,9600.0,640.0,320.0,40.0
2014130N,11/11/2014,"3,5,9,19,48,49",26,,,41303033.0,10474490.0,10,329930.0,25,19200.0,9600.0,640.0,320.0,40.0
2014131N,13/11/2014,"21,36,41,42,46,49",6,,,32257002.0,0.0,0,654880.0,25,103950.0,9600.0,640.0,320.0,40.0
2014132N,16/11/2014,"7,15,32,33,34,43",10,,,38872246.0,0.0,0,457830.0,40,38150.0,9600.0,640.0,320.0,40.0
2014133N,18/11/2014,"2,6,17,24,37,49",46,,,41456080.0,0.0,0,2031270.0,10,71740.0,9600.0,640.0,320.0,40.0
2014134N,20/11/2014,"8,16,19,33,35,46",12,,,45756162.0,0.0,0,909340.0,25,81370.0,9600.0,640.0,320.0,40.0
2014135N,22/11/2014,"2,12,17,27,32,33",44,,,49373270.0,0.0,0,932120.0,25,73970.0,9600.0,640.0,320.0,40.0
2014136N,25/11/2014,"6,35,41,42,44,47",19,,,61484064.0,0.0,0,0.0,0,108750.0,9600.0,640.0,320.0,40.0
2014137N,27/11/2014,"2,20,22,30,40,45",44,,,78128337.0,56474290.0,10,869350.0,40,44260.0,9600.0,640.0,320.0,40.0
2014138N,29/11/2014,"7,26,29,32,33,37",31,,,29829284.0,0.0,0,0.0,0,51710.0,9600.0,640.0,320.0,40.0
2014139N,02/12/2014,"1,4,13,27,47,49",33,,,41191959.0,14195900.0,10,329010.0,50,52530.0,9600.0,640.0,320.0,40.0
2014140N,04/12/2014,"1,8,20,27,33,36",35,,,31402586.0,0.0,0,0.0,0,70680.0,9600.0,640.0,320.0,40.0
2014141N,06/12/2014,"17,18,21,25,40,48",16,,,37539604.0,0.0,0,1911910.0,10,145660.0,9600.0,640.0,320.0,40.0
2014142N,09/12/2014,"3,4,13,29,31,41",46,,,47621637.0,22273570.0,10,1178220.0,20,64440.0,9600.0,640.0,320.0,40.0
2014143N,11/12/2014,"1,7,13,32,35,39",31,,,31104410.0,8000000.0,10,1473290.0,5,79360.0,9600.0,640.0,320.0,40.0
2014144N,13/12/2014,"12,14,17,20,40,48",19,,,30292619.0,0.0,0,0.0,0,127930.0,9600.0,640.0,320.0,40.0
2014145N,16/12/2014,"1,7,14,31,34,42",16,,,40605674.0,0.0,0,2000990.0,10,89680.0,9600.0,640.0,320.0,40.0
2014146N,18/12/2014,"6,8,10,21,25,29",33,,,42595494.0,20371440.0,10,813530.0,20,32990.0,9600.0,640.0,320.0,40.0
2014147N,21/12/2014,"2,25,30,36,37,43",22,,,32233284.0,0.0,0,1077170.0,15,116450.0,9600.0,640.0,320.0,40.0
2014148N,23/12/2014,"1,4,12,14,35,47",33,,,37470601.0,0.0,0,1577120.0,5,59230.0,9600.0,640.0,320.0,40.0
2014149N,25/12/2014,"12,19,24,43,46,47",30,,,37508283.0,19483290.0,5,993890.0,20,132510.0,9600.0,640.0,320.0,40.0
2014150N,27/12/2014,"14,15,28,31,32,48",40,,,36799713.0,0.0,0,1857700.0,5,97130.0,9600.0,640.0,320.0,40.0
2014151N,29/12/2014,"1,25,30,33,39,40",7,,,32654367.0,0.0,0,546660.0,25,57840.0,9600.0,640.0,320.0,40.0
2014152N,31/12/2014,"10,19,25,32,33,37",27,,,51468624.0,0.0,0,2492800.0,10,80090.0,9600.0,640.0,320.0,40.0
2015001N,03/01/2015,"8,15,31,35,42,44",39,SBD,新年金多寶,110142321.0,0.0,0,717810.0,75,85960.0,9600.0,640.0,320.0,40.0
2015002N,06/01/2015,"3,14,16,18,38,49",29,,,109913789.0,22725350.0,30,2337530.0,20,55280.0,9600.0,640.0,320.0,40.0
2015003N,08/01/2015,"8,18,19,28,37,44",13,,,33062422.0,0.0,0,952240.0,15,83710.0,9600.0,640.0,320.0,40.0
2015004N,11/01/2015,"10,21,24,33,40,47",5,,,41574820.0,14179430.0,10,2059810.0,10,80770.0,9600.0,640.0,320.0,40.0
2015005N,13/01/2015,"16,21,27,37,40,43",14,,,32035107.0,0.0,0,0.0,0,108030.0,9600.0,640.0,320.0,40.0
2015006N,15/01/2015,"1,2,14,37,43,49",24,,,40090489.0,0.0,0,1894680.0,10,109830.0,9600.0,640.0,320.0,40.0
2015007N,17/01/2015,"14,15,16,25,27,30",11,,,44069021.0,0.0,0,836680.0,25,68440.0,9600.0,640.0,320.0,40.0
2015008N,20/01/2015,"5,7,9,13,15,29",47,,,54721001.0,28064260.0,10,1414020.0,15,30210.0,9600.0,640.0,320.0,40.0
2015009N,22/01/2015,"8,16,21,30,42,46",32,,,31691957.0,0.0,0,517500.0,30,102220.0,9600.0,640.0,320.0,40.0
2015010N,24/01/2015,"17,18,20,26,31,32",6,,,36295869.0,8319880.0,15,426650.0,35,44990.0,9600.0,640.0,320.0,40.0
2015011N,27/01/2015,"4,5,10,13,28,35",12,,,34216992.0,0.0,0,397300.0,30,42090.0,9600.0,640.0,320.0,40.0
2015012N,29/01/2015,"6,15,25,29,32,46",9,,,37474008.0,0.0,0,694340.0,25,84930.0,9600.0,640.0,320.0,40.0
2015013N,31/01/2015,"5,7,14,17,46,47",27,,,40910216.0,0.0,0,1291300.0,5,66860.0,9600.0,640.0,320.0,40.0
2015014N,03/02/2015,"11,34,36,43,47,49",21,,,52081993.0,0.0,0,1014010.0,25,89530.0,9600.0,640.0,320.0,40.0
2015015N,05/02/2015,"13,16,17,18,22,45",10,,,54698085.0,0.0,0,2601790.0,10,97030.0,9600.0,640.0,320.0,40.0
2015016N,08/02/2015,"5,7,17,18,27,48",30,,,69048674.0,41662010.0,5,1420720.0,20,43670.0,9600.0,640.0,320.0,40.0
2015017N,10/02/2015,"2,17,23,30,34,41",14,,,51023695.0,0.0,0,1762750.0,15,106030.0,9600.0,640.0,320.0,40.0
2015018N,12/02/2015,"7,9,10,14,22,31",35,,,57649011.0,35051820.0,10,2096130.0,10,22950.0,9600.0,640.0,320.0,40.0
2015019N,14/02/2015,"2,10,12,21,25,35",26,,,32906586.0,0.0,0,1384980.0,10,46750.0,9600.0,640.0,320.0,40.0
2015020N,17/02/2015,"14,22,28,33,44,46",25,,,46760301.0,0.0,0,935550.0,25,95950.0,9600.0,640.0,320.0,40.0
2015021N,22/02/2015,"15,20,28,29,42,46",35,CNY,新春金多寶,118079100.0,0.0,0,830840.0,70,81840.0,9600.0,640.0,320.0,40.0
2015022N,24/02/2015,"17,18,28,32,33,48",37,,,102577388.0,39879610.0,15,1030960.0,40,41810.0,9600.0,640.0,320.0,40.0
2015023N,26/02/2015,"10,12,20,22,25,33",27,,,35897466.0,8000000.0,5,1495570.0,10,53530.0,9600.0,640.0,320.0,40.0
2015024N,28/02/2015,"6,9,23,25,41,43",38,,,37936961.0,0.0,0,1808190.0,5,86100.0,9600.0,640.0,320.0,40.0
2015025N,03/03/2015,"13,17,25,27,46,49",19,,,47708279.0,17232210.0,10,1150580.0,20,120320.0,9600.0,640.0,320.0,40.0
2015026N,05/03/2015,"2,6,10,20,38,40",46,,,34547106.0,0.0,0,489790.0,30,38600.0,9600.0,640.0,320.0,40.0
2015027N,07/03/2015,"6,8,12,16,32,49",37,,,38507955.0,0.0,0,1701040.0,5,58530.0,9600.0,640.0,320.0,40.0
2015028N,10/03/2015,"1,18,22,27,45,48",25,,,48816206.0,13685490.0,15,2191520.0,10,66030.0,9600.0,640.0,320.0,40.0
2015029N,12/03/2015,"14,17,23,24,25,37",34,,,33303545.0,4000000.0,20,465330.0,30,73710.0,9600.0,640.0,320.0,40.0
2015030N,14/03/2015,"4,21,25,29,32,37",27,,,32077271.0,8000000.0,10,656130.0,25,110740.0,9600.0,640.0,320.0,40.0
2015031N,17/03/2015,"1,5,11,23,34,47",14,,,35403876.0,8000000.0,10,1617190.0,10,86250.0,9600.0,640.0,320.0,40.0
2015032N,19/03/2015,"12,15,17,30,31,43",46,,,32319540.0,8000000.0,10,0.0,0,86130.0,9600.0,640.0,320.0,40.0
2015033N,22/03/2015,"7,26,30,33,34,38",5,,,34214267.0,0.0,0,559450.0,30,106560.0,9600.0,640.0,320.0,40.0
2015034N,24/03/2015,"2,5,13,37,42,44",27,,,37305842.0,0.0,0,0.0,0,120730.0,9600.0,640.0,320.0,40.0
2015035N,26/03/2015,"2,6,9,16,39,49",29,,,44064334.0,13123390.0,15,216530.0,60,24390.0,9600.0,640.0,320.0,40.0
2015036N,28/03/2015,"6,11,16,29,30,37",34,,,29946620.0,0.0,0,0.0,0,82790.0,9600.0,640.0,320.0,40.0
2015037N,31/03/2015,"2,5,10,27,36,46",7,,,42017289.0,14392300.0,5,549840.0,30,64680.0,9600.0,640.0,320.0,40.0
2015038N,02/04/2015,"4,12,20,37,42,47",35,,,37060391.0,12640270.0,10,907350.0,20,67680.0,9600.0,640.0,320.0,40.0
2015039N,04/04/2015,"9,12,26,29,44,45",19,,,28604606.0,0.0,0,0.0,0,79720.0,9600.0,640.0,320.0,40.0
2015040N,06/04/2015,"21,24,26,42,43,46",4,,,29545139.0,0.0,0,799400.0,20,115220.0,9600.0,640.0,320.0,40.0
2015041N,09/04/2015,"10,11,31,34,37,38",14,,,46472061.0,20540720.0,5,2133010.0,10,85530.0,9600.0,640.0,320.0,40.0
2015042N,11/04/2015,"6,17,18,19,20,42",25,,,35879353.0,0.0,0,835640.0,20,78880.0,9600.0,640.0,320.0,40.0
2015043N,14/04/2015,"30,31,35,40,42,48",6,,,49109666.0,22914080.0,5,726650.0,35,92270.0,9600.0,640.0,320.0,40.0
2015044N,16/04/2015,"1,3,5,20,35,39",28,,,40892357.0,0.0,0,1787110.0,10,64660.0,9600.0,640.0,320.0,40.0
2015045N,18/04/2015,"12,17,29,31,41,47",38,,,42419139.0,0.0,0,1994450.0,10,65250.0,9600.0,640.0,320.0,40.0
2015046N,21/04/2015,"3,13,20,24,43,48",49,,,54169599.0,0.0,0,741840.0,35,96160.0,9600.0,640.0,320.0,40.0
2015047N,23/04/2015,"3,4,7,8,26,36",31,,,57842053.0,36689860.0,5,813170.0,25,25390.0,9600.0,640.0,320.0,40.0
2015048N,25/04/2015,"12,19,21,24,36,49",23,,,45272566.0,0.0,0,0.0,0,87200.0,9600.0,640.0,320.0,40.0
2015049N,28/04/2015,"1,8,28,31,36,45",9,,,60811257.0,0.0,0,868620.0,30,72380.0,9600.0,640.0,320.0,40.0
2015050N,30/04/2015,"6,8,30,34,36,42",12,,,67374811.0,43829100.0,10,1934820.0,15,70030.0,9600.0,640.0,320.0,40.0
2015051N,02/05/2015,"7,10,12,16,26,49",40,,,30004655.0,0.0,0,1336750.0,5,53600.0,9600.0,640.0,320.0,40.0
2015052N,05/05/2015,"11,13,41,42,43,49",29,,,41401936.0,0.0,0,0.0,0,105650.0,9600.0,640.0,320.0,40.0
2015053N,07/05/2015,"3,7,14,21,25,29",6,,,46923517.0,0.0,0,367840.0,50,53770.0,9600.0,640.0,320.0,40.0
2015054N,10/05/2015,"2,13,15,38,39,44",8,,,56481277.0,0.0,0,2741590.0,10,96190.0,9600.0,640.0,320.0,40.0
2015055N,12/05/2015,"3,7,15,25,26,47",10,,,62873572.0,0.0,0,1314050.0,20,62850.0,9600.0,640.0,320.0,40.0
2015056N,14/05/2015,"5,17,22,34,38,48",2,,,72033316.0,48719960.0,10,2227730.0,15,55690.0,9600.0,640.0,320.0,40.0
2015057N,17/05/2015,"21,32,36,37,44,46",47,,,31759150.0,0.0,0,1656720.0,5,122720.0,9600.0,640.0,320.0,40.0
2015058N,19/05/2015,"21,27,28,33,37,48",13,,,38092299.0,0.0,0,1819130.0,5,87400.0,9600.0,640.0,320.0,40.0
2015059N,21/05/2015,"16,18,19,36,42,47",46,,,44488341.0,0.0,0,0.0,0,92690.0,9600.0,640.0,320.0,40.0
2015060N,23/05/2015,"5,10,13,43,44,45",7,,,47273723.0,0.0,0,0.0,0,82320.0,9600.0,640.0,320.0,40.0
2015061N,26/05/2015,"7,10,15,37,42,45",41,,,63746524.0,42945680.0,5,2149960.0,15,101770.0,9600.0,640.0,320.0,40.0
2015062N,28/05/2015,"2,7,20,23,44,47",30,,,47726247.0,28973880.0,5,2500340.0,5,114950.0,9600.0,640.0,320.0,40.0
2015063N,30/05/2015,"9,16,28,36,42,45",2,,,41712166.0,21484090.0,10,1915660.0,10,69500.0,9600.0,640.0,320.0,40.0
2015064N,02/06/2015,"11,12,15,21,38,42",25,,,34116961.0,5333330.0,15,1656520.0,10,79590.0,9600.0,640.0,320.0,40.0
2015065N,04/06/2015,"18,24,28,31,39,49",44,,,31931576.0,0.0,0,1635630.0,10,102620.0,9600.0,640.0,320.0,40.0
2015066N,06/06/2015,"9,11,14,22,27,49",44,,,35702780.0,12204300.0,10,1401430.0,10,56190.0,9600.0,640.0,320.0,40.0
2015067N,09/06/2015,"7,12,16,17,20,25",31,,,34272364.0,0.0,0,1382040.0,10,55420.0,9600.0,640.0,320.0,40.0
2015068N,11/06/2015,"10,13,35,38,42,44",27,,,37025285.0,0.0,0,920600.0,20,105580.0,9600.0,640.0,320.0,40.0
2015069N,13/06/2015,"10,12,24,25,26,33",23,,,39521829.0,0.0,0,324830.0,50,50070.0,9600.0,640.0,320.0,40.0
2015070N,16/06/2015,"13,16,24,26,40,44",42,DBF,端午金多寶,103855355.0,0.0,0,724160.0,70,96550.0,9600.0,640.0,320.0,40.0
2015071N,18/06/2015,"4,11,12,24,35,46",3,,,92662145.0,57974970.0,10,1215940.0,35,73930.0,9600.0,640.0,320.0,40.0
2015072N,20/06/2015,"12,16,31,34,42,48",37,,,29200200.0,0.0,0,1531380.0,10,123740.0,9600.0,640.0,320.0,40.0
2015073N,23/06/2015,"3,10,26,33,42,46",44,,,39714477.0,0.0,0,539750.0,30,59550.0,9600.0,640.0,320.0,40.0
2015074N,25/06/2015,"1,5,26,28,40,49",15,,,43013877.0,0.0,0,1941610.0,5,67240.0,9600.0,640.0,320.0,40.0
2015075N,28/06/2015,"8,9,18,33,41,43",15,,,50971766.0,0.0,0,1424160.0,15,56680.0,9600.0,640.0,320.0,40.0
2015076N,30/06/2015,"12,14,21,27,38,43",15,,,55525175.0,34130560.0,5,597660.0,45,124290.0,9600.0,640.0,320.0,40.0
2015077N,02/07/2015,"4,11,23,32,44,48",49,,,45061164.0,0.0,0,580000.0,35,60480.0,9600.0,640.0,320.0,40.0
2015078N,04/07/2015,"9,24,32,34,43,47",35,,,50640479.0,0.0,0,1701090.0,15,81980.0,9600.0,640.0,320.0,40.0
2015079N,07/07/2015,"9,19,28,29,38,40",33,,,64109325.0,39075670.0,10,918370.0,30,46060.0,9600.0,640.0,320.0,40.0
2015080N,11/07/2015,"2,5,17,22,27,28",37,,,41593905.0,0.0,0,1476960.0,10,36800.0,9600.0,640.0,320.0,40.0
2015081N,14/07/2015,"7,8,10,13,20,38",5,,,41582761.0,0.0,0,222910.0,55,32210.0,9600.0,640.0,320.0,40.0
2015082N,16/07/2015,"16,18,22,23,35,38",25,,,42444471.0,0.0,0,973270.0,20,58320.0,9600.0,640.0,320.0,40.0
2015083N,18/07/2015,"13,20,23,24,46,47",39,,,44443353.0,0.0,0,963310.0,25,135200.0,9600.0,640.0,320.0,40.0
2015084N,21/07/2015,"4,14,15,19,41,42",10,SMR,暑期金多寶,93970000.0,0.0,0,1284170.0,35,79110.0,9600.0,640.0,320.0,40.0
2015085N,23/07/2015,"10,33,40,43,45,49",38,,,89830641.0,0.0,0,830640.0,50,79960.0,9600.0,640.0,320.0,40.0
2015086N,26/07/2015,"4,11,15,26,28,30",13,,,129093710.0,79746130.0,10,458040.0,115,45320.0,9600.0,640.0,320.0,40.0
2015087N,28/07/2015,"12,25,32,33,34,35",45,,,31343999.0,0.0,0,1406640.0,10,61490.0,9600.0,640.0,320.0,40.0
2015088N,30/07/2015,"4,5,11,17,24,48",46,,,38682123.0,0.0,0,1148020.0,15,72080.0,9600.0,640.0,320.0,40.0
2015089N,01/08/2015,"14,20,28,31,32,47",18,,,44277853.0,0.0,0,2285480.0,10,148640.0,9600.0,640.0,320.0,40.0
2015090N,04/08/2015,"5,9,13,15,21,23",12,,,54747865.0,25920360.0,5,561690.0,35,39560.0,9600.0,640.0,320.0,40.0
2015091N,06/08/2015,"22,23,35,40,41,42",16,,,44185876.0,0.0,0,521290.0,40,85540.0,9600.0,640.0,320.0,40.0
2015092N,08/08/2015,"10,12,19,25,42,46",37,,,47899342.0,0.0,0,306240.0,65,59970.0,9600.0,640.0,320.0,40.0
2015093N,11/08/2015,"22,26,27,28,36,47",12,,,59953302.0,33316910.0,5,2709820.0,10,54530.0,9600.0,640.0,320.0,40.0
2015094N,13/08/2015,"1,4,8,21,22,24",46,,,47576462.0,0.0,0,0.0,0,33850.0,9600.0,640.0,320.0,40.0
2015095N,15/08/2015,"2,6,13,25,30,33",20,,,52278102.0,0.0,0,718270.0,30,55410.0,9600.0,640.0,320.0,40.0
2015096N,18/08/2015,"7,17,34,41,43,49",1,,,64066249.0,0.0,0,325240.0,75,32850.0,9600.0,640.0,320.0,40.0
2015097N,20/08/2015,"4,5,18,23,32,44",6,,,65681205.0,0.0,0,1101350.0,25,42930.0,9600.0,640.0,320.0,40.0
2015098N,22/08/2015,"2,26,31,32,36,37",12,,,78130351.0,58071620.0,10,2566450.0,15,117990.0,9600.0,640.0,320.0,40.0
2015099N,25/08/2015,"3,15,16,39,41,42",36,,,35401366.0,8000000.0,5,1669350.0,5,52680.0,9600.0,640.0,320.0,40.0
2015100N,27/08/2015,"9,13,29,30,39,45",48,,,37238226.0,0.0,0,0.0,0,57100.0,9600.0,640.0,320.0,40.0
2015101N,29/08/2015,"9,22,28,32,37,39",47,,,41457798.0,16323190.0,5,789370.0,25,60480.0,9600.0,640.0,320.0,40.0
2015102N,01/09/2015,"5,6,8,10,31,36",17,,,42290675.0,12417590.0,5,405330.0,35,26540.0,9600.0,640.0,320.0,40.0
2015103N,03/09/2015,"12,16,34,36,42,45",41,,,37226144.0,0.0,0,1905160.0,10,93210.0,9600.0,640.0,320.0,40.0
2015104N,05/09/2015,"15,16,20,26,36,40",46,,,41756615.0,0.0,0,859410.0,20,59140.0,9600.0,640.0,320.0,40.0
2015105N,08/09/2015,"1,4,13,22,32,41",26,,,50285222.0,0.0,0,1146750.0,20,43070.0,9600.0,640.0,320.0,40.0
2015106N,10/09/2015,"1,11,13,23,35,36",34,,,52873907.0,0.0,0,919780.0,25,60710.0,9600.0,640.0,320.0,40.0
2015107N,12/09/2015,"5,13,21,25,38,40",17,,,58975220.0,0.0,0,1443200.0,20,92730.0,9600.0,640.0,320.0,40.0
2015108N,15/09/2015,"3,5,17,22,25,27",46,,,74871295.0,0.0,0,0.0,0,56960.0,9600.0,640.0,320.0,40.0
2015109N,17/09/2015,"1,4,9,17,35,41",37,,,85294212.0,0.0,0,903420.0,40,61970.0,9600.0,640.0,320.0,40.0
2015110N,22/09/2015,"2,11,12,25,36,43",10,MAF,中秋金多寶,199871814.0,90031310.0,5,752350.0,115,75150.0,9600.0,640.0,320.0,40.0
2015111N,24/09/2015,"4,10,15,16,24,28",49,,,93436580.0,0.0,0,879140.0,45,46530.0,9600.0,640.0,320.0,40.0
2015112N,26/09/2015,"6,15,16,18,37,43",2,,,92380671.0,0.0,0,1290970.0,35,86990.0,9600.0,640.0,320.0,40.0
2015113N,30/09/2015,"9,10,23,28,37,46",34,,,136250054.0,25355030.0,35,610110.0,100,68790.0,9600.0,640.0,320.0,40.0
2015114N,03/10/2015,"8,10,16,30,39,40",6,,,36798072.0,0.0,0,468450.0,30,47140.0,9600.0,640.0,320.0,40.0
2015115N,06/10/2015,"2,7,9,22,32,46",26,,,43307363.0,0.0,0,710230.0,25,76360.0,9600.0,640.0,320.0,40.0
2015116N,08/10/2015,"8,17,28,34,39,40",14,,,47312626.0,0.0,0,1161390.0,20,127710.0,9600.0,640.0,320.0,40.0
2015117N,11/10/2015,"4,21,22,35,36,46",40,,,55081039.0,0.0,0,1335070.0,20,74950.0,9600.0,640.0,320.0,40.0
2015118N,13/10/2015,"1,4,22,30,33,34",26,,,58661876.0,36835940.0,10,2843430.0,10,130730.0,9600.0,640.0,320.0,40.0
2015119N,15/10/2015,"17,18,26,30,33,34",29,,,34119797.0,0.0,0,0.0,0,87440.0,9600.0,640.0,320.0,40.0
2015120N,17/10/2015,"2,12,19,33,34,48",24,,,38046569.0,0.0,0,1851340.0,10,103930.0,9600.0,640.0,320.0,40.0
2015121N,19/10/2015,"7,11,15,38,39,46",25,,,33988939.0,0.0,0,1620280.0,5,99320.0,9600.0,640.0,320.0,40.0
2015122N,21/10/2015,"1,14,16,25,40,48",17,,,47677752.0,0.0,0,974000.0,25,98380.0,9600.0,640.0,320.0,40.0
2015123N,24/10/2015,"18,27,28,34,35,45",2,,,57196145.0,36592660.0,10,1864490.0,15,57810.0,9600.0,640.0,320.0,40.0
2015124N,27/10/2015,"20,22,31,33,39,44",10,,,35370900.0,0.0,0,1530040.0,10,74860.0,9600.0,640.0,320.0,40.0
2015125N,29/10/2015,"4,5,6,22,31,46",47,STU,萬聖節周四金多寶,78945235.0,20611170.0,20,1068790.0,35,85990.0,9600.0,640.0,320.0,40.0
2015126N,31/10/2015,"4,10,28,37,42,48",8,,,30882745.0,0.0,0,0.0,0,85480.0,9600.0,640.0,320.0,40.0
2015127N,03/11/2015,"7,12,13,25,34,38",15,,,42814140.0,0.0,0,728910.0,25,65660.0,9600.0,640.0,320.0,40.0
2015128N,05/11/2015,"5,10,11,25,27,44",7,,,45336898.0,0.0,0,1437610.0,10,35330.0,9600.0,640.0,320.0,40.0
2015129N,07/11/2015,"6,16,27,34,44,48",1,,,46475420.0,26249980.0,10,2363950.0,5,94790.0,9600.0,640.0,320.0,40.0
2015130N,10/11/2015,"4,14,28,42,43,47",3,,,36058986.0,0.0,0,0.0,0,79230.0,9600.0,640.0,320.0,40.0
2015131N,12/11/2015,"10,20,24,28,33,45",19,,,39774538.0,0.0,0,991400.0,20,122960.0,9600.0,640.0,320.0,40.0
2015132N,15/11/2015,"13,15,24,28,41,45",20,,,45547271.0,0.0,0,0.0,0,129710.0,9600.0,640.0,320.0,40.0
2015133N,17/11/2015,"12,13,31,33,35,47",21,,,50557246.0,32376390.0,10,526740.0,45,79010.0,9600.0,640.0,320.0,40.0
2015134N,19/11/2015,"13,15,25,40,41,48",19,,,31445008.0,0.0,0,0.0,0,168320.0,9600.0,640.0,320.0,40.0
2015135N,22/11/2015,"9,20,30,33,38,39",37,,,39764633.0,0.0,0,1662230.0,10,58320.0,9600.0,640.0,320.0,40.0
2015136N,24/11/2015,"17,21,22,36,41,44",38,,,43040391.0,0.0,0,2104080.0,10,81910.0,9600.0,640.0,320.0,40.0
2015137N,26/11/2015,"10,17,25,26,39,44",7,,,46186621.0,0.0,0,639620.0,35,89770.0,9600.0,640.0,320.0,40.0
2015138N,28/11/2015,"15,21,24,25,28,31",48,,,49707832.0,34943110.0,10,2407920.0,10,95830.0,9600.0,640.0,320.0,40.0
2015139N,01/12/2015,"8,9,10,22,33,40",28,,,34244736.0,0.0,0,504830.0,20,26260.0,9600.0,640.0,320.0,40.0
2015140N,03/12/2015,"4,11,14,41,42,44",10,,,37386018.0,12596600.0,10,510730.0,30,26790.0,9600.0,640.0,320.0,40.0
2015141N,05/12/2015,"6,16,19,34,35,46",9,,,29752829.0,0.0,0,590000.0,20,44950.0,9600.0,640.0,320.0,40.0
2015142N,08/12/2015,"9,10,25,40,48,49",32,,,39977331.0,12180010.0,10,398090.0,35,19500.0,9600.0,640.0,320.0,40.0
2015143N,10/12/2015,"9,24,29,32,34,47",42,,,31340945.0,8000000.0,10,0.0,0,80060.0,9600.0,640.0,320.0,40.0
2015144N,12/12/2015,"16,18,27,35,42,44",33,,,31334690.0,0.0,0,0.0,0,115460.0,9600.0,640.0,320.0,40.0
2015145N,15/12/2015,"18,22,40,41,48,49",42,,,40638725.0,0.0,0,552120.0,30,67950.0,9600.0,640.0,320.0,40.0
2015146N,17/12/2015,"18,20,24,36,44,45",39,,,41774248.0,21007130.0,10,1420580.0,15,110330.0,9600.0,640.0,320.0,40.0
2015147N,20/12/2015,"6,11,16,20,43,45",21,,,32293857.0,0.0,0,819560.0,20,113530.0,9600.0,640.0,320.0,40.0
2015148N,22/12/2015,"11,28,36,38,44,48",26,,,39023464.0,0.0,0,905760.0,20,81870.0,9600.0,640.0,320.0,40.0
2015149N,24/12/2015,"12,18,20,28,33,47",25,,,43457391.0,0.0,0,1915970.0,10,81090.0,9600.0,640.0,320.0,40.0
2015150N,26/12/2015,"1,8,33,37,42,47",7,,,42225661.0,0.0,0,1984620.0,10,132300.0,9600.0,640.0,320.0,40.0
2015151N,29/12/2015,"3,5,20,30,33,38",28,,,55753074.0,0.0,0,964550.0,25,62730.0,9600.0,640.0,320.0,40.0
2015152N,31/12/2015,"2,11,12,22,24,25",3,,,62348733.0,0.0,0,282810.0,65,19560.0,9600.0,640.0,320.0,40.0
2016001N,02/01/2016,"6,8,11,32,34,41",47,SBD,新年金多寶,111729038.0,0.0,0,5541450.0,10,101910.0,9600.0,640.0,320.0,40.0
2016002N,05/01/2016,"2,5,7,18,30,45",11,,,122881098.0,53159400.0,15,559800.0,90,56450.0,9600.0,640.0,320.0,40.0
2016003N,07/01/2016,"6,9,11,29,43,47",8,,,34842788.0,0.0,0,1331300.0,5,42260.0,9600.0,640.0,320.0,40.0
2016004N,10/01/2016,"4,8,15,18,30,45",38,,,43632963.0,0.0,0,0.0,0,73160.0,9600.0,640.0,320.0,40.0
2016005N,12/01/2016,"8,13,15,35,44,45",47,,,49548124.0,0.0,0,2492050.0,10,111680.0,9600.0,640.0,320.0,40.0
2016006N,14/01/2016,"1,2,10,23,32,49",26,,,56637640.0,30513670.0,5,1437890.0,15,38090.0,9600.0,640.0,320.0,40.0
2016007N,16/01/2016,"1,2,6,37,40,43",24,,,44094640.0,0.0,0,0.0,0,134580.0,9600.0,640.0,320.0,40.0
2016008N,19/01/2016,"8,18,20,25,30,39",13,,,60259413.0,32356790.0,5,2604500.0,10,64900.0,9600.0,640.0,320.0,40.0
2016009N,21/01/2016,"2,12,33,40,45,47",9,,,46580521.0,22509740.0,10,703480.0,30,78710.0,9600.0,640.0,320.0,40.0
2016010N,23/01/2016,"7,8,12,14,23,32",5,,,30813059.0,8000000.0,5,213230.0,45,28750.0,9600.0,640.0,320.0,40.0
2016011N,26/01/2016,"5,9,22,26,27,40",13,,,38933594.0,0.0,0,1582700.0,5,77440.0,9600.0,640.0,320.0,40.0
2016012N,28/01/2016,"8,20,30,34,42,48",36,,,39950603.0,0.0,0,639230.0,30,72020.0,9600.0,640.0,320.0,40.0
2016013N,30/01/2016,"1,5,29,32,39,44",4,,,44901369.0,0.0,0,1557300.0,15,108330.0,9600.0,640.0,320.0,40.0
2016014N,02/02/2016,"18,28,30,33,34,36",2,,,55447401.0,19497340.0,15,1157580.0,20,51660.0,9600.0,640.0,320.0,40.0
2016015N,04/02/2016,"7,13,15,35,38,45",32,,,36453488.0,8000000.0,10,1594170.0,10,59870.0,9600.0,640.0,320.0,40.0
2016016N,07/02/2016,"11,13,15,19,21,29",41,,,39171989.0,8000000.0,10,809280.0,20,20400.0,9600.0,640.0,320.0,40.0
2016017N,11/02/2016,"3,4,17,30,35,47",10,CNY,新春金多寶,120336644.0,54916660.0,10,805550.0,70,93390.0,9600.0,640.0,320.0,40.0
2016018N,13/02/2016,"8,14,24,29,36,43",31,,,33723116.0,0.0,0,0.0,0,76770.0,9600.0,640.0,320.0,40.0
2016019N,16/02/2016,"18,21,22,34,42,43",24,,,48182858.0,0.0,0,1180400.0,20,86230.0,9600.0,640.0,320.0,40.0
2016020N,18/02/2016,"13,20,38,39,41,45",46,,,51232046.0,24693930.0,10,880810.0,30,110100.0,9600.0,640.0,320.0,40.0
2016021N,20/02/2016,"12,20,39,44,47,49",45,,,34473261.0,0.0,0,1770980.0,10,138900.0,9600.0,640.0,320.0,40.0
2016022N,23/02/2016,"9,15,24,27,44,45",47,,,51276856.0,0.0,0,1252330.0,20,80950.0,9600.0,640.0,320.0,40.0
2016023N,25/02/2016,"3,6,22,24,45,47",7,,,49997292.0,0.0,0,1572550.0,15,100640.0,9600.0,640.0,320.0,40.0
2016024N,27/02/2016,"6,9,11,20,27,44",42,,,54208592.0,29307500.0,10,2238990.0,10,44060.0,9600.0,640.0,320.0,40.0
2016025N,01/03/2016,"11,16,19,21,30,33",31,ANN,六合彩40週年金多寶,446395296.0,27218060.0,50,848470.0,240,68300.0,9600.0,640.0,320.0,40.0
2016026N,03/03/2016,"1,2,5,7,16,45",33,,,37216037.0,0.0,0,0.0,0,61740.0,9600.0,640.0,320.0,40.0
2016027N,05/03/2016,"17,26,29,32,48,49",40,,,40820572.0,0.0,0,644500.0,25,50250.0,9600.0,640.0,320.0,40.0
2016028N,08/03/2016,"3,4,16,30,34,39",14,,,52529547.0,14174240.0,15,585560.0,40,32110.0,9600.0,640.0,320.0,40.0
2016029N,10/03/2016,"9,14,24,30,33,48",43,,,35372752.0,0.0,0,1738470.0,5,96580.0,9600.0,640.0,320.0,40.0
2016030N,12/03/2016,"3,23,33,36,41,49",2,,,39183478.0,0.0,0,1900790.0,10,120680.0,9600.0,640.0,320.0,40.0
2016031N,15/03/2016,"1,6,19,26,28,41",39,,,48401450.0,0.0,0,0.0,0,62360.0,9600.0,640.0,320.0,40.0
2016032N,17/03/2016,"3,8,15,16,17,38",35,,,52991029.0,9717420.0,30,606620.0,30,20130.0,9600.0,640.0,320.0,40.0
2016033N,19/03/2016,"23,25,35,39,42,43",14,,,32370053.0,0.0,0,0.0,0,127020.0,9600.0,640.0,320.0,40.0
2016034N,22/03/2016,"5,10,18,24,27,49",39,,,43237087.0,8048860.0,20,1595710.0,10,61490.0,9600.0,640.0,320.0,40.0
2016035N,24/03/2016,"16,18,21,25,35,46",13,,,31611728.0,0.0,0,1643680.0,5,127040.0,9600.0,640.0,320.0,40.0
2016036N,26/03/2016,"17,24,38,44,46,47",27,,,34416587.0,0.0,0,874100.0,20,135120.0,9600.0,640.0,320.0,40.0
2016037N,29/03/2016,"9,12,13,22,30,31",28,,,43665541.0,18485350.0,5,1472950.0,10,25600.0,9600.0,640.0,320.0,40.0
2016038N,02/04/2016,"4,6,29,34,36,45",47,,,47612006.0,0.0,0,2220120.0,5,70060.0,9600.0,640.0,320.0,40.0
2016039N,05/04/2016,"4,10,21,30,35,43",7,,,45676156.0,0.0,0,2124200.0,10,87820.0,9600.0,640.0,320.0,40.0
2016040N,07/04/2016,"8,21,25,32,34,45",31,,,48771580.0,30895240.0,5,2503170.0,5,89000.0,9600.0,640.0,320.0,40.0
2016041N,09/04/2016,"3,6,13,38,43,44",31,,,40929150.0,0.0,0,1915350.0,10,76800.0,9600.0,640.0,320.0,40.0
2016042N,12/04/2016,"21,25,28,33,46,48",10,,,51386592.0,30011980.0,5,720630.0,35,87350.0,9600.0,640.0,320.0,40.0
2016043N,14/04/2016,"14,21,25,27,44,46",3,,,42564768.0,0.0,0,2151790.0,10,114760.0,9600.0,640.0,320.0,40.0
2016044N,17/04/2016,"16,24,28,35,45,46",38,,,46271339.0,0.0,0,1054360.0,20,73020.0,9600.0,640.0,320.0,40.0
2016045N,19/04/2016,"5,8,30,34,45,48",3,,,52034790.0,0.0,0,2427070.0,10,85720.0,9600.0,640.0,320.0,40.0
2016046N,21/04/2016,"3,5,14,15,39,41",21,,,60595924.0,0.0,0,3062560.0,10,104030.0,9600.0,640.0,320.0,40.0
2016047N,23/04/2016,"2,10,16,35,46,47",49,,,68295359.0,0.0,0,2242310.0,15,100210.0,9600.0,640.0,320.0,40.0
2016048N,26/04/2016,"1,3,25,27,28,45",12,,,91234839.0,0.0,0,705190.0,50,61850.0,9600.0,640.0,320.0,40.0
2016049N,30/04/2016,"11,20,28,29,44,49",40,,,147556973.0,0.0,0,3482800.0,20,87610.0,9600.0,640.0,320.0,40.0
2016050N,05/05/2016,"6,7,12,15,27,36",29,,,235990985.0,0.0,0,664670.0,150,51820.0,9600.0,640.0,320.0,40.0
2016051N,10/05/2016,"20,26,28,32,40,45",43,,,350471901.0,84659780.0,20,1880270.0,95,83270.0,9600.0,640.0,320.0,40.0
2016052N,12/05/2016,"4,12,19,20,27,49",21,,,36454079.0,0.0,0,1109510.0,15,72750.0,9600.0,640.0,320.0,40.0
2016053N,15/05/2016,"2,11,25,28,36,46",42,,,43293096.0,13855260.0,10,1951750.0,10,68480.0,9600.0,640.0,320.0,40.0
2016054N,17/05/2016,"1,19,23,24,32,40",35,,,36676426.0,0.0,0,0.0,0,100140.0,9600.0,640.0,320.0,40.0
2016055N,19/05/2016,"2,8,20,24,37,39",18,,,43538318.0,0.0,0,843540.0,25,88560.0,9600.0,640.0,320.0,40.0
2016056N,21/05/2016,"6,13,23,25,44,48",11,,,45337573.0,22833480.0,10,2209700.0,10,98200.0,9600.0,640.0,320.0,40.0
2016057N,24/05/2016,"14,18,33,34,35,46",42,,,37368734.0,0.0,0,0.0,0,88080.0,9600.0,640.0,320.0,40.0
2016058N,26/05/2016,"9,15,36,38,46,48",22,,,41989634.0,0.0,0,622940.0,30,71700.0,9600.0,640.0,320.0,40.0
2016059N,28/05/2016,"21,23,32,33,36,42",20,,,43057874.0,21775340.0,10,527960.0,40,63990.0,9600.0,640.0,320.0,40.0
2016060N,31/05/2016,"21,24,36,38,39,44",49,,,36258249.0,8000000.0,10,0.0,0,128470.0,9600.0,640.0,320.0,40.0
2016061N,02/06/2016,"3,4,19,24,26,34",38,,,34163569.0,0.0,0,1577280.0,10,93460.0,9600.0,640.0,320.0,40.0
2016062N,04/06/2016,"8,16,21,32,38,48",11,,,36522960.0,0.0,0,1613960.0,10,62830.0,9600.0,640.0,320.0,40.0
2016063N,06/06/2016,"2,5,8,12,20,49",47,,,31165111.0,0.0,0,671440.0,15,19200.0,9600.0,640.0,320.0,40.0
2016064N,08/06/2016,"4,13,34,36,42,48",19,,,48176130.0,0.0,0,2364140.0,5,117830.0,9600.0,640.0,320.0,40.0
2016065N,11/06/2016,"10,14,23,29,40,42",11,,,54783133.0,0.0,0,1104710.0,25,120730.0,9600.0,640.0,320.0,40.0
2016066N,14/06/2016,"13,15,30,36,44,49",37,,,64100768.0,0.0,0,787320.0,40,111230.0,9600.0,640.0,320.0,40.0
2016067N,16/06/2016,"19,22,27,29,45,48",4,,,68362653.0,26446460.0,20,2755460.0,5,84650.0,9600.0,640.0,320.0,40.0
2016068N,18/06/2016,"4,5,8,12,34,37",24,,,32405053.0,0.0,0,345000.0,35,63130.0,9600.0,640.0,320.0,40.0
2016069N,21/06/2016,"9,10,20,21,38,39",49,,,41656253.0,0.0,0,132130.0,110,23050.0,9600.0,640.0,320.0,40.0
2016070N,23/06/2016,"6,9,21,35,48,49",29,,,43180821.0,0.0,0,1106430.0,15,41360.0,9600.0,640.0,320.0,40.0
2016071N,25/06/2016,"10,15,22,38,42,43",18,,,44545953.0,23796070.0,5,717390.0,30,97270.0,9600.0,640.0,320.0,40.0
2016072N,28/06/2016,"7,13,23,30,32,48",36,,,45057208.0,0.0,0,631300.0,30,66450.0,9600.0,640.0,320.0,40.0
2016073N,30/06/2016,"2,5,6,7,16,29",35,,,46468294.0,22324120.0,10,1581440.0,5,19200.0,9600.0,640.0,320.0,40.0
2016074N,02/07/2016,"2,8,16,32,33,37",5,,,31258661.0,0.0,0,595420.0,20,52050.0,9600.0,640.0,320.0,40.0
2016075N,05/07/2016,"1,6,13,17,34,44",38,,,41965751.0,0.0,0,2038650.0,5,100670.0,9600.0,640.0,320.0,40.0
2016076N,07/07/2016,"13,14,21,31,38,44",22,,,45122563.0,0.0,0,2217530.0,10,109500.0,9600.0,640.0,320.0,40.0
2016077N,09/07/2016,"7,19,20,28,30,31",29,,,47505745.0,0.0,0,422210.0,45,58910.0,9600.0,640.0,320.0,40.0
2016078N,12/07/2016,"12,20,31,32,35,45",18,,,62453477.0,36859760.0,10,2082640.0,15,116510.0,9600.0,640.0,320.0,40.0
2016079N,14/07/2016,"16,21,30,36,38,47",48,,,33853850.0,0.0,0,607750.0,25,117440.0,9600.0,640.0,320.0,40.0
2016080N,16/07/2016,"1,2,7,16,24,34",36,,,38075019.0,0.0,0,452100.0,35,48780.0,9600.0,640.0,320.0,40.0
2016081N,19/07/2016,"7,21,27,33,46,47",4,SMR,暑期金多寶,149707089.0,0.0,0,1376260.0,50,68720.0,9600.0,640.0,320.0,40.0
2016082N,22/07/2016,"10,11,22,41,44,46",35,,,195054501.0,107893900.0,5,1397430.0,65,75690.0,9600.0,640.0,320.0,40.0
2016083N,24/07/2016,"11,18,26,31,39,44",24,,,96225046.0,68372410.0,10,1068550.0,45,91590.0,9600.0,640.0,320.0,40.0
2016084N,26/07/2016,"3,14,17,21,28,49",12,,,34132637.0,0.0,0,0.0,0,56140.0,9600.0,640.0,320.0,40.0
2016085N,28/07/2016,"12,20,24,35,39,47",15,,,42258493.0,16042160.0,5,0.0,0,93110.0,9600.0,640.0,320.0,40.0
2016086N,30/07/2016,"9,21,29,33,35,48",28,,,41301316.0,15741020.0,10,410180.0,45,55610.0,9600.0,640.0,320.0,40.0
2016087N,02/08/2016,"7,11,12,19,21,39",49,,,33349936.0,0.0,0,1127160.0,10,36040.0,9600.0,640.0,320.0,40.0
2016088N,04/08/2016,"10,16,34,41,45,47",7,,,39743010.0,14233140.0,10,0.0,0,111930.0,9600.0,640.0,320.0,40.0
2016089N,06/08/2016,"2,17,23,32,36,40",3,,,34111314.0,8000000.0,10,1068700.0,15,74340.0,9600.0,640.0,320.0,40.0
2016090N,09/08/2016,"5,9,13,22,34,39",40,,,36331042.0,0.0,0,0.0,0,66640.0,9600.0,640.0,320.0,40.0
2016091N,11/08/2016,"10,11,19,23,30,38",13,,,40682664.0,0.0,0,1689050.0,10,48170.0,9600.0,640.0,320.0,40.0
2016092N,13/08/2016,"3,4,11,23,44,47",24,,,43768215.0,0.0,0,1890900.0,10,81990.0,9600.0,640.0,320.0,40.0
2016093N,16/08/2016,"5,12,14,20,27,46",26,,,50146104.0,0.0,0,1124540.0,20,66630.0,9600.0,640.0,320.0,40.0
2016094N,18/08/2016,"3,17,20,22,45,46",30,,,55039851.0,0.0,0,1436730.0,20,108680.0,9600.0,640.0,320.0,40.0
2016095N,20/08/2016,"2,3,15,28,46,48",33,,,59404718.0,0.0,0,963100.0,30,119450.0,9600.0,640.0,320.0,40.0
2016096N,23/08/2016,"14,16,24,25,43,44",3,,,79392309.0,55846660.0,5,1899430.0,20,78830.0,9600.0,640.0,320.0,40.0
2016097N,25/08/2016,"4,20,34,35,40,47",3,,,56255099.0,36248280.0,10,924990.0,30,95480.0,9600.0,640.0,320.0,40.0
2016098N,27/08/2016,"3,6,13,24,37,43",30,,,32349060.0,0.0,0,1516570.0,10,78520.0,9600.0,640.0,320.0,40.0
2016099N,30/08/2016,"14,20,21,31,34,42",25,,,43191955.0,14445740.0,5,2148580.0,10,88830.0,9600.0,640.0,320.0,40.0
2016100N,01/09/2016,"8,11,13,30,34,49",2,,,39507677.0,0.0,0,1843760.0,10,87790.0,9600.0,640.0,320.0,40.0
2016101N,04/09/2016,"8,25,26,28,38,43",22,,,45802000.0,18604190.0,5,650000.0,30,62650.0,9600.0,640.0,320.0,40.0
2016102N,06/09/2016,"11,15,33,41,43,48",27,,,43861879.0,0.0,0,893960.0,25,94590.0,9600.0,640.0,320.0,40.0
2016103N,08/09/2016,"3,4,5,26,45,48",14,,,46696732.0,0.0,0,2204510.0,10,82210.0,9600.0,640.0,320.0,40.0
2016104N,10/09/2016,"7,16,32,37,38,46",22,,,47678029.0,0.0,0,1500440.0,15,102590.0,9600.0,640.0,320.0,40.0
2016105N,13/09/2016,"1,13,19,21,38,49",23,MAF,中秋金多寶,173013664.0,55625480.0,15,710240.0,110,63130.0,9600.0,640.0,320.0,40.0
2016106N,15/09/2016,"24,25,34,35,44,49",30,,,35401214.0,0.0,0,1158690.0,15,51210.0,9600.0,640.0,320.0,40.0
2016107N,17/09/2016,"3,18,21,25,31,42",26,,,37545147.0,0.0,0,1874420.0,10,99960.0,9600.0,640.0,320.0,40.0
2016108N,20/09/2016,"4,16,19,27,41,44",25,,,47588946.0,20720150.0,5,591400.0,40,77210.0,9600.0,640.0,320.0,40.0
2016109N,22/09/2016,"5,30,38,43,44,47",14,,,41455850.0,0.0,0,0.0,0,123560.0,9600.0,640.0,320.0,40.0
2016110N,24/09/2016,"1,17,20,34,43,44",42,,,46035258.0,26170670.0,10,2366470.0,10,124960.0,9600.0,640.0,320.0,40.0
2016111N,27/09/2016,"12,16,19,23,28,32",27,,,35507837.0,0.0,0,1568520.0,10,57530.0,9600.0,640.0,320.0,40.0
2016112N,29/09/2016,"14,20,28,33,41,48",40,,,38983073.0,0.0,0,1999100.0,10,123970.0,9600.0,640.0,320.0,40.0
2016113N,02/10/2016,"7,8,21,22,34,46",6,,,43875706.0,0.0,0,1799120.0,5,81310.0,9600.0,640.0,320.0,40.0
2016114N,04/10/2016,"2,6,10,28,38,40",30,,,49409715.0,25918710.0,5,1874820.0,10,54340.0,9600.0,640.0,320.0,40.0
2016115N,06/10/2016,"5,11,13,19,33,48",34,,,42975530.0,0.0,0,1869700.0,5,63110.0,9600.0,640.0,320.0,40.0
2016116N,09/10/2016,"12,26,28,36,45,49",9,,,50444713.0,25102070.0,10,746500.0,25,47390.0,9600.0,640.0,320.0,40.0
2016117N,11/10/2016,"16,19,24,28,36,42",13,,,32701374.0,0.0,0,995050.0,15,71070.0,9600.0,640.0,320.0,40.0
2016118N,13/10/2016,"2,9,16,27,32,40",46,,,39346088.0,0.0,0,1972210.0,10,95620.0,9600.0,640.0,320.0,40.0
2016119N,15/10/2016,"7,12,18,27,28,40",10,,,40495746.0,0.0,0,627400.0,25,66920.0,9600.0,640.0,320.0,40.0
2016120N,18/10/2016,"8,27,28,30,38,41",12,,,49527524.0,23998200.0,5,325810.0,55,43050.0,9600.0,640.0,320.0,40.0
2016121N,20/10/2016,"2,4,7,15,28,45",19,,,40782879.0,0.0,0,1826770.0,10,67650.0,9600.0,640.0,320.0,40.0
2016122N,22/10/2016,"3,12,13,20,33,43",35,,,39347881.0,0.0,0,1468460.0,10,28270.0,9600.0,640.0,320.0,40.0
2016123N,25/10/2016,"7,8,12,17,22,29",14,STE,萬聖節金多寶,131171453.0,30026600.0,25,528640.0,95,40700.0,9600.0,640.0,320.0,40.0
2016124N,27/10/2016,"8,16,17,34,35,44",41,,,33568510.0,0.0,0,1738780.0,10,83540.0,9600.0,640.0,320.0,40.0
2016125N,29/10/2016,"22,26,32,38,43,47",42,,,36865902.0,0.0,0,914890.0,20,78070.0,9600.0,640.0,320.0,40.0
2016126N,01/11/2016,"1,2,21,31,33,36",8,,,48075501.0,0.0,0,959820.0,20,50680.0,9600.0,640.0,320.0,40.0
2016127N,03/11/2016,"6,14,18,22,30,38",47,,,48176818.0,0.0,0,772660.0,30,34240.0,9600.0,640.0,320.0,40.0
2016128N,05/11/2016,"9,12,31,39,42,46",48,,,50833134.0,0.0,0,1013580.0,25,108110.0,9600.0,640.0,320.0,40.0
2016129N,08/11/2016,"3,5,6,11,34,42",28,,,67173953.0,28255500.0,15,519940.0,55,75500.0,9600.0,640.0,320.0,40.0
2016130N,10/11/2016,"3,17,38,39,46,49",37,,,32365780.0,0.0,0,1691260.0,5,100220.0,9600.0,640.0,320.0,40.0
2016131N,13/11/2016,"2,16,27,29,34,41",42,,,41380026.0,0.0,0,0.0,0,173040.0,9600.0,640.0,320.0,40.0
2016132N,15/11/2016,"10,15,17,18,27,40",26,,,46087431.0,0.0,0,2124700.0,5,110010.0,9600.0,640.0,320.0,40.0
2016133N,17/11/2016,"5,18,26,28,30,45",33,,,52672914.0,0.0,0,0.0,0,72070.0,9600.0,640.0,320.0,40.0
2016134N,19/11/2016,"2,6,23,24,37,42",32,,,58227586.0,0.0,0,766810.0,35,86220.0,9600.0,640.0,320.0,40.0
2016135N,22/11/2016,"12,13,16,18,38,40",5,,,74063471.0,0.0,0,3359140.0,10,56870.0,9600.0,640.0,320.0,40.0
2016136N,24/11/2016,"3,9,24,31,38,49",41,,,82193372.0,0.0,0,2606900.0,15,97910.0,9600.0,640.0,320.0,40.0
2016137N,26/11/2016,"1,2,3,4,7,10",33,,,89142376.0,2815140.0,235,38400.0,60,19200.0,9600.0,640.0,320.0,40.0
2016138N,29/11/2016,"4,11,18,22,24,49",25,,,35709168.0,8000000.0,10,495440.0,30,54290.0,9600.0,640.0,320.0,40.0
2016139N,01/12/2016,"9,15,18,21,24,37",16,,,34501896.0,0.0,0,1652470.0,10,99020.0,9600.0,640.0,320.0,40.0
2016140N,03/12/2016,"8,13,23,30,47,48",7,,,38291968.0,0.0,0,1607750.0,10,58730.0,9600.0,640.0,320.0,40.0
2016141N,06/12/2016,"3,7,17,29,32,49",11,,,47731773.0,18838130.0,5,2004950.0,10,65200.0,9600.0,640.0,320.0,40.0
2016142N,08/12/2016,"9,24,26,28,37,39",29,,,41952244.0,14952940.0,10,737850.0,25,91090.0,9600.0,640.0,320.0,40.0
2016143N,10/12/2016,"7,22,32,33,34,39",45,,,33005201.0,0.0,0,1542150.0,5,64250.0,9600.0,640.0,320.0,40.0
2016144N,13/12/2016,"7,14,26,31,38,44",37,,,43247428.0,15276750.0,5,2168560.0,10,78670.0,9600.0,640.0,320.0,40.0
2016145N,15/12/2016,"15,19,20,32,33,34",23,,,38736961.0,13476990.0,5,1297470.0,15,75210.0,9600.0,640.0,320.0,40.0
2016146N,18/12/2016,"3,10,21,26,28,38",29,,,39713694.0,0.0,0,0.0,0,43220.0,9600.0,640.0,320.0,40.0
2016147N,20/12/2016,"5,28,32,34,37,48",39,,,44044595.0,0.0,0,1101720.0,20,83940.0,9600.0,640.0,320.0,40.0
2016148N,23/12/2016,"4,14,16,25,32,35",47,,,52784003.0,27442250.0,5,1755720.0,15,124290.0,9600.0,640.0,320.0,40.0
2016149N,25/12/2016,"3,4,10,26,37,43",41,,,39435160.0,0.0,0,0.0,0,79250.0,9600.0,640.0,320.0,40.0
2016150N,29/12/2016,"2,11,13,15,17,21",26,,,59905335.0,0.0,0,637470.0,40,32300.0,9600.0,640.0,320.0,40.0
2016151N,31/12/2016,"8,9,12,15,17,28",33,,,57457946.0,11582010.0,30,532230.0,35,23630.0,9600.0,640.0,320.0,40.0
2017001N,03/01/2017,"4,11,22,29,37,46",18,SBD,新年金多寶,143310824.0,30252220.0,25,1528180.0,45,98320.0,9600.0,640.0,320.0,40.0
2017002N,05/01/2017,"5,14,20,21,36,49",39,,,34934979.0,0.0,0,1714840.0,10,92380.0,9600.0,640.0,320.0,40.0
2017003N,07/01/2017,"7,10,14,29,45,46",19,,,39774959.0,0.0,0,0.0,0,152100.0,9600.0,640.0,320.0,40.0
2017004N,10/01/2017,"2,7,14,26,38,39",12,,,51680720.0,22855160.0,5,2289860.0,5,46970.0,9600.0,640.0,320.0,40.0
2017005N,12/01/2017,"18,25,27,30,40,43",6,,,44627272.0,0.0,0,247520.0,70,68960.0,9600.0,640.0,320.0,40.0
2017006N,15/01/2017,"1,6,22,37,44,48",35,,,51532305.0,16516210.0,15,2334620.0,10,69170.0,9600.0,640.0,320.0,40.0
2017007N,17/01/2017,"26,27,28,36,42,47",33,,,35504765.0,0.0,0,1603240.0,10,77730.0,9600.0,640.0,320.0,40.0
2017008N,19/01/2017,"1,2,13,23,35,43",18,,,41535280.0,13724920.0,10,1908300.0,5,55310.0,9600.0,640.0,320.0,40.0
2017009N,21/01/2017,"8,27,28,37,38,49",33,,,34923225.0,0.0,0,822300.0,15,27180.0,9600.0,640.0,320.0,40.0
2017010N,24/01/2017,"2,5,23,27,36,43",20,,,48248467.0,0.0,0,0.0,0,90740.0,9600.0,640.0,320.0,40.0
2017011N,26/01/2017,"13,24,28,29,31,44",10,,,52782918.0,25496990.0,10,1282760.0,20,106890.0,9600.0,640.0,320.0,40.0
2017012N,28/01/2017,"8,15,25,30,34,40",42,,,33050546.0,0.0,0,0.0,0,77690.0,9600.0,640.0,320.0,40.0
2017013N,01/02/2017,"13,14,18,23,29,35",45,CNY,新春金多寶,214619874.0,35772980.0,25,676600.0,145,59320.0,9600.0,640.0,320.0,40.0
2017014N,04/02/2017,"7,14,25,28,33,40",26,,,42600803.0,8000000.0,10,448720.0,40,83240.0,9600.0,640.0,320.0,40.0
2017015N,07/02/2017,"6,11,22,25,32,33",24,,,41958456.0,0.0,0,461860.0,35,31650.0,9600.0,640.0,320.0,40.0
2017016N,09/02/2017,"3,12,13,19,24,45",40,,,43744019.0,6965180.0,20,0.0,0,62010.0,9600.0,640.0,320.0,40.0
2017017N,12/02/2017,"7,21,26,30,38,47",15,,,40512233.0,0.0,0,1957250.0,10,122800.0,9600.0,640.0,320.0,40.0
2017018N,14/02/2017,"14,16,21,28,43,46",26,,,43760741.0,0.0,0,0.0,0,102300.0,9600.0,640.0,320.0,40.0
2017019N,16/02/2017,"5,8,23,34,41,44",7,,,49512995.0,0.0,0,2373940.0,10,73610.0,9600.0,640.0,320.0,40.0
2017020N,18/02/2017,"5,8,12,17,20,37",45,,,50583895.0,0.0,0,732060.0,30,48600.0,9600.0,640.0,320.0,40.0
2017021N,21/02/2017,"1,7,13,29,32,44",20,,,64109820.0,0.0,0,2056060.0,15,87950.0,9600.0,640.0,320.0,40.0
2017022N,23/02/2017,"13,15,16,32,34,46",10,,,70561689.0,0.0,0,3717370.0,10,103040.0,9600.0,640.0,320.0,40.0
2017023N,25/02/2017,"4,12,19,20,25,26",8,,,78285538.0,0.0,0,448840.0,65,44200.0,9600.0,640.0,320.0,40.0
2017024N,28/02/2017,"15,20,24,34,42,44",7,,,113255035.0,75969490.0,10,1586860.0,35,108100.0,9600.0,640.0,320.0,40.0
2017025N,02/03/2017,"6,13,31,42,43,45",34,,,36654865.0,0.0,0,932400.0,20,102530.0,9600.0,640.0,320.0,40.0
2017026N,04/03/2017,"10,18,22,23,29,32",45,,,40562217.0,0.0,0,1228690.0,15,63660.0,9600.0,640.0,320.0,40.0
2017027N,07/03/2017,"2,14,18,19,40,43",42,,,52372640.0,0.0,0,1865690.0,15,128660.0,9600.0,640.0,320.0,40.0
2017028N,09/03/2017,"17,19,25,35,41,44",26,,,55782954.0,0.0,0,0.0,0,95830.0,9600.0,640.0,320.0,40.0
2017029N,11/03/2017,"1,4,20,27,32,39",15,,,61983723.0,0.0,0,1230890.0,25,87760.0,9600.0,640.0,320.0,40.0
2017030N,14/03/2017,"2,32,33,35,36,44",48,,,82546465.0,54978560.0,5,1642850.0,25,91650.0,9600.0,640.0,320.0,40.0
2017031N,16/03/2017,"1,2,11,19,40,48",4,,,59044186.0,0.0,0,1810530.0,15,97860.0,9600.0,640.0,320.0,40.0
2017032N,18/03/2017,"2,13,17,23,30,46",8,,,61739371.0,44284630.0,10,1153050.0,25,105300.0,9600.0,640.0,320.0,40.0
2017033N,21/03/2017,"8,12,20,25,37,46",2,,,38634057.0,0.0,0,1136820.0,15,65420.0,9600.0,640.0,320.0,40.0
2017034N,23/03/2017,"5,14,17,33,41,47",16,,,41299252.0,0.0,0,0.0,0,76600.0,9600.0,640.0,320.0,40.0
2017035N,25/03/2017,"9,10,23,30,38,48",16,,,46274838.0,0.0,0,594800.0,30,52000.0,9600.0,640.0,320.0,40.0
2017036N,28/03/2017,"2,9,21,35,36,40",44,,,54942577.0,0.0,0,2748570.0,5,89930.0,9600.0,640.0,320.0,40.0
2017037N,30/03/2017,"18,19,21,30,38,48",7,,,59675115.0,0.0,0,769770.0,35,69080.0,9600.0,640.0,320.0,40.0
2017038N,01/04/2017,"7,17,20,34,36,44",23,,,63696496.0,47474300.0,10,1357600.0,20,60080.0,9600.0,640.0,320.0,40.0
2017039N,04/04/2017,"3,9,19,33,40,41",26,,,36344665.0,0.0,0,548170.0,30,56950.0,9600.0,640.0,320.0,40.0
2017040N,06/04/2017,"4,21,24,39,45,46",40,,,41698414.0,0.0,0,2196130.0,5,97600.0,9600.0,640.0,320.0,40.0
2017041N,08/04/2017,"2,11,14,20,27,30",19,,,45099044.0,0.0,0,617370.0,30,48900.0,9600.0,640.0,320.0,40.0
2017042N,11/04/2017,"14,17,22,29,30,31",38,,,53306201.0,0.0,0,1325080.0,20,88330.0,9600.0,640.0,320.0,40.0
2017043N,13/04/2017,"4,10,25,26,38,49",34,,,55933853.0,0.0,0,2658650.0,10,79660.0,9600.0,640.0,320.0,40.0
2017044N,15/04/2017,"1,4,5,29,33,44",39,,,57692584.0,0.0,0,1344490.0,20,91340.0,9600.0,640.0,320.0,40.0
2017045N,18/04/2017,"4,10,11,18,29,38",28,,,75375397.0,0.0,0,514800.0,50,36700.0,9600.0,640.0,320.0,40.0
2017046N,22/04/2017,"1,9,11,23,29,34",6,,,104475454.0,32026120.0,20,410880.0,90,44120.0,9600.0,640.0,320.0,40.0
2017047N,25/04/2017,"1,21,22,45,46,49",14,,,36181344.0,0.0,0,1887440.0,10,92350.0,9600.0,640.0,320.0,40.0
2017048N,27/04/2017,"16,17,21,42,48,49",37,,,40652334.0,0.0,0,1034720.0,20,129840.0,9600.0,640.0,320.0,40.0
2017049N,29/04/2017,"5,8,14,22,31,48",33,,,45770522.0,20574610.0,10,2122080.0,5,91270.0,9600.0,640.0,320.0,40.0
2017050N,02/05/2017,"1,20,22,27,31,41",2,,,37166141.0,0.0,0,0.0,0,110270.0,9600.0,640.0,320.0,40.0
2017051N,04/05/2017,"4,17,21,32,36,46",27,,,39950646.0,15773210.0,10,1304640.0,15,92360.0,9600.0,640.0,320.0,40.0
2017052N,06/05/2017,"1,3,9,13,34,35",27,,,32839719.0,8000000.0,10,1178300.0,10,38790.0,9600.0,640.0,320.0,40.0
2017053N,09/05/2017,"6,22,23,31,36,45",12,,,36568136.0,0.0,0,1715760.0,10,122000.0,9600.0,640.0,320.0,40.0
2017054N,11/05/2017,"9,16,22,38,40,46",11,,,39023808.0,0.0,0,0.0,0,72020.0,9600.0,640.0,320.0,40.0
2017055N,14/05/2017,"1,7,12,18,27,33",20,,,47536934.0,10203960.0,20,417310.0,40,36480.0,9600.0,640.0,320.0,40.0
2017056N,16/05/2017,"1,5,7,9,10,15",3,,,33492275.0,2000000.0,40,38400.0,1047,19200.0,9600.0,640.0,320.0,40.0
2017057N,18/05/2017,"7,11,20,28,41,49",32,,,33568564.0,8000000.0,10,537570.0,30,71080.0,9600.0,640.0,320.0,40.0
2017058N,20/05/2017,"2,3,17,34,38,48",14,,,31731074.0,0.0,0,365560.0,40,73570.0,9600.0,640.0,320.0,40.0
2017059N,23/05/2017,"7,13,17,23,29,46",49,,,40561450.0,13625680.0,5,1875220.0,10,61350.0,9600.0,640.0,320.0,40.0
2017060N,25/05/2017,"23,26,27,39,40,48",7,,,37325476.0,0.0,0,994190.0,20,120500.0,9600.0,640.0,320.0,40.0
2017061N,27/05/2017,"5,7,18,22,33,43",27,,,40808350.0,0.0,0,510000.0,30,51970.0,9600.0,640.0,320.0,40.0
2017062N,30/05/2017,"14,18,27,32,37,38",1,,,49604970.0,16389320.0,15,2405320.0,10,104290.0,9600.0,640.0,320.0,40.0
2017063N,01/06/2017,"4,18,23,28,36,45",33,,,33612316.0,0.0,0,1522750.0,5,95540.0,9600.0,640.0,320.0,40.0
2017064N,03/06/2017,"11,15,24,25,33,40",42,,,38140122.0,0.0,0,1805810.0,5,90850.0,9600.0,640.0,320.0,40.0
2017065N,06/06/2017,"8,24,26,30,47,49",35,,,47430443.0,0.0,0,1371080.0,15,75640.0,9600.0,640.0,320.0,40.0
2017066N,08/06/2017,"8,11,15,23,24,29",6,,,48373578.0,0.0,0,571980.0,30,38610.0,9600.0,640.0,320.0,40.0
2017067N,10/06/2017,"1,13,18,23,30,44",42,,,52976095.0,0.0,0,0.0,0,74100.0,9600.0,640.0,320.0,40.0
2017068N,13/06/2017,"21,23,27,34,46,49",44,,,62947810.0,0.0,0,809000.0,40,93790.0,9600.0,640.0,320.0,40.0
2017069N,15/06/2017,"1,2,5,12,18,19",44,,,76401765.0,15617750.0,35,1103080.0,25,19680.0,9600.0,640.0,320.0,40.0
2017070N,17/06/2017,"9,34,39,42,46,49",32,,,31183550.0,0.0,0,0.0,0,133160.0,9600.0,640.0,320.0,40.0
2017071N,20/06/2017,"15,18,20,25,35,45",34,,,43315812.0,0.0,0,0.0,0,19200.0,9600.0,640.0,320.0,40.0
2017072N,22/06/2017,"18,20,21,27,31,49",45,,,46927234.0,0.0,0,0.0,0,98110.0,9600.0,640.0,320.0,40.0
2017073N,24/06/2017,"3,28,30,32,37,42",11,,,52015857.0,0.0,0,2538060.0,10,74370.0,9600.0,640.0,320.0,40.0
2017074N,27/06/2017,"12,24,30,40,44,48",8,,,65000656.0,41734010.0,10,805480.0,35,70260.0,9600.0,640.0,320.0,40.0
2017075N,29/06/2017,"11,16,26,27,29,37",19,,,33368013.0,8000000.0,10,1484210.0,5,86980.0,9600.0,640.0,320.0,40.0
2017076N,02/07/2017,"4,9,27,33,39,42",35,,,35454500.0,8000000.0,10,1738040.0,5,79220.0,9600.0,640.0,320.0,40.0
2017077N,04/07/2017,"2,5,15,26,27,38",18,,,34828698.0,0.0,0,489940.0,30,52610.0,9600.0,640.0,320.0,40.0
2017078N,06/07/2017,"2,6,7,8,10,30",28,,,39839313.0,0.0,0,38400.0,70,19200.0,9600.0,640.0,320.0,40.0
2017079N,08/07/2017,"3,8,11,21,36,48",37,,,40821749.0,0.0,0,595800.0,30,64410.0,9600.0,640.0,320.0,40.0
2017080N,11/07/2017,"1,11,20,22,43,45",35,,,53866922.0,21404610.0,5,2485880.0,10,106060.0,9600.0,640.0,320.0,40.0
2017081N,13/07/2017,"4,5,25,27,29,41",18,,,42754867.0,0.0,0,1003970.0,20,83010.0,9600.0,640.0,320.0,40.0
2017082N,15/07/2017,"29,34,35,42,43,48",26,,,45719285.0,0.0,0,822360.0,30,115410.0,9600.0,640.0,320.0,40.0
2017083N,18/07/2017,"6,14,32,33,40,46",10,SMR,暑期金多寶,150335927.0,54696480.0,15,1632940.0,45,87470.0,9600.0,640.0,320.0,40.0
2017084N,20/07/2017,"5,9,12,25,26,34",21,,,34643428.0,8000000.0,10,0.0,0,35490.0,9600.0,640.0,320.0,40.0
2017085N,22/07/2017,"4,6,27,36,47,49",3,,,34165308.0,0.0,0,1543500.0,10,81500.0,9600.0,640.0,320.0,40.0
2017086N,25/07/2017,"8,9,15,33,37,47",1,,,41689311.0,0.0,0,738470.0,25,80700.0,9600.0,640.0,320.0,40.0
2017087N,27/07/2017,"3,4,31,37,42,44",40,,,44163142.0,0.0,0,2386190.0,10,124760.0,9600.0,640.0,320.0,40.0
2017088N,30/07/2017,"11,15,25,30,37,43",17,,,55159119.0,0.0,0,618810.0,45,111660.0,9600.0,640.0,320.0,40.0
2017089N,01/08/2017,"10,25,26,32,36,37",46,,,56709781.0,0.0,0,1140390.0,25,104140.0,9600.0,640.0,320.0,40.0
2017090N,03/08/2017,"6,18,22,24,35,40",36,,,68390732.0,0.0,0,3086500.0,10,60510.0,9600.0,640.0,320.0,40.0
2017091N,05/08/2017,"14,25,32,35,39,48",31,,,78073037.0,59265560.0,5,1653580.0,25,124560.0,9600.0,640.0,320.0,40.0
2017092N,08/08/2017,"8,10,25,28,33,37",7,,,64453525.0,24163490.0,15,440830.0,50,31180.0,9600.0,640.0,320.0,40.0
2017093N,10/08/2017,"18,22,25,32,33,42",29,,,35701146.0,8000000.0,5,651660.0,25,66830.0,9600.0,640.0,320.0,40.0
2017094N,12/08/2017,"3,4,15,25,38,45",28,,,37875840.0,0.0,0,852650.0,20,72750.0,9600.0,640.0,320.0,40.0
2017095N,15/08/2017,"3,4,7,19,20,23",27,,,43866425.0,0.0,0,761350.0,20,27710.0,9600.0,640.0,320.0,40.0
2017096N,17/08/2017,"5,21,24,29,43,44",42,,,47514703.0,21020940.0,5,698750.0,35,140250.0,9600.0,640.0,320.0,40.0
2017097N,19/08/2017,"2,23,32,34,43,45",22,,,41092252.0,10869860.0,15,386280.0,50,51240.0,9600.0,640.0,320.0,40.0
2017098N,22/08/2017,"4,23,24,33,40,43",15,,,35854677.0,8000000.0,10,1720710.0,10,57350.0,9600.0,640.0,320.0,40.0
2017099N,24/08/2017,"4,7,10,21,28,47",17,,,31979171.0,8000000.0,10,720620.0,15,28960.0,9600.0,640.0,320.0,40.0
2017100N,26/08/2017,"16,34,35,36,40,46",31,,,33439871.0,0.0,0,841830.0,20,94520.0,9600.0,640.0,320.0,40.0
2017101N,29/08/2017,"12,24,26,34,44,48",4,,,40988246.0,0.0,0,719520.0,20,59960.0,9600.0,640.0,320.0,40.0
2017102N,31/08/2017,"12,17,18,25,33,37",29,,,42947721.0,0.0,0,1812710.0,10,57540.0,9600.0,640.0,320.0,40.0
2017103N,02/09/2017,"1,5,11,23,24,27",15,,,47019758.0,22577500.0,10,321480.0,50,27830.0,9600.0,640.0,320.0,40.0
2017104N,05/09/2017,"1,2,8,30,39,43",19,,,36484657.0,0.0,0,471070.0,35,77810.0,9600.0,640.0,320.0,40.0
2017105N,07/09/2017,"10,19,27,29,41,46",17,,,40190424.0,0.0,0,1414100.0,15,168840.0,9600.0,640.0,320.0,40.0
2017106N,09/09/2017,"4,7,18,23,29,39",49,,,42184167.0,0.0,0,862700.0,20,52580.0,9600.0,640.0,320.0,40.0
2017107N,12/09/2017,"21,23,30,38,44,49",37,,,50848030.0,0.0,0,2742940.0,10,130610.0,9600.0,640.0,320.0,40.0
2017108N,14/09/2017,"25,26,34,41,42,49",1,,,54166628.0,0.0,0,1391990.0,20,100320.0,9600.0,640.0,320.0,40.0
2017109N,17/09/2017,"3,12,16,23,36,47",33,,,66269914.0,44795760.0,10,1156690.0,25,64800.0,9600.0,640.0,320.0,40.0
2017110N,19/09/2017,"7,11,12,30,34,36",17,,,34604815.0,0.0,0,1508730.0,5,49670.0,9600.0,640.0,320.0,40.0
2017111N,21/09/2017,"1,3,4,5,32,39",10,,,44130809.0,0.0,0,444950.0,30,36690.0,9600.0,640.0,320.0,40.0
2017112N,23/09/2017,"1,13,22,25,30,36",4,,,43402275.0,0.0,0,1029900.0,20,93090.0,9600.0,640.0,320.0,40.0
2017113N,26/09/2017,"2,10,19,27,31,33",16,,,52357173.0,0.0,0,801730.0,30,78210.0,9600.0,640.0,320.0,40.0
2017114N,28/09/2017,"7,18,24,26,39,45",44,MAF,中秋金多寶,189394310.0,86837630.0,10,941670.0,95,70260.0,9600.0,640.0,320.0,40.0
2017115N,30/09/2017,"2,11,19,20,33,49",6,,,32087943.0,0.0,0,0.0,0,79480.0,9600.0,640.0,320.0,40.0
2017116N,02/10/2017,"1,8,19,22,35,46",30,,,30596316.0,0.0,0,1394970.0,10,82660.0,9600.0,640.0,320.0,40.0
2017117N,04/10/2017,"10,16,22,23,26,46",25,,,47320438.0,0.0,0,2210090.0,5,74600.0,9600.0,640.0,320.0,40.0
2017118N,07/10/2017,"3,6,24,38,45,48",5,,,55042051.0,0.0,0,0.0,0,82060.0,9600.0,640.0,320.0,40.0
2017119N,10/10/2017,"6,17,22,26,32,45",24,,,63994978.0,0.0,0,2117440.0,15,91070.0,9600.0,640.0,320.0,40.0
2017120N,12/10/2017,"1,6,8,11,12,16",41,,,74758246.0,17493650.0,25,205600.0,40,19200.0,9600.0,640.0,320.0,40.0
2017121N,17/10/2017,"2,4,19,30,35,47",25,,,45912078.0,8000000.0,10,2279500.0,10,117570.0,9600.0,640.0,320.0,40.0
2017122N,19/10/2017,"8,12,19,24,28,49",37,,,36070891.0,0.0,0,960000.0,15,43380.0,9600.0,640.0,320.0,40.0
2017123N,21/10/2017,"8,16,18,30,43,45",27,,,38054958.0,0.0,0,1865690.0,10,93870.0,9600.0,640.0,320.0,40.0
2017124N,24/10/2017,"1,8,9,16,29,42",49,,,50881343.0,0.0,0,922840.0,20,48250.0,9600.0,640.0,320.0,40.0
2017125N,26/10/2017,"4,5,20,29,35,38",36,,,48935745.0,13510260.0,20,1971600.0,10,98820.0,9600.0,640.0,320.0,40.0
2017126N,28/10/2017,"7,16,18,22,26,44",9,,,32477334.0,0.0,0,532990.0,25,102990.0,9600.0,640.0,320.0,40.0
2017127N,31/10/2017,"21,26,29,35,45,49",41,STE,萬聖節金多寶,131663803.0,29141590.0,20,1352210.0,50,95900.0,9600.0,640.0,320.0,40.0
2017128N,02/11/2017,"5,18,20,32,36,40",7,,,33978346.0,0.0,0,1729580.0,10,76230.0,9600.0,640.0,320.0,40.0
2017129N,04/11/2017,"23,30,32,33,43,44",28,,,37018582.0,13039520.0,10,559940.0,30,47150.0,9600.0,640.0,320.0,40.0
2017130N,07/11/2017,"3,18,19,35,38,40",48,,,37342256.0,0.0,0,888440.0,20,78970.0,9600.0,640.0,320.0,40.0
2017131N,09/11/2017,"3,32,36,46,48,49",29,,,40151259.0,0.0,0,0.0,0,95750.0,9600.0,640.0,320.0,40.0
2017132N,12/11/2017,"12,16,22,28,36,37",45,,,45967963.0,22219080.0,10,2058500.0,5,58080.0,9600.0,640.0,320.0,40.0
2017133N,14/11/2017,"1,15,20,28,33,43",18,,,34267931.0,0.0,0,0.0,0,91130.0,9600.0,640.0,320.0,40.0
2017134N,16/11/2017,"3,8,20,34,40,46",24,,,40617253.0,0.0,0,0.0,0,106820.0,9600.0,640.0,320.0,40.0
2017135N,18/11/2017,"19,24,26,30,36,41",43,,,44327263.0,0.0,0,2285950.0,10,102450.0,9600.0,640.0,320.0,40.0
2017136N,21/11/2017,"8,27,30,35,36,43",31,,,55940621.0,0.0,0,2837040.0,10,119140.0,9600.0,640.0,320.0,40.0
2017137N,23/11/2017,"3,4,30,37,39,42",32,,,60479133.0,0.0,0,2083430.0,15,147490.0,9600.0,640.0,320.0,40.0
2017138N,25/11/2017,"5,13,16,28,40,41",2,,,70198688.0,53133200.0,10,1381910.0,25,71690.0,9600.0,640.0,320.0,40.0
2017139N,28/11/2017,"6,8,9,23,36,40",19,,,35912158.0,8000000.0,10,572850.0,20,25000.0,9600.0,640.0,320.0,40.0
2017140N,30/11/2017,"4,10,32,35,38,47",49,,,34286494.0,0.0,0,0.0,0,122680.0,9600.0,640.0,320.0,40.0
2017141N,02/12/2017,"7,14,19,27,28,38",46,,,39839676.0,0.0,0,723270.0,25,73160.0,9600.0,640.0,320.0,40.0
2017142N,05/12/2017,"7,9,14,18,20,44",29,,,49146647.0,0.0,0,742330.0,30,72860.0,9600.0,640.0,320.0,40.0
2017143N,07/12/2017,"1,25,34,37,39,47",18,,,50552692.0,0.0,0,2635980.0,10,114290.0,9600.0,640.0,320.0,40.0
2017144N,09/12/2017,"22,24,29,35,38,48",30,,,53979761.0,0.0,0,564550.0,45,100360.0,9600.0,640.0,320.0,40.0
2017145N,12/12/2017,"4,15,29,34,38,48",30,,,69595933.0,0.0,0,3559550.0,5,109100.0,9600.0,640.0,320.0,40.0
2017146N,14/12/2017,"7,10,20,25,34,35",8,,,79279954.0,0.0,0,856180.0,40,75780.0,9600.0,640.0,320.0,40.0
2017147N,16/12/2017,"1,3,6,9,24,28",36,,,96228613.0,15334100.0,42,113710.0,125,19200.0,9600.0,640.0,320.0,40.0
2017148N,19/12/2017,"3,9,33,38,44,49",24,,,36736854.0,0.0,0,1609870.0,10,63600.0,9600.0,640.0,320.0,40.0
2017149N,21/12/2017,"14,21,22,28,30,47",3,,,40660564.0,0.0,0,1001060.0,20,90490.0,9600.0,640.0,320.0,40.0
2017150N,24/12/2017,"1,16,26,34,39,47",11,,,50503423.0,21996370.0,5,1775550.0,15,146430.0,9600.0,640.0,320.0,40.0
2017151N,26/12/2017,"2,7,16,28,30,37",12,,,37174704.0,0.0,0,439240.0,35,58150.0,9600.0,640.0,320.0,40.0
2017152N,28/12/2017,"15,17,23,40,44,46",11,,,47308642.0,0.0,0,1598230.0,15,108350.0,9600.0,640.0,320.0,40.0
2017153N,30/12/2017,"1,13,22,25,36,38",37,,,51884092.0,0.0,0,2290600.0,5,62320.0,9600.0,640.0,320.0,40.0
2018001N,02/01/2018,"12,18,28,35,39,42",36,SBD,新年金多寶,145763989.0,0.0,0,675510.0,95,55650.0,9600.0,640.0,320.0,40.0
2018002N,06/01/2018,"1,12,21,31,36,49",23,,,164908289.0,0.0,0,736180.0,100,63380.0,9600.0,640.0,320.0,40.0
2018003N,11/01/2018,"3,29,31,43,47,49",19,,,299282268.0,133929720.0,5,1486390.0,100,95850.0,9600.0,640.0,320.0,40.0
2018004N,16/01/2018,"2,21,27,30,36,37",4,,,192735991.0,95877600.0,5,1606260.0,60,106330.0,9600.0,640.0,320.0,40.0
2018005N,20/01/2018,"2,5,23,24,27,34",8,,,137575334.0,65555960.0,10,434990.0,135,78100.0,9600.0,640.0,320.0,40.0
2018006N,23/01/2018,"3,20,27,32,37,41",44,,,43225448.0,8000000.0,10,768110.0,30,124130.0,9600.0,640.0,320.0,40.0
2018007N,25/01/2018,"3,14,23,36,40,47",20,,,39283084.0,0.0,0,2026460.0,10,120080.0,9600.0,640.0,320.0,40.0
2018008N,27/01/2018,"8,17,26,33,43,45",40,,,42332069.0,0.0,0,2014220.0,10,42220.0,9600.0,640.0,320.0,40.0
2018009N,30/01/2018,"4,7,11,12,40,49",25,,,51095871.0,0.0,0,435760.0,45,48190.0,9600.0,640.0,320.0,40.0
2018010N,01/02/2018,"20,23,26,29,47,49",39,,,52721204.0,0.0,0,1347980.0,20,115020.0,9600.0,640.0,320.0,40.0
2018011N,03/02/2018,"2,4,12,25,40,49",8,,,58822754.0,0.0,0,791470.0,30,65950.0,9600.0,640.0,320.0,40.0
2018012N,06/02/2018,"3,19,26,28,35,48",32,,,73571643.0,30183640.0,15,1126540.0,30,62360.0,9600.0,640.0,320.0,40.0
2018013N,08/02/2018,"13,16,22,28,37,41",34,,,38034160.0,0.0,0,956200.0,20,76680.0,9600.0,640.0,320.0,40.0
2018014N,11/02/2018,"1,2,9,27,33,45",38,,,47976374.0,13798280.0,10,1932760.0,10,58760.0,9600.0,640.0,320.0,40.0
2018015N,13/02/2018,"2,9,18,27,32,42",12,,,37860539.0,0.0,0,1329120.0,10,37900.0,9600.0,640.0,320.0,40.0
2018016N,15/02/2018,"1,19,21,32,43,45",34,,,45187222.0,0.0,0,1184800.0,20,120360.0,9600.0,640.0,320.0,40.0
2018017N,20/02/2018,"3,5,25,42,43,44",2,CNY,新春金多寶,127358051.0,66777930.0,10,962970.0,65,74010.0,9600.0,640.0,320.0,40.0
2018018N,22/02/2018,"4,12,19,20,30,39",5,,,36334791.0,0.0,0,977220.0,15,54290.0,9600.0,640.0,320.0,40.0
2018019N,24/02/2018,"17,20,34,38,42,45",5,,,42756867.0,0.0,0,1461910.0,15,125750.0,9600.0,640.0,320.0,40.0
2018020N,27/02/2018,"13,24,28,31,41,43",16,,,55178671.0,22968230.0,5,1864350.0,15,78910.0,9600.0,640.0,320.0,40.0
2018021N,01/03/2018,"2,14,15,17,18,29",1,,,47674572.0,0.0,0,2081300.0,5,94870.0,9600.0,640.0,320.0,40.0
2018022N,04/03/2018,"6,10,11,23,28,43",21,,,54247972.0,24530570.0,10,768250.0,25,33040.0,9600.0,640.0,320.0,40.0
2018023N,06/03/2018,"2,11,17,19,35,37",20,,,37784405.0,0.0,0,903510.0,20,73010.0,9600.0,640.0,320.0,40.0
2018024N,08/03/2018,"1,6,30,43,44,48",7,,,43406046.0,0.0,0,1096580.0,20,125770.0,9600.0,640.0,320.0,40.0
2018025N,10/03/2018,"7,18,19,26,27,39",2,,,45990430.0,20312760.0,10,637020.0,30,73320.0,9600.0,640.0,320.0,40.0
2018026N,13/03/2018,"5,16,20,25,34,42",2,,,40174002.0,0.0,0,584360.0,30,54350.0,9600.0,640.0,320.0,40.0
2018027N,15/03/2018,"13,16,25,35,38,49",33,,,42687092.0,0.0,0,1042090.0,20,82330.0,9600.0,640.0,320.0,40.0
2018028N,17/03/2018,"4,6,23,33,40,47",30,,,45772652.0,0.0,0,2287060.0,10,87120.0,9600.0,640.0,320.0,40.0
2018029N,20/03/2018,"3,22,27,29,42,45",10,,,55934392.0,0.0,0,2609470.0,5,80910.0,9600.0,640.0,320.0,40.0
2018030N,22/03/2018,"10,18,21,29,33,46",36,,,60309832.0,0.0,0,1514820.0,20,95610.0,9600.0,640.0,320.0,40.0
2018031N,24/03/2018,"12,19,23,28,35,45",6,,,66167891.0,0.0,0,2847970.0,10,52740.0,9600.0,640.0,320.0,40.0
2018032N,29/03/2018,"5,12,24,27,30,47",43,,,125802010.0,32686570.0,20,686010.0,85,78730.0,9600.0,640.0,320.0,40.0
2018033N,31/03/2018,"9,13,16,18,19,34",21,,,31938700.0,0.0,0,704700.0,20,90560.0,9600.0,640.0,320.0,40.0
2018034N,03/04/2018,"21,29,31,41,46,49",36,,,42758595.0,0.0,0,1073600.0,20,103160.0,9600.0,640.0,320.0,40.0
2018035N,05/04/2018,"19,24,29,39,40,42",30,,,46092385.0,20929530.0,5,1081310.0,20,73460.0,9600.0,640.0,320.0,40.0
2018036N,07/04/2018,"4,20,23,27,31,43",3,,,43319236.0,0.0,0,2000140.0,10,86720.0,9600.0,640.0,320.0,40.0
2018037N,10/04/2018,"1,15,23,34,43,48",25,,,53744915.0,0.0,0,2745580.0,10,110930.0,9600.0,640.0,320.0,40.0
2018038N,12/04/2018,"1,2,9,11,37,41",18,,,59196875.0,0.0,0,676940.0,35,50540.0,9600.0,640.0,320.0,40.0
2018039N,14/04/2018,"12,14,15,36,38,40",42,,,61591369.0,0.0,0,670480.0,45,98230.0,9600.0,640.0,320.0,40.0
2018040N,17/04/2018,"3,8,16,22,28,32",24,,,80912775.0,47483090.0,5,232340.0,95,19200.0,9600.0,640.0,320.0,40.0
2018041N,19/04/2018,"20,21,33,40,45,49",43,,,59701923.0,32329980.0,10,715700.0,40,125150.0,9600.0,640.0,320.0,40.0
2018042N,22/04/2018,"10,14,28,30,42,44",35,,,37262668.0,8000000.0,10,1819260.0,10,116900.0,9600.0,640.0,320.0,40.0
2018043N,24/04/2018,"12,20,21,28,33,41",9,,,35967154.0,0.0,0,819210.0,20,71040.0,9600.0,640.0,320.0,40.0
2018044N,26/04/2018,"8,12,20,33,35,45",42,,,41942057.0,0.0,0,1330180.0,15,83130.0,9600.0,640.0,320.0,40.0
2018045N,28/04/2018,"2,15,17,18,21,44",14,,,45168809.0,0.0,0,2240180.0,10,111660.0,9600.0,640.0,320.0,40.0
2018046N,01/05/2018,"1,5,10,20,21,25",43,,,53566003.0,0.0,0,510860.0,35,19240.0,9600.0,640.0,320.0,40.0
2018047N,03/05/2018,"12,24,30,31,32,34",41,,,57668253.0,34037480.0,10,885210.0,30,85320.0,9600.0,640.0,320.0,40.0
2018048N,05/05/2018,"3,24,40,44,45,49",8,,,34081871.0,8000000.0,10,389940.0,40,66540.0,9600.0,640.0,320.0,40.0
2018049N,08/05/2018,"3,14,18,28,31,40",38,,,38567396.0,8000000.0,5,1795690.0,5,112670.0,9600.0,640.0,320.0,40.0
2018050N,10/05/2018,"12,19,25,31,36,49",11,,,39140482.0,0.0,0,1877040.0,10,87810.0,9600.0,640.0,320.0,40.0
2018051N,13/05/2018,"1,6,9,19,21,23",43,,,45831918.0,4279170.0,35,635440.0,5,19200.0,9600.0,640.0,320.0,40.0
2018052N,15/05/2018,"5,8,9,19,32,44",39,,,35243584.0,8000000.0,10,518890.0,30,69180.0,9600.0,640.0,320.0,40.0
2018053N,17/05/2018,"3,16,23,30,43,46",26,,,35467897.0,0.0,0,0.0,0,75940.0,9600.0,640.0,320.0,40.0
2018054N,19/05/2018,"14,23,29,36,37,47",25,,,39899866.0,0.0,0,670390.0,30,105160.0,9600.0,640.0,320.0,40.0
2018055N,22/05/2018,"7,12,14,22,31,33",38,,,47892008.0,0.0,0,2008380.0,5,75960.0,9600.0,640.0,320.0,40.0
2018056N,24/05/2018,"4,5,7,11,12,13",18,,,50418111.0,3722560.0,65,52770.0,90,19200.0,9600.0,640.0,320.0,40.0
2018057N,26/05/2018,"1,12,22,40,42,44",28,,,32063463.0,0.0,0,1538710.0,10,88240.0,9600.0,640.0,320.0,40.0
2018058N,29/05/2018,"3,6,11,22,45,46",1,,,42824104.0,0.0,0,1851220.0,10,91410.0,9600.0,640.0,320.0,40.0
2018059N,31/05/2018,"3,5,28,33,40,49",32,,,44606628.0,19705620.0,10,1025320.0,20,88200.0,9600.0,640.0,320.0,40.0
2018060N,02/06/2018,"4,15,30,33,38,41",16,,,33133513.0,0.0,0,0.0,0,120300.0,9600.0,640.0,320.0,40.0
2018061N,05/06/2018,"6,10,24,34,40,45",9,,,44580299.0,0.0,0,1021360.0,20,87850.0,9600.0,640.0,320.0,40.0
2018062N,07/06/2018,"5,32,34,36,38,43",25,,,45474002.0,22308460.0,10,1431870.0,15,79000.0,9600.0,640.0,320.0,40.0
2018063N,09/06/2018,"11,23,35,41,46,49",47,,,33720272.0,0.0,0,853450.0,20,115230.0,9600.0,640.0,320.0,40.0
2018064N,12/06/2018,"30,31,34,40,41,42",33,,,42205621.0,0.0,0,569440.0,35,48310.0,9600.0,640.0,320.0,40.0
2018065N,14/06/2018,"2,10,24,28,35,39",27,,,45839309.0,20389220.0,10,277480.0,77,79680.0,9600.0,640.0,320.0,40.0
2018066N,17/06/2018,"1,7,20,21,35,48",22,,,36416856.0,8000000.0,10,1432920.0,10,51290.0,9600.0,640.0,320.0,40.0
2018067N,19/06/2018,"2,7,21,31,33,42",24,,,32836452.0,0.0,0,0.0,0,90400.0,9600.0,640.0,320.0,40.0
2018068N,21/06/2018,"16,23,24,31,33,34",18,,,40111452.0,15061670.0,10,605700.0,30,58030.0,9600.0,640.0,320.0,40.0
2018069N,23/06/2018,"2,9,16,18,24,46",47,,,31438747.0,8000000.0,10,1484890.0,10,78410.0,9600.0,640.0,320.0,40.0
2018070N,26/06/2018,"7,8,12,17,33,42",26,,,36758876.0,0.0,0,648870.0,20,48060.0,9600.0,640.0,320.0,40.0
2018071N,28/06/2018,"6,13,23,29,38,45",41,,,39406627.0,0.0,0,472180.0,40,71440.0,9600.0,640.0,320.0,40.0
2018072N,30/06/2018,"5,6,16,18,30,32",27,,,42007464.0,0.0,0,1634120.0,10,31690.0,9600.0,640.0,320.0,40.0
2018073N,03/07/2018,"3,21,22,41,45,49",10,,,50608349.0,0.0,0,2546760.0,10,98420.0,9600.0,640.0,320.0,40.0
2018074N,05/07/2018,"1,13,20,34,38,40",29,,,55411514.0,17198000.0,20,1364520.0,20,83640.0,9600.0,640.0,320.0,40.0
2018075N,07/07/2018,"8,17,20,26,40,46",19,,,32927491.0,0.0,0,0.0,0,118200.0,9600.0,640.0,320.0,40.0
2018076N,10/07/2018,"6,8,29,38,41,49",2,,,45354928.0,0.0,0,1423250.0,15,89650.0,9600.0,640.0,320.0,40.0
2018077N,12/07/2018,"1,5,7,8,30,33",22,,,47050151.0,0.0,0,308270.0,45,20210.0,9600.0,640.0,320.0,40.0
2018078N,14/07/2018,"7,13,22,27,33,36",45,,,48689954.0,0.0,0,699910.0,30,48260.0,9600.0,640.0,320.0,40.0
2018079N,17/07/2018,"6,10,32,36,41,48",47,SMR,暑期金多寶,153065101.0,82939250.0,10,1699200.0,45,86210.0,9600.0,640.0,320.0,40.0
2018080N,19/07/2018,"12,16,23,25,40,42",20,,,34471808.0,0.0,0,0.0,0,81900.0,9600.0,640.0,320.0,40.0
2018081N,21/07/2018,"13,14,15,37,38,44",40,,,41170279.0,0.0,0,1596690.0,10,23920.0,9600.0,640.0,320.0,40.0
2018082N,24/07/2018,"2,16,17,27,32,37",12,,,49746773.0,21063850.0,5,368360.0,60,61390.0,9600.0,640.0,320.0,40.0
2018083N,26/07/2018,"22,32,37,44,46,49",38,,,43847504.0,0.0,0,0.0,0,129730.0,9600.0,640.0,320.0,40.0
2018084N,28/07/2018,"5,7,11,26,30,43",17,,,49131719.0,25797520.0,5,987460.0,20,49680.0,9600.0,640.0,320.0,40.0
2018085N,31/07/2018,"24,27,36,43,44,46",30,,,49808124.0,0.0,0,2645330.0,10,114700.0,9600.0,640.0,320.0,40.0
2018086N,02/08/2018,"3,5,11,34,35,45",28,,,52404823.0,0.0,0,2273430.0,5,52260.0,9600.0,640.0,320.0,40.0
2018087N,04/08/2018,"4,15,23,34,37,48",30,,,57867403.0,0.0,0,0.0,0,97070.0,9600.0,640.0,320.0,40.0
2018088N,07/08/2018,"4,21,25,39,46,47",12,,,77531707.0,0.0,0,1982660.0,20,122240.0,9600.0,640.0,320.0,40.0
2018089N,09/08/2018,"8,10,11,20,21,34",13,,,88736859.0,0.0,0,1233410.0,30,52480.0,9600.0,640.0,320.0,40.0
2018090N,11/08/2018,"1,11,25,38,47,49",37,,,106234298.0,51333300.0,15,737250.0,60,46990.0,9600.0,640.0,320.0,40.0
2018091N,14/08/2018,"32,37,38,42,43,49",24,,,38520803.0,0.0,0,1011740.0,20,63110.0,9600.0,640.0,320.0,40.0
2018092N,16/08/2018,"9,13,16,27,29,41",37,,,42465474.0,9202840.0,15,1934750.0,10,53180.0,9600.0,640.0,320.0,40.0
2018093N,18/08/2018,"2,14,24,37,42,47",20,,,36081968.0,0.0,0,1957200.0,10,125760.0,9600.0,640.0,320.0,40.0
2018094N,21/08/2018,"3,10,18,28,40,47",4,,,44522637.0,0.0,0,0.0,0,83330.0,9600.0,640.0,320.0,40.0
2018095N,23/08/2018,"12,14,22,30,38,44",34,,,47899633.0,22621950.0,5,874620.0,25,57730.0,9600.0,640.0,320.0,40.0
2018096N,25/08/2018,"3,4,19,28,31,48",27,,,43510767.0,17372290.0,10,0.0,0,108840.0,9600.0,640.0,320.0,40.0
2018097N,28/08/2018,"9,18,26,30,36,46",2,,,37295219.0,0.0,0,303780.0,50,57450.0,9600.0,640.0,320.0,40.0
2018098N,30/08/2018,"4,15,21,23,44,46",13,,,39930583.0,0.0,0,0.0,0,109350.0,9600.0,640.0,320.0,40.0
2018099N,01/09/2018,"10,13,20,26,35,45",37,,,45175138.0,0.0,0,1126340.0,20,81170.0,9600.0,640.0,320.0,40.0
2018100N,04/09/2018,"4,5,33,36,44,47",13,,,57383519.0,0.0,0,701220.0,40,106850.0,9600.0,640.0,320.0,40.0
2018101N,06/09/2018,"17,26,30,33,38,49",47,,,61961408.0,0.0,0,968550.0,30,112290.0,9600.0,640.0,320.0,40.0
2018102N,08/09/2018,"7,9,12,18,41,46",33,,,69596473.0,0.0,0,1574870.0,20,78490.0,9600.0,640.0,320.0,40.0
2018103N,11/09/2018,"31,36,38,45,47,49",37,,,95671770.0,41665410.0,15,498470.0,85,54710.0,9600.0,640.0,320.0,40.0
2018104N,13/09/2018,"14,20,22,39,41,48",35,,,36315128.0,0.0,0,1958130.0,10,111100.0,9600.0,640.0,320.0,40.0
2018105N,15/09/2018,"4,6,11,33,37,48",41,,,38545605.0,0.0,0,1888120.0,10,78060.0,9600.0,640.0,320.0,40.0
2018106N,18/09/2018,"9,11,18,23,32,48",26,,,44773126.0,19088920.0,5,904080.0,20,46810.0,9600.0,640.0,320.0,40.0
2018107N,20/09/2018,"5,6,17,26,40,41",46,MAF,中秋金多寶,152730121.0,41457630.0,20,1273070.0,60,80990.0,9600.0,640.0,320.0,40.0
2018108N,23/09/2018,"2,13,21,23,32,40",30,,,37209774.0,0.0,0,1198130.0,15,91280.0,9600.0,640.0,320.0,40.0
2018109N,25/09/2018,"5,14,20,22,24,48",4,,,39632034.0,0.0,0,0.0,0,106910.0,9600.0,640.0,320.0,40.0
2018110N,27/09/2018,"14,17,30,46,48,49",36,,,48426612.0,0.0,0,2438550.0,10,121540.0,9600.0,640.0,320.0,40.0
2018111N,29/09/2018,"9,31,34,35,37,38",16,,,52478385.0,29648760.0,10,2425630.0,10,43120.0,9600.0,640.0,320.0,40.0
2018112N,02/10/2018,"13,18,23,28,33,49",19,,,36647793.0,8000000.0,5,542950.0,25,19200.0,9600.0,640.0,320.0,40.0
2018113N,04/10/2018,"13,19,34,35,45,46",27,,,38905297.0,0.0,0,0.0,0,52130.0,9600.0,640.0,320.0,40.0
2018114N,06/10/2018,"2,10,35,39,44,49",8,,,44024832.0,0.0,0,2309630.0,10,129660.0,9600.0,640.0,320.0,40.0
2018115N,09/10/2018,"7,9,18,27,44,45",15,,,53975783.0,0.0,0,935340.0,25,27590.0,9600.0,640.0,320.0,40.0
2018116N,11/10/2018,"7,9,19,29,39,42",41,,,56622185.0,10274390.0,30,363180.0,45,19200.0,9600.0,640.0,320.0,40.0
2018117N,14/10/2018,"8,14,21,24,34,43",1,,,36569904.0,0.0,0,378230.0,40,47740.0,9600.0,640.0,320.0,40.0
2018118N,16/10/2018,"7,11,19,32,45,46",37,,,40280013.0,0.0,0,0.0,0,77590.0,9600.0,640.0,320.0,40.0
2018119N,20/10/2018,"10,13,22,25,40,42",5,,,56673773.0,0.0,0,852890.0,30,83200.0,9600.0,640.0,320.0,40.0
2018120N,23/10/2018,"6,17,20,34,36,44",15,,,59120983.0,32435310.0,10,1454710.0,20,93470.0,9600.0,640.0,320.0,40.0
2018121N,25/10/2018,"6,13,20,25,27,29",21,,,34570196.0,0.0,0,1649920.0,10,70390.0,9600.0,640.0,320.0,40.0
2018122N,27/10/2018,"1,5,15,39,45,47",43,,,37596128.0,0.0,0,0.0,0,99520.0,9600.0,640.0,320.0,40.0
2018123N,30/10/2018,"4,7,10,22,34,42",38,STE,萬聖節金多寶,139409881.0,77995180.0,10,1499590.0,40,50940.0,9600.0,640.0,320.0,40.0
2018124N,01/11/2018,"9,13,15,16,20,32",12,,,34315573.0,0.0,0,1586360.0,10,69340.0,9600.0,640.0,320.0,40.0
2018125N,03/11/2018,"4,19,24,38,39,44",46,,,38826786.0,0.0,0,0.0,0,72730.0,9600.0,640.0,320.0,40.0
2018126N,06/11/2018,"1,8,22,23,46,47",12,,,50349422.0,0.0,0,0.0,0,58080.0,9600.0,640.0,320.0,40.0
2018127N,08/11/2018,"9,16,22,24,40,47",17,,,56841719.0,33142540.0,10,733610.0,40,119460.0,9600.0,640.0,320.0,40.0
2018128N,11/11/2018,"6,24,26,36,44,49",8,,,35329061.0,0.0,0,1660960.0,5,92270.0,9600.0,640.0,320.0,40.0
2018129N,13/11/2018,"8,22,30,34,35,37",29,,,41521595.0,0.0,0,2029230.0,10,104060.0,9600.0,640.0,320.0,40.0
2018130N,15/11/2018,"2,10,29,32,40,41",44,,,47672483.0,11485480.0,20,2013190.0,10,138360.0,9600.0,640.0,320.0,40.0
2018131N,17/11/2018,"5,9,12,14,42,43",45,,,33350413.0,8000000.0,10,1502440.0,5,77790.0,9600.0,640.0,320.0,40.0
2018132N,20/11/2018,"4,12,14,17,29,35",38,,,37366055.0,0.0,0,1873350.0,10,112260.0,9600.0,640.0,320.0,40.0
2018133N,22/11/2018,"15,16,18,22,26,48",34,,,40287125.0,0.0,0,0.0,0,81440.0,9600.0,640.0,320.0,40.0
2018134N,24/11/2018,"3,8,13,25,30,34",32,,,43749802.0,0.0,0,719920.0,25,48970.0,9600.0,640.0,320.0,40.0
2018135N,27/11/2018,"7,8,15,27,29,38",39,,,50896557.0,0.0,0,495790.0,40,19210.0,9600.0,640.0,320.0,40.0
2018136N,29/11/2018,"14,25,31,34,36,43",35,,,57384811.0,0.0,0,1129210.0,25,87030.0,9600.0,640.0,320.0,40.0
2018137N,01/12/2018,"2,20,29,32,38,39",47,,,63629516.0,0.0,0,1995980.0,15,84040.0,9600.0,640.0,320.0,40.0
2018138N,04/12/2018,"8,11,14,20,22,31",19,,,84935893.0,0.0,0,396630.0,95,66980.0,9600.0,640.0,320.0,40.0
2018139N,06/12/2018,"8,20,32,40,44,46",34,,,93325843.0,68983460.0,10,2247990.0,20,93300.0,9600.0,640.0,320.0,40.0
2018140N,08/12/2018,"20,27,29,40,45,48",43,,,33230965.0,0.0,0,1849020.0,5,113350.0,9600.0,640.0,320.0,40.0
2018141N,11/12/2018,"7,8,10,20,33,42",22,,,44543443.0,13401630.0,5,746180.0,20,47090.0,9600.0,640.0,320.0,40.0
2018142N,13/12/2018,"1,15,21,23,24,33",39,,,41324095.0,0.0,0,522700.0,35,56400.0,9600.0,640.0,320.0,40.0
2018143N,15/12/2018,"5,10,30,33,36,37",22,,,43207848.0,0.0,0,2026450.0,5,109160.0,9600.0,640.0,320.0,40.0
2018144N,18/12/2018,"1,10,11,13,30,33",45,,,54459223.0,13029820.0,20,1694450.0,5,30360.0,9600.0,640.0,320.0,40.0
2018145N,20/12/2018,"4,7,8,12,13,26",42,,,36297083.0,8000000.0,10,464330.0,20,19200.0,9600.0,640.0,320.0,40.0
2018146N,22/12/2018,"7,20,33,46,48,49",4,,,35124564.0,0.0,0,826620.0,20,87300.0,9600.0,640.0,320.0,40.0
2018147N,25/12/2018,"2,14,16,32,41,47",23,,,43260043.0,0.0,0,0.0,0,94400.0,9600.0,640.0,320.0,40.0
2018148N,27/12/2018,"1,4,17,22,23,35",37,,,47126979.0,0.0,0,0.0,0,72990.0,9600.0,640.0,320.0,40.0
2018149N,30/12/2018,"6,7,13,33,35,46",43,,,57443763.0,0.0,0,892540.0,30,89250.0,9600.0,640.0,320.0,40.0
2019001N,03/01/2019,"8,23,25,30,32,45",24,SBD,新年金多寶,176446163.0,56073510.0,15,765400.0,105,68910.0,9600.0,640.0,320.0,40.0
2019002N,05/01/2019,"12,13,16,19,23,45",2,,,35071980.0,0.0,0,1570090.0,10,100880.0,9600.0,640.0,320.0,40.0
2019003N,08/01/2019,"4,5,12,23,30,40",10,,,46530412.0,0.0,0,370220.0,45,50770.0,9600.0,640.0,320.0,40.0
2019004N,10/01/2019,"6,7,28,31,36,43",23,,,48832550.0,19705660.0,5,745290.0,30,80570.0,9600.0,640.0,320.0,40.0
2019005N,13/01/2019,"10,18,35,37,48,49",27,,,47666641.0,16750570.0,10,656920.0,35,98890.0,9600.0,640.0,320.0,40.0
2019006N,15/01/2019,"10,16,17,33,44,48",7,,,36414274.0,0.0,0,0.0,0,98190.0,9600.0,640.0,320.0,40.0
2019007N,17/01/2019,"16,18,28,35,36,41",37,,,44649754.0,0.0,0,624610.0,35,77210.0,9600.0,640.0,320.0,40.0
2019008N,19/01/2019,"13,24,31,34,44,47",8,,,48310598.0,11627890.0,20,765870.0,30,53510.0,9600.0,640.0,320.0,40.0
2019009N,22/01/2019,"3,19,25,30,33,48",44,,,39346968.0,0.0,0,0.0,0,103170.0,9600.0,640.0,320.0,40.0
2019010N,24/01/2019,"11,18,33,41,43,46",36,,,44236976.0,0.0,0,2293390.0,10,143890.0,9600.0,640.0,320.0,40.0
2019011N,26/01/2019,"14,27,29,41,45,46",21,,,47294425.0,0.0,0,564250.0,45,150460.0,9600.0,640.0,320.0,40.0
2019012N,29/01/2019,"3,10,14,24,32,45",29,,,62109172.0,0.0,0,1059880.0,30,103400.0,9600.0,640.0,320.0,40.0
2019013N,31/01/2019,"18,22,26,31,33,41",27,,,70840561.0,0.0,0,491550.0,65,67080.0,9600.0,640.0,320.0,40.0
2019014N,03/02/2019,"5,6,13,19,34,35",39,,,96735350.0,57113160.0,10,2259450.0,20,76310.0,9600.0,640.0,320.0,40.0
2019015N,06/02/2019,"2,4,11,15,19,29",1,,,40438840.0,0.0,0,238450.0,50,27290.0,9600.0,640.0,320.0,40.0
2019016N,09/02/2019,"1,19,29,34,39,49",43,CNY,新春金多寶,295210446.0,16661140.0,60,426780.0,195,19200.0,9600.0,640.0,320.0,40.0
2019017N,12/02/2019,"9,17,26,31,32,40",27,,,43758050.0,8000000.0,10,712930.0,30,75040.0,9600.0,640.0,320.0,40.0
2019018N,14/02/2019,"5,8,16,20,43,46",11,,,41262549.0,0.0,0,1964380.0,5,94380.0,9600.0,640.0,320.0,40.0
2019019N,16/02/2019,"3,7,8,17,19,23",12,,,44956024.0,0.0,0,165680.0,80,20140.0,9600.0,640.0,320.0,40.0
2019020N,19/02/2019,"2,5,8,13,16,33",41,,,54279391.0,9456870.0,20,992510.0,20,21690.0,9600.0,640.0,320.0,40.0
2019021N,21/02/2019,"16,29,36,39,42,49",34,,,39151016.0,8000000.0,10,0.0,0,76340.0,9600.0,640.0,320.0,40.0
2019022N,23/02/2019,"13,14,15,21,33,49",1,,,37646852.0,0.0,0,921500.0,20,94510.0,9600.0,640.0,320.0,40.0
2019023N,26/02/2019,"9,12,13,19,21,46",15,,,47922981.0,0.0,0,1111200.0,20,89110.0,9600.0,640.0,320.0,40.0
2019024N,28/02/2019,"22,24,25,30,32,43",11,,,50826751.0,22009110.0,10,978920.0,25,67980.0,9600.0,640.0,320.0,40.0
2019025N,03/03/2019,"21,24,26,35,44,47",8,,,39138745.0,0.0,0,1009090.0,20,128130.0,9600.0,640.0,320.0,40.0
2019026N,05/03/2019,"10,16,28,32,34,49",45,,,43441300.0,14621280.0,10,2207090.0,10,95700.0,9600.0,640.0,320.0,40.0
2019027N,07/03/2019,"8,15,17,23,39,44",40,,,36205355.0,8000000.0,5,937540.0,20,96150.0,9600.0,640.0,320.0,40.0
2019028N,09/03/2019,"13,32,34,35,41,46",30,,,36634886.0,0.0,0,706320.0,25,65400.0,9600.0,640.0,320.0,40.0
2019029N,12/03/2019,"6,21,27,33,38,47",46,,,46481276.0,0.0,0,2197350.0,10,69750.0,9600.0,640.0,320.0,40.0
2019030N,14/03/2019,"4,10,25,28,40,43",39,,,48529402.0,23215520.0,10,305240.0,80,73990.0,9600.0,640.0,320.0,40.0
2019031N,16/03/2019,"5,9,12,23,31,43",29,,,34878023.0,0.0,0,1396700.0,5,34640.0,9600.0,640.0,320.0,40.0
2019032N,19/03/2019,"4,18,23,38,40,46",15,,,45875409.0,15756940.0,5,1176430.0,20,110070.0,9600.0,640.0,320.0,40.0
2019033N,21/03/2019,"7,12,22,32,37,45",47,,,42006379.0,0.0,0,953700.0,20,53260.0,9600.0,640.0,320.0,40.0
2019034N,23/03/2019,"10,11,15,39,46,49",21,,,44411661.0,0.0,0,1067810.0,20,121170.0,9600.0,640.0,320.0,40.0
2019035N,26/03/2019,"2,3,10,21,31,35",11,,,54025291.0,26735420.0,5,345010.0,65,78680.0,9600.0,640.0,320.0,40.0
2019036N,28/03/2019,"3,5,17,23,41,44",40,,,46559924.0,0.0,0,792220.0,30,100600.0,9600.0,640.0,320.0,40.0
2019037N,30/03/2019,"15,17,18,37,39,49",31,,,47875528.0,0.0,0,2414840.0,10,85860.0,9600.0,640.0,320.0,40.0
2019038N,02/04/2019,"6,10,15,21,24,28",49,,,62126741.0,18427630.0,20,2278240.0,10,53290.0,9600.0,640.0,320.0,40.0
2019039N,04/04/2019,"29,34,38,42,44,47",36,,,35802711.0,0.0,0,1855930.0,10,122200.0,9600.0,640.0,320.0,40.0
2019040N,06/04/2019,"8,21,34,37,41,45",49,,,38962780.0,0.0,0,2073190.0,5,113990.0,9600.0,640.0,320.0,40.0
2019041N,09/04/2019,"3,14,17,23,32,43",36,,,49790907.0,0.0,0,875720.0,25,46510.0,9600.0,640.0,320.0,40.0
2019042N,11/04/2019,"6,18,32,38,41,45",33,,,51638562.0,0.0,0,723070.0,35,111540.0,9600.0,640.0,320.0,40.0
2019043N,13/04/2019,"3,15,22,35,40,49",39,,,54237186.0,0.0,0,0.0,0,88150.0,9600.0,640.0,320.0,40.0
2019044N,16/04/2019,"11,20,30,32,33,43",34,EAS,復活節金多寶,153188091.0,0.0,0,1165930.0,60,84790.0,9600.0,640.0,320.0,40.0
2019045N,20/04/2019,"28,30,32,37,39,47",23,,,209508461.0,112099610.0,5,1382780.0,75,97720.0,9600.0,640.0,320.0,40.0
2019046N,25/04/2019,"11,13,18,21,28,34",19,,,143023921.0,50106390.0,15,979980.0,65,64830.0,9600.0,640.0,320.0,40.0
2019047N,27/04/2019,"2,8,14,21,32,35",4,,,36325619.0,0.0,0,0.0,0,110980.0,9600.0,640.0,320.0,40.0
2019048N,30/04/2019,"1,29,32,43,45,49",5,,,49221733.0,0.0,0,931580.0,25,105260.0,9600.0,640.0,320.0,40.0
2019049N,02/05/2019,"1,6,19,23,45,47",49,,,51528504.0,0.0,0,473000.0,50,92060.0,9600.0,640.0,320.0,40.0
2019050N,04/05/2019,"6,13,19,20,24,35",43,,,56573717.0,0.0,0,0.0,0,107020.0,9600.0,640.0,320.0,40.0
2019051N,07/05/2019,"6,12,35,39,42,44",22,,,72202961.0,0.0,0,2489190.0,15,126830.0,9600.0,640.0,320.0,40.0
2019052N,09/05/2019,"3,4,5,24,29,32",2,,,81166924.0,0.0,0,911520.0,35,61640.0,9600.0,640.0,320.0,40.0
2019053N,14/05/2019,"10,12,14,30,37,41",5,,,119440093.0,72889260.0,10,635210.0,90,78990.0,9600.0,640.0,320.0,40.0
2019054N,16/05/2019,"1,4,7,23,37,38",34,,,36798568.0,0.0,0,748490.0,20,32320.0,9600.0,640.0,320.0,40.0
2019055N,19/05/2019,"1,2,9,16,30,41",35,,,44049784.0,0.0,0,683700.0,30,59450.0,9600.0,640.0,320.0,40.0
2019056N,21/05/2019,"4,7,21,24,35,41",18,,,48404885.0,0.0,0,2342320.0,5,83280.0,9600.0,640.0,320.0,40.0
2019057N,23/05/2019,"11,13,14,17,33,43",27,,,54680195.0,29224510.0,10,654570.0,35,51990.0,9600.0,640.0,320.0,40.0
2019058N,25/05/2019,"12,14,23,30,40,48",1,,,33773390.0,0.0,0,1697140.0,10,98380.0,9600.0,640.0,320.0,40.0
2019059N,28/05/2019,"22,29,37,42,45,49",47,,,44170262.0,13994300.0,5,1332060.0,15,76110.0,9600.0,640.0,320.0,40.0
2019060N,30/05/2019,"12,15,16,31,36,46",3,,,41834692.0,0.0,0,1630860.0,10,36850.0,9600.0,640.0,320.0,40.0
2019061N,01/06/2019,"3,13,19,23,35,43",26,,,43755700.0,0.0,0,386400.0,25,19200.0,9600.0,640.0,320.0,40.0
2019062N,04/06/2019,"16,21,24,28,37,40",48,,,52658818.0,0.0,0,1813250.0,15,103610.0,9600.0,640.0,320.0,40.0
2019063N,06/06/2019,"6,13,21,24,32,47",38,,,55692553.0,0.0,0,1368120.0,20,77620.0,9600.0,640.0,320.0,40.0
2019064N,09/06/2019,"3,8,24,27,28,49",44,,,62574092.0,39440730.0,5,2761510.0,10,58670.0,9600.0,640.0,320.0,40.0
2019065N,11/06/2019,"8,19,20,21,25,37",13,,,49217420.0,26687540.0,5,2322390.0,10,85420.0,9600.0,640.0,320.0,40.0
2019066N,13/06/2019,"3,6,21,31,33,38",45,,,44754043.0,0.0,0,1020220.0,20,74020.0,9600.0,640.0,320.0,40.0
2019067N,15/06/2019,"7,8,17,30,42,44",24,,,48088558.0,0.0,0,1483980.0,15,87930.0,9600.0,640.0,320.0,40.0
2019068N,18/06/2019,"18,23,26,29,35,48",36,,,57597729.0,0.0,0,550260.0,45,75460.0,9600.0,640.0,320.0,40.0
2019069N,20/06/2019,"9,11,15,21,25,33",46,,,61897105.0,41311520.0,5,737130.0,35,44760.0,9600.0,640.0,320.0,40.0
2019070N,22/06/2019,"13,29,30,33,43,47",16,,,48282428.0,0.0,0,1508340.0,15,74480.0,9600.0,640.0,320.0,40.0
2019071N,25/06/2019,"23,25,29,32,40,46",13,,,57513294.0,0.0,0,1838800.0,15,107370.0,9600.0,640.0,320.0,40.0
2019072N,27/06/2019,"12,20,33,42,46,47",27,,,63771451.0,0.0,0,1301800.0,25,89010.0,9600.0,640.0,320.0,40.0
2019073N,29/06/2019,"9,13,22,29,31,46",45,,,70723992.0,0.0,0,1686990.0,20,89970.0,9600.0,640.0,320.0,40.0
2019074N,02/07/2019,"13,14,15,42,45,48",2,,,85374919.0,69037880.0,10,814200.0,55,129090.0,9600.0,640.0,320.0,40.0
2019075N,04/07/2019,"1,2,12,15,24,44",14,,,35274402.0,0.0,0,403860.0,35,49270.0,9600.0,640.0,320.0,40.0
2019076N,06/07/2019,"7,8,10,11,28,42",29,,,40705997.0,11600520.0,10,120010.0,100,21470.0,9600.0,640.0,320.0,40.0
2019077N,09/07/2019,"3,5,20,31,39,42",25,,,39259991.0,0.0,0,1990230.0,5,134360.0,9600.0,640.0,320.0,40.0
2019078N,11/07/2019,"3,6,26,27,32,49",29,,,42641377.0,0.0,0,1983270.0,10,77540.0,9600.0,640.0,320.0,40.0
2019079N,13/07/2019,"12,14,32,35,38,46",16,,,46311996.0,0.0,0,592710.0,40,114950.0,9600.0,640.0,320.0,40.0
2019080N,16/07/2019,"6,16,22,28,37,45",13,,,54932189.0,0.0,0,1721370.0,15,67170.0,9600.0,640.0,320.0,40.0
2019081N,18/07/2019,"2,4,8,11,17,31",19,,,56304815.0,23564150.0,15,284230.0,65,26920.0,9600.0,640.0,320.0,40.0
2019082N,20/07/2019,"26,27,30,33,44,47",37,,,33637960.0,0.0,0,0.0,0,118910.0,9600.0,640.0,320.0,40.0
2019083N,23/07/2019,"14,19,25,38,39,42",46,,,44240595.0,0.0,0,0.0,0,93730.0,9600.0,640.0,320.0,40.0
2019084N,25/07/2019,"7,10,11,16,18,35",43,SMR,暑期金多寶,139332117.0,78328720.0,5,1110830.0,55,57970.0,9600.0,640.0,320.0,40.0
2019085N,27/07/2019,"4,14,19,24,39,45",8,,,68910770.0,48857920.0,10,1077060.0,30,90700.0,9600.0,640.0,320.0,40.0
2019086N,30/07/2019,"3,16,19,22,41,44",29,,,37958977.0,0.0,0,2033230.0,10,157150.0,9600.0,640.0,320.0,40.0
2019087N,01/08/2019,"13,18,20,21,43,49",30,,,37451568.0,13243290.0,5,388390.0,45,75170.0,9600.0,640.0,320.0,40.0
2019088N,03/08/2019,"23,24,27,28,37,43",16,,,40141822.0,0.0,0,1991680.0,10,107290.0,9600.0,640.0,320.0,40.0
2019089N,06/08/2019,"5,6,15,21,22,37",36,,,45824552.0,0.0,0,1072770.0,20,72420.0,9600.0,640.0,320.0,40.0
2019090N,08/08/2019,"8,9,19,25,30,44",37,,,50283064.0,0.0,0,798030.0,25,33880.0,9600.0,640.0,320.0,40.0
2019091N,10/08/2019,"15,22,42,44,48,49",6,,,53151958.0,0.0,0,0.0,0,111510.0,9600.0,640.0,320.0,40.0
2019092N,13/08/2019,"10,14,16,29,30,43",11,,,67173592.0,44214550.0,5,566000.0,50,51860.0,9600.0,640.0,320.0,40.0
2019093N,15/08/2019,"2,13,23,35,38,46",17,,,53563246.0,28896420.0,5,646580.0,35,42490.0,9600.0,640.0,320.0,40.0
2019094N,17/08/2019,"4,9,20,26,32,44",11,,,44602900.0,20469990.0,10,2007260.0,7,73320.0,9600.0,640.0,320.0,40.0
2019095N,20/08/2019,"12,15,16,23,32,35",2,,,38247961.0,0.0,0,878660.0,20,59310.0,9600.0,640.0,320.0,40.0
2019096N,22/08/2019,"1,4,5,6,42,43",8,,,41676385.0,0.0,0,163830.0,75,38550.0,9600.0,640.0,320.0,40.0
2019097N,24/08/2019,"1,10,21,31,47,49",13,,,42049085.0,17193110.0,10,1835580.0,5,58620.0,9600.0,640.0,320.0,40.0
2019098N,27/08/2019,"6,18,29,33,43,46",16,,,37671120.0,0.0,0,489370.0,35,71360.0,9600.0,640.0,320.0,40.0
2019099N,29/08/2019,"8,24,26,37,38,44",18,,,41045851.0,0.0,0,0.0,0,58960.0,9600.0,640.0,320.0,40.0
2019100N,31/08/2019,"1,6,14,24,32,44",5,,,44345050.0,0.0,0,1016770.0,20,74280.0,9600.0,640.0,320.0,40.0
2019101N,03/09/2019,"2,8,17,24,27,39",10,,,53161464.0,0.0,0,2352780.0,5,84210.0,9600.0,640.0,320.0,40.0
2019102N,05/09/2019,"3,4,18,29,41,44",39,,,55921774.0,38053270.0,10,2836580.0,10,100850.0,9600.0,640.0,320.0,40.0
2019103N,07/09/2019,"7,8,12,25,43,45",13,,,34559909.0,0.0,0,411060.0,30,56210.0,9600.0,640.0,320.0,40.0
2019104N,10/09/2019,"11,12,13,28,43,49",47,MAF,中秋金多寶,159593779.0,81486160.0,5,1023150.0,70,65070.0,9600.0,640.0,320.0,40.0
2019105N,12/09/2019,"5,23,24,25,31,33",7,,,85805994.0,51826970.0,10,2463080.0,15,55820.0,9600.0,640.0,320.0,40.0
2019106N,14/09/2019,"1,4,7,12,19,28",43,,,34151015.0,3200000.0,25,185340.0,5,19200.0,9600.0,640.0,320.0,40.0
2019107N,17/09/2019,"12,20,22,26,30,36",2,,,39022038.0,0.0,0,340800.0,45,46730.0,9600.0,640.0,320.0,40.0
2019108N,19/09/2019,"8,17,34,39,42,44",7,,,43030039.0,9528260.0,15,2097460.0,10,84100.0,9600.0,640.0,320.0,40.0
2019109N,22/09/2019,"3,28,39,40,42,44",37,,,36520954.0,0.0,0,0.0,0,106880.0,9600.0,640.0,320.0,40.0
2019110N,24/09/2019,"6,17,44,45,46,49",41,,,43799501.0,0.0,0,0.0,0,107760.0,9600.0,640.0,320.0,40.0
2019111N,26/09/2019,"2,3,11,20,27,46",4,,,50482820.0,0.0,0,435610.0,50,74460.0,9600.0,640.0,320.0,40.0
2019112N,29/09/2019,"2,3,7,10,18,48",33,,,58916367.0,0.0,0,1506440.0,15,38500.0,9600.0,640.0,320.0,40.0
2019113N,03/10/2019,"1,12,13,15,19,45",44,,,70488672.0,0.0,0,885170.0,35,65050.0,9600.0,640.0,320.0,40.0
2019114N,08/10/2019,"13,23,35,36,43,47",16,,,78450179.0,0.0,0,1727070.0,20,61810.0,9600.0,640.0,320.0,40.0
2019115N,13/10/2019,"10,16,27,29,37,42",44,,,101612510.0,0.0,0,1130870.0,45,92310.0,9600.0,640.0,320.0,40.0
2019116N,17/10/2019,"14,18,19,21,45,47",49,,,126740567.0,42731540.0,20,1061030.0,60,93530.0,9600.0,640.0,320.0,40.0
2019117N,19/10/2019,"1,6,19,22,42,44",25,,,34067945.0,0.0,0,1623750.0,5,72770.0,9600.0,640.0,320.0,40.0
2019118N,22/10/2019,"1,6,11,31,41,47",32,,,46312559.0,0.0,0,1932660.0,10,22020.0,9600.0,640.0,320.0,40.0
2019119N,24/10/2019,"7,10,16,23,27,34",24,,,49350847.0,20697800.0,5,579800.0,35,52530.0,9600.0,640.0,320.0,40.0
2019120N,26/10/2019,"1,17,24,30,40,49",48,,,42961269.0,16070680.0,10,423830.0,45,79460.0,9600.0,640.0,320.0,40.0
2019121N,29/10/2019,"2,10,13,19,20,24",17,STE,萬聖節金多寶,132051302.0,0.0,0,874550.0,60,45060.0,9600.0,640.0,320.0,40.0
2019122N,02/11/2019,"13,15,25,30,40,46",26,,,152750657.0,0.0,0,841640.0,90,96180.0,9600.0,640.0,320.0,40.0
2019123N,07/11/2019,"7,20,30,33,34,44",46,,,270227069.0,45319750.0,30,1562200.0,80,70380.0,9600.0,640.0,320.0,40.0
2019124N,10/11/2019,"6,17,18,23,31,46",44,,,36703959.0,0.0,0,1837950.0,5,104280.0,9600.0,640.0,320.0,40.0
2019125N,14/11/2019,"2,3,13,18,31,49",14,,,45857254.0,0.0,0,2170210.0,10,75650.0,9600.0,640.0,320.0,40.0
2019126N,16/11/2019,"10,23,28,39,44,47",13,,,44787343.0,21952950.0,5,2174440.0,10,99120.0,9600.0,640.0,320.0,40.0
2019127N,19/11/2019,"1,4,12,13,24,42",48,,,45174770.0,0.0,0,705850.0,25,40910.0,9600.0,640.0,320.0,40.0
2019128N,21/11/2019,"3,4,5,10,35,38",7,,,50199159.0,0.0,0,533830.0,30,53710.0,9600.0,640.0,320.0,40.0
2019129N,24/11/2019,"1,20,28,30,35,46",15,,,56260824.0,0.0,0,1407040.0,20,123020.0,9600.0,640.0,320.0,40.0
2019130N,26/11/2019,"5,9,15,25,42,45",38,,,62579159.0,0.0,0,534710.0,45,27480.0,9600.0,640.0,320.0,40.0
2019131N,28/11/2019,"22,23,29,36,41,44",2,,,72120258.0,47109760.0,5,2305310.0,15,67550.0,9600.0,640.0,320.0,40.0
2019132N,30/11/2019,"1,10,18,24,40,49",7,,,56401001.0,28543660.0,10,175040.0,95,20720.0,9600.0,640.0,320.0,40.0
2019133N,03/12/2019,"1,15,23,29,45,47",6,,,39146475.0,0.0,0,953390.0,20,119640.0,9600.0,640.0,320.0,40.0
2019134N,05/12/2019,"2,6,8,16,23,31",1,,,41883295.0,0.0,0,493950.0,25,29930.0,9600.0,640.0,320.0,40.0
2019135N,07/12/2019,"14,25,26,30,32,47",4,,,44848278.0,0.0,0,0.0,0,103250.0,9600.0,640.0,320.0,40.0
2019136N,10/12/2019,"5,6,11,12,28,35",17,,,56557805.0,0.0,0,390300.0,45,25240.0,9600.0,640.0,320.0,40.0
2019137N,12/12/2019,"6,21,32,35,39,49",15,,,60143755.0,0.0,0,3103360.0,10,116550.0,9600.0,640.0,320.0,40.0
2019138N,14/12/2019,"2,4,6,8,28,29",5,,,64385671.0,6886530.0,55,39520.0,220,19200.0,9600.0,640.0,320.0,40.0
2019139N,17/12/2019,"3,20,23,30,34,41",47,,,39179095.0,0.0,0,1987590.0,10,124710.0,9600.0,640.0,320.0,40.0
2019140N,19/12/2019,"22,24,28,31,35,39",12,,,43186166.0,0.0,0,2106750.0,5,92090.0,9600.0,640.0,320.0,40.0
2019141N,22/12/2019,"11,22,24,26,41,42",2,,,52338095.0,0.0,0,832790.0,30,89420.0,9600.0,640.0,320.0,40.0
2019142N,24/12/2019,"5,11,14,23,30,32",20,,,56641726.0,30307270.0,10,1239740.0,20,51090.0,9600.0,640.0,320.0,40.0
2019143N,28/12/2019,"1,22,25,27,31,36",47,,,42600865.0,8000000.0,10,1042650.0,20,111210.0,9600.0,640.0,320.0,40.0
2019144N,31/12/2019,"5,10,18,20,28,33",17,,,41448970.0,0.0,0,1029510.0,15,41380.0,9600.0,640.0,320.0,40.0
2020001N,02/01/2020,"15,17,29,30,34,37",40,SBD,新年金多寶,112337702.0,0.0,0,925910.0,60,80290.0,9600.0,640.0,320.0,40.0
2020002N,07/01/2020,"1,24,25,27,31,37",8,,,128320773.0,0.0,0,1327140.0,45,84480.0,9600.0,640.0,320.0,40.0
2020003N,12/01/2020,"5,17,35,37,42,49",39,,,155508613.0,0.0,0,1193790.0,65,97600.0,9600.0,640.0,320.0,40.0
2020004N,16/01/2020,"2,20,24,30,32,46",1,,,252741025.0,65041090.0,20,1520900.0,75,75850.0,9600.0,640.0,320.0,40.0
2020005N,18/01/2020,"18,29,32,33,36,40",38,,,38111373.0,0.0,0,607520.0,30,101250.0,9600.0,640.0,320.0,40.0
2020006N,21/01/2020,"11,14,21,28,37,44",36,,,52169435.0,0.0,0,624040.0,40,85330.0,9600.0,640.0,320.0,40.0
2020007N,23/01/2020,"2,11,13,45,46,49",42,,,56956207.0,0.0,0,1932270.0,15,106600.0,9600.0,640.0,320.0,40.0
2020008N,01/02/2020,"3,5,30,31,43,48",13,CNY,新春金多寶,149877805.0,38895010.0,15,1356160.0,50,80180.0,9600.0,640.0,320.0,40.0
2020009N,24/09/2020,"11,24,26,35,42,44",20,,,45236174.0,8000000.0,10,2353760.0,10,100420.0,9600.0,640.0,320.0,40.0
2020010N,29/09/2020,"9,21,26,27,28,48",45,,,31922174.0,0.0,0,0.0,0,92770.0,9600.0,640.0,320.0,40.0
2020011N,08/10/2020,"21,28,33,34,40,47",49,,,40963844.0,16196490.0,10,2216100.0,10,101880.0,9600.0,640.0,320.0,40.0
2020012N,15/10/2020,"9,26,28,33,38,46",44,,,31525574.0,0.0,0,683380.0,20,67490.0,9600.0,640.0,320.0,40.0
2020013N,22/10/2020,"1,13,19,24,29,45",26,,,46904829.0,0.0,0,1453390.0,15,54330.0,9600.0,640.0,320.0,40.0
2020014N,29/10/2020,"6,11,33,38,40,43",2,,,51739483.0,22008360.0,5,829780.0,30,89700.0,9600.0,640.0,320.0,40.0
2020015N,06/11/2020,"11,17,35,36,38,40",6,,,54850509.0,0.0,0,2706510.0,10,101650.0,9600.0,640.0,320.0,40.0
2020016N,10/11/2020,"13,15,25,28,45,49",24,,,49917600.0,0.0,0,912940.0,25,72450.0,9600.0,640.0,320.0,40.0
2020017N,13/11/2020,"6,15,17,18,28,47",32,,,56505771.0,0.0,0,1065440.0,25,74760.0,9600.0,640.0,320.0,40.0
2020018N,17/11/2020,"13,19,20,21,33,49",45,,,64959292.0,0.0,0,945850.0,30,61020.0,9600.0,640.0,320.0,40.0
2020019N,20/11/2020,"22,25,30,33,34,43",24,,,76221844.0,52526520.0,10,515490.0,65,62700.0,9600.0,640.0,320.0,40.0
2020020N,24/11/2020,"7,12,16,22,45,47",25,,,37190857.0,0.0,0,1802750.0,10,102280.0,9600.0,640.0,320.0,40.0
2020021N,27/11/2020,"5,12,13,23,27,38",39,,,33465077.0,0.0,0,649670.0,20,44760.0,9600.0,640.0,320.0,40.0
2020022N,01/12/2020,"24,27,29,31,42,47",22,,,33306904.0,0.0,0,894640.0,20,132540.0,9600.0,640.0,320.0,40.0
2020023N,04/12/2020,"11,13,19,38,39,41",47,,,33513419.0,22100500.0,10,537170.0,30,50850.0,9600.0,640.0,320.0,40.0
2020024N,08/12/2020,"7,32,34,35,48,49",23,,,24618411.0,0.0,0,0.0,0,73310.0,9600.0,640.0,320.0,40.0
2020025N,11/12/2020,"1,11,23,29,41,46",44,,,27423312.0,13089780.0,10,1288780.0,5,102590.0,9600.0,640.0,320.0,40.0
2020026N,15/12/2020,"2,11,13,20,21,33",14,,,24103839.0,8000000.0,10,245280.0,35,22890.0,9600.0,640.0,320.0,40.0
2020027N,18/12/2020,"8,11,12,23,34,49",28,,,22534419.0,0.0,0,766250.0,10,31920.0,9600.0,640.0,320.0,40.0
2020028N,22/12/2020,"11,20,36,37,39,48",21,,,26131837.0,0.0,0,1414530.0,10,125730.0,9600.0,640.0,320.0,40.0
2020029N,25/12/2020,"14,18,24,27,28,41",45,,,29557188.0,0.0,0,0.0,0,103500.0,9600.0,640.0,320.0,40.0
2020030N,29/12/2020,"10,11,24,39,41,42",22,,,34882554.0,0.0,0,427430.0,40,89390.0,9600.0,640.0,320.0,40.0
2021001N,02/01/2021,"3,9,14,21,45,46",34,,,38685150.0,29531320.0,5,2008670.0,5,116440.0,9600.0,640.0,320.0,40.0
2021002N,05/01/2021,"22,24,30,36,38,46",33,,,33356224.0,0.0,0,644110.0,25,117640.0,9600.0,640.0,320.0,40.0
2021003N,08/01/2021,"5,19,29,32,33,34",43,,,34652069.0,0.0,0,817950.0,20,84700.0,9600.0,640.0,320.0,40.0
2021004N,12/01/2021,"5,19,22,26,35,40",2,,,39195164.0,31686650.0,5,0.0,0,87160.0,9600.0,640.0,320.0,40.0
2021005N,15/01/2021,"4,24,39,41,42,45",6,,,33954469.0,0.0,0,0.0,0,73400.0,9600.0,640.0,320.0,40.0
2021006N,19/01/2021,"14,21,22,38,40,45",17,,,39236623.0,0.0,0,981510.0,20,68870.0,9600.0,640.0,320.0,40.0
2021007N,22/01/2021,"15,16,18,21,24,31",22,,,41442617.0,0.0,0,2014910.0,10,97690.0,9600.0,640.0,320.0,40.0
2021008N,26/01/2021,"5,9,16,21,44,49",15,,,48338079.0,0.0,0,2439150.0,5,90330.0,9600.0,640.0,320.0,40.0
2021009N,29/01/2021,"2,10,30,31,35,46",3,,,57163282.0,0.0,0,720540.0,40,146390.0,9600.0,640.0,320.0,40.0
2021010N,02/02/2021,"18,21,24,26,30,35",48,,,67710117.0,63275870.0,10,3216560.0,5,96920.0,9600.0,640.0,320.0,40.0
2021011N,05/02/2021,"10,16,22,40,44,45",49,,,26643557.0,8000000.0,5,1276730.0,10,108080.0,9600.0,640.0,320.0,40.0
2021012N,09/02/2021,"1,2,16,20,31,38",7,,,29280634.0,0.0,0,0.0,0,108850.0,9600.0,640.0,320.0,40.0
2021013N,12/02/2021,"6,25,31,36,41,47",10,,,38211618.0,0.0,0,788650.0,25,104110.0,9600.0,640.0,320.0,40.0
2021014N,16/02/2021,"3,13,28,30,31,45",22,,,40916701.0,0.0,0,1914820.0,10,74000.0,9600.0,640.0,320.0,40.0
2021015N,19/02/2021,"4,5,13,14,25,44",16,,,40716305.0,0.0,0,0.0,0,84270.0,9600.0,640.0,320.0,40.0
2021016N,23/02/2021,"2,14,18,28,34,44",21,,,47180072.0,0.0,0,2295630.0,5,85020.0,9600.0,640.0,320.0,40.0
2021017N,26/02/2021,"14,17,35,37,39,46",2,,,53494124.0,0.0,0,0.0,0,106100.0,9600.0,640.0,320.0,40.0
2021018N,02/03/2021,"6,15,16,21,27,28",43,,,62901664.0,0.0,0,920510.0,30,50090.0,9600.0,640.0,320.0,40.0
2021019N,05/03/2021,"1,23,32,38,43,46",5,,,71804210.0,0.0,0,3640500.0,5,147090.0,9600.0,640.0,320.0,40.0
2021020N,12/03/2021,"16,17,21,24,43,47",30,,,113481168.0,0.0,0,5780310.0,5,94270.0,9600.0,640.0,320.0,40.0
2021021N,19/03/2021,"3,8,9,14,23,25",35,,,212714434.0,76287420.0,15,774000.0,105,33780.0,9600.0,640.0,320.0,40.0
2021022N,23/03/2021,"11,14,16,19,38,41",6,,,29610245.0,0.0,0,0.0,0,113820.0,9600.0,640.0,320.0,40.0
2021023N,26/03/2021,"6,12,24,26,30,43",20,,,35164581.0,0.0,0,492660.0,30,55740.0,9600.0,640.0,320.0,40.0
2021024N,30/03/2021,"24,26,36,37,41,43",31,,,38945364.0,20085580.0,5,1033390.0,20,134420.0,9600.0,640.0,320.0,40.0
2021025N,02/04/2021,"1,2,33,34,42,49",39,,,35519840.0,0.0,0,1059040.0,15,67770.0,9600.0,640.0,320.0,40.0
2021026N,06/04/2021,"4,7,8,20,22,41",21,,,37912073.0,0.0,0,278050.0,50,80590.0,9600.0,640.0,320.0,40.0
2021027N,09/04/2021,"7,9,12,13,14,16",23,,,42377097.0,0.0,0,422280.0,30,20350.0,9600.0,640.0,320.0,40.0
2021028N,13/04/2021,"7,10,13,14,20,35",49,,,47247039.0,28970560.0,5,589580.0,35,67930.0,9600.0,640.0,320.0,40.0
2021029N,16/04/2021,"5,6,17,23,29,38",24,,,39824924.0,19281120.0,10,532870.0,30,52620.0,9600.0,640.0,320.0,40.0
2021030N,20/04/2021,"12,32,40,42,48,49",27,,,28900309.0,0.0,0,925790.0,15,66120.0,9600.0,640.0,320.0,40.0
2021031N,23/04/2021,"15,18,20,23,31,47",12,,,32528370.0,0.0,0,781530.0,20,122590.0,9600.0,640.0,320.0,40.0
2021032N,27/04/2021,"2,13,15,19,38,41",30,,,36066196.0,0.0,0,1882270.0,10,107940.0,9600.0,640.0,320.0,40.0
2021033N,30/04/2021,"7,9,29,33,36,49",41,,,38265895.0,0.0,0,1614910.0,10,50360.0,9600.0,640.0,320.0,40.0
2021034N,04/05/2021,"8,9,10,19,38,45",6,,,42587540.0,0.0,0,0.0,0,33990.0,9600.0,640.0,320.0,40.0
2021035N,07/05/2021,"5,8,22,26,40,41",46,,,47311439.0,0.0,0,2426630.0,5,91780.0,9600.0,640.0,320.0,40.0
2021036N,11/05/2021,"15,22,30,31,35,45",6,,,54780065.0,45659740.0,5,2698940.0,5,78650.0,9600.0,640.0,320.0,40.0
2021037N,14/05/2021,"5,14,28,29,31,37",11,,,44535503.0,14831010.0,20,609180.0,30,36360.0,9600.0,640.0,320.0,40.0
2021038N,18/05/2021,"2,9,26,34,35,36",4,,,34589888.0,0.0,0,550760.0,30,71990.0,9600.0,640.0,320.0,40.0
2021039N,21/05/2021,"8,14,31,37,44,47",38,,,38568911.0,0.0,0,2034150.0,5,144650.0,9600.0,640.0,320.0,40.0
2021040N,25/05/2021,"1,7,19,22,27,49",20,,,45114491.0,19807490.0,5,1562650.0,10,28340.0,9600.0,640.0,320.0,40.0
2021041N,28/05/2021,"5,12,30,43,44,45",21,,,42830097.0,0.0,0,0.0,0,148910.0,9600.0,640.0,320.0,40.0
2021042N,01/06/2021,"1,6,16,28,33,36",8,,,48969186.0,0.0,0,180470.0,80,22980.0,9600.0,640.0,320.0,40.0
2021043N,04/06/2021,"2,6,16,22,34,49",45,,,51757606.0,0.0,0,0.0,0,109780.0,9600.0,640.0,320.0,40.0
2021044N,08/06/2021,"7,13,21,24,28,30",10,,,61276144.0,0.0,0,401870.0,55,41650.0,9600.0,640.0,320.0,40.0
2021045N,11/06/2021,"2,3,15,29,41,43",7,,,69317963.0,0.0,0,1184200.0,30,148020.0,9600.0,640.0,320.0,40.0
2021046N,15/06/2021,"3,11,13,22,44,45",4,,,78621308.0,60968530.0,5,1407060.0,25,79830.0,9600.0,640.0,320.0,40.0
2021047N,17/06/2021,"1,25,31,34,42,48",20,,,48374806.0,37883790.0,10,1233250.0,20,115390.0,9600.0,640.0,320.0,40.0
2021048N,19/06/2021,"4,15,17,32,38,43",30,,,30530545.0,0.0,0,0.0,0,116630.0,9600.0,640.0,320.0,40.0
2021049N,22/06/2021,"1,5,7,24,26,30",8,,,41479405.0,0.0,0,203820.0,60,25430.0,9600.0,640.0,320.0,40.0
2021050N,24/06/2021,"4,11,14,21,38,48",31,,,39764355.0,0.0,0,0.0,0,95740.0,9600.0,640.0,320.0,40.0
2021051N,27/06/2021,"2,7,11,27,37,42",28,,,47269835.0,26050660.0,10,1717180.0,10,38800.0,9600.0,640.0,320.0,40.0
2021052N,29/06/2021,"10,16,24,39,44,47",28,,,31801856.0,0.0,0,1640140.0,10,102910.0,9600.0,640.0,320.0,40.0
2021053N,03/07/2021,"7,9,24,29,37,48",17,,,41924408.0,13120260.0,10,1137830.0,15,57240.0,9600.0,640.0,320.0,40.0
2021054N,06/07/2021,"2,6,15,16,26,34",14,,,34364266.0,0.0,0,930270.0,15,60500.0,9600.0,640.0,320.0,40.0
2021055N,08/07/2021,"7,9,13,27,39,43",42,,,36937249.0,0.0,0,1626790.0,5,63330.0,9600.0,640.0,320.0,40.0
2021056N,10/07/2021,"25,28,34,37,40,49",33,,,39609288.0,0.0,0,1412130.0,15,171160.0,9600.0,640.0,320.0,40.0
2021057N,13/07/2021,"9,13,21,35,38,48",20,,,48664960.0,0.0,0,871120.0,25,67520.0,9600.0,640.0,320.0,40.0
2021058N,15/07/2021,"6,19,22,23,28,49",20,,,50944039.0,0.0,0,2320130.0,5,79320.0,9600.0,640.0,320.0,40.0
2021059N,17/07/2021,"1,6,16,30,32,47",12,,,55477589.0,42438580.0,10,2578770.0,10,102630.0,9600.0,640.0,320.0,40.0
2021060N,20/07/2021,"2,7,15,19,31,49",46,,,33166927.0,0.0,0,885140.0,15,42910.0,9600.0,640.0,320.0,40.0
2021061N,22/07/2021,"2,3,4,5,8,23",27,,,36705647.0,2362510.0,35,38400.0,70,19200.0,9600.0,640.0,320.0,40.0
2021062N,24/07/2021,"11,12,25,27,28,34",46,,,29747956.0,5333330.0,15,0.0,0,49770.0,9600.0,640.0,320.0,40.0
2021063N,27/07/2021,"8,11,19,22,29,44",14,,,34076454.0,0.0,0,468050.0,30,44570.0,9600.0,640.0,320.0,40.0
2021064N,01/08/2021,"1,4,9,21,36,42",3,SMR,暑期金多寶,100770911.0,33424220.0,15,1155840.0,35,50050.0,9600.0,640.0,320.0,40.0
2021065N,03/08/2021,"10,13,15,29,31,39",47,,,30729572.0,0.0,0,1545690.0,5,128800.0,9600.0,640.0,320.0,40.0
2021066N,05/08/2021,"10,17,19,25,36,39",31,,,37127431.0,0.0,0,937150.0,20,98970.0,9600.0,640.0,320.0,40.0
2021067N,07/08/2021,"13,14,26,34,35,44",12,,,41785637.0,0.0,0,567090.0,35,72500.0,9600.0,640.0,320.0,40.0
2021068N,10/08/2021,"4,12,14,17,22,32",41,,,52122938.0,0.0,0,717120.0,35,80440.0,9600.0,640.0,320.0,40.0
2021069N,12/08/2021,"20,21,30,34,36,37",29,,,54248894.0,0.0,0,1348300.0,20,100570.0,9600.0,640.0,320.0,40.0
2021070N,14/08/2021,"11,12,19,38,39,41",6,,,59061589.0,0.0,0,2603380.0,10,45520.0,9600.0,640.0,320.0,40.0
2021071N,19/08/2021,"4,26,28,31,32,33",8,,,95651831.0,0.0,0,955670.0,45,65900.0,9600.0,640.0,320.0,40.0
2021072N,21/08/2021,"2,5,18,21,42,48",46,,,92586446.0,0.0,0,1414670.0,30,89110.0,9600.0,640.0,320.0,40.0
2021073N,26/08/2021,"5,10,17,30,43,44",40,,,151047187.0,91247640.0,10,2911170.0,25,108720.0,9600.0,640.0,320.0,40.0
2021074N,28/08/2021,"2,14,15,16,33,45",19,,,32314122.0,0.0,0,1571830.0,10,85190.0,9600.0,640.0,320.0,40.0
2021075N,31/08/2021,"1,12,23,29,45,46",48,,,43031732.0,14105370.0,10,1017560.0,20,33810.0,9600.0,640.0,320.0,40.0
2021076N,02/09/2021,"10,28,39,45,48,49",15,,,34247100.0,0.0,0,1694220.0,10,72280.0,9600.0,640.0,320.0,40.0
2021077N,04/09/2021,"5,8,29,31,32,36",12,,,38824391.0,0.0,0,1706980.0,5,67930.0,9600.0,640.0,320.0,40.0
2021078N,07/09/2021,"2,7,21,23,27,36",40,,,48701656.0,0.0,0,2133920.0,10,70510.0,9600.0,640.0,320.0,40.0
2021079N,09/09/2021,"7,22,24,31,33,37",39,,,52555055.0,27672260.0,5,2432010.0,5,77290.0,9600.0,640.0,320.0,40.0
2021080N,11/09/2021,"12,26,31,37,38,44",16,,,45121486.0,0.0,0,915740.0,25,109010.0,9600.0,640.0,320.0,40.0
2021081N,14/09/2021,"7,8,32,33,39,49",23,,,54507496.0,9629500.0,30,516170.0,45,39320.0,9600.0,640.0,320.0,40.0
2021082N,16/09/2021,"1,6,11,20,32,35",22,,,34407969.0,0.0,0,969880.0,15,73190.0,9600.0,640.0,320.0,40.0
2021083N,21/09/2021,"14,15,25,26,32,45",2,MAF,中秋金多寶,177905377.0,85976090.0,10,3463470.0,25,94820.0,9600.0,640.0,320.0,40.0
2021084N,23/09/2021,"2,4,10,17,38,41",47,,,31509826.0,0.0,0,0.0,0,249250.0,9600.0,640.0,320.0,40.0
2021085N,25/09/2021,"15,18,32,43,45,47",12,,,39364722.0,0.0,0,2135110.0,10,101670.0,9600.0,640.0,320.0,40.0
2021086N,28/09/2021,"2,23,31,38,43,45",40,,,50619232.0,0.0,0,0.0,0,139050.0,9600.0,640.0,320.0,40.0
2021087N,30/09/2021,"2,3,11,20,24,47",48,,,56669596.0,0.0,0,1787770.0,15,91090.0,9600.0,640.0,320.0,40.0
2021088N,02/10/2021,"6,12,19,31,47,48",41,,,61112232.0,43856210.0,10,3024980.0,10,91660.0,9600.0,640.0,320.0,40.0
2021089N,05/10/2021,"19,20,26,29,32,48",38,,,36382712.0,0.0,0,1288340.0,15,108490.0,9600.0,640.0,320.0,40.0
2021090N,07/10/2021,"8,11,19,21,24,47",23,,,40574782.0,0.0,0,1750520.0,10,61420.0,9600.0,640.0,320.0,40.0
2021091N,14/10/2021,"2,6,9,27,43,45",35,,,63109147.0,0.0,0,2963110.0,5,103280.0,9600.0,640.0,320.0,40.0
2021092N,16/10/2021,"3,14,16,23,38,46",2,,,49943620.0,31002850.0,5,2460120.0,5,85750.0,9600.0,640.0,320.0,40.0
2021093N,19/10/2021,"7,13,15,19,24,37",2,,,49649202.0,0.0,0,2023820.0,10,59630.0,9600.0,640.0,320.0,40.0
2021094N,21/10/2021,"6,9,11,13,15,47",38,,,56370441.0,0.0,0,1169130.0,20,64280.0,9600.0,640.0,320.0,40.0
2021095N,26/10/2021,"9,14,23,28,34,48",36,STE,萬聖節金多寶,166066708.0,83352030.0,10,1197540.0,65,80610.0,9600.0,640.0,320.0,40.0
2021096N,28/10/2021,"1,5,17,26,34,48",42,,,34149467.0,0.0,0,0.0,0,114600.0,9600.0,640.0,320.0,40.0
2021097N,30/10/2021,"3,14,37,41,42,45",4,,,39434258.0,0.0,0,699880.0,30,143560.0,9600.0,640.0,320.0,40.0
2021098N,02/11/2021,"4,5,24,33,44,49",41,,,50815089.0,0.0,0,0.0,0,52000.0,9600.0,640.0,320.0,40.0
2021099N,04/11/2021,"3,22,30,32,40,43",5,,,55501482.0,33197770.0,10,0.0,0,65350.0,9600.0,640.0,320.0,40.0
2021100N,06/11/2021,"13,15,40,41,42,49",21,,,34387168.0,0.0,0,951860.0,20,178120.0,9600.0,640.0,320.0,40.0
2021101N,09/11/2021,"3,11,15,25,30,45",33,,,43918795.0,14061490.0,5,946450.0,20,53580.0,9600.0,640.0,320.0,40.0
2021102N,11/11/2021,"10,13,31,37,40,46",15,,,40430400.0,0.0,0,1071380.0,20,141080.0,9600.0,640.0,320.0,40.0
2021103N,14/11/2021,"1,11,15,21,24,28",8,,,45897344.0,0.0,0,300710.0,45,34690.0,9600.0,640.0,320.0,40.0
2021104N,16/11/2021,"9,13,25,27,33,36",35,,,47690457.0,23567110.0,10,0.0,0,45750.0,9600.0,640.0,320.0,40.0
2021105N,18/11/2021,"2,16,23,25,29,38",18,,,35484723.0,0.0,0,1453720.0,5,71780.0,9600.0,640.0,320.0,40.0
2021106N,20/11/2021,"18,19,24,38,39,42",41,,,37801638.0,0.0,0,0.0,0,70950.0,9600.0,640.0,320.0,40.0
2021107N,23/11/2021,"2,6,11,22,34,38",7,,,47135894.0,0.0,0,689880.0,25,44010.0,9600.0,640.0,320.0,40.0
2021108N,25/11/2021,"10,28,36,39,47,48",44,,,48289325.0,27999870.0,5,688990.0,35,90570.0,9600.0,640.0,320.0,40.0
2021109N,27/11/2021,"2,14,30,41,42,44",22,,,41215513.0,0.0,0,704790.0,30,111650.0,9600.0,640.0,320.0,40.0
2021110N,30/11/2021,"1,17,22,26,38,44",8,,,51118764.0,0.0,0,1169340.0,20,79440.0,9600.0,640.0,320.0,40.0
2021111N,02/12/2021,"3,21,26,36,38,49",9,,,52966895.0,34648060.0,5,2429630.0,10,82010.0,9600.0,640.0,320.0,40.0
2021112N,04/12/2021,"1,21,24,29,44,46",19,,,44061675.0,0.0,0,0.0,0,142480.0,9600.0,640.0,320.0,40.0
2021113N,07/12/2021,"4,13,19,21,35,43",27,,,57615068.0,35204920.0,10,715320.0,40,94780.0,9600.0,640.0,320.0,40.0
2021114N,09/12/2021,"4,7,9,13,15,43",1,,,33773073.0,0.0,0,165960.0,60,33820.0,9600.0,640.0,320.0,40.0
2021115N,11/12/2021,"7,21,34,35,42,48",41,,,37614030.0,0.0,0,938690.0,20,106510.0,9600.0,640.0,320.0,40.0
2021116N,14/12/2021,"7,24,29,36,41,43",35,,,45659354.0,0.0,0,1552600.0,15,109910.0,9600.0,640.0,320.0,40.0
2021117N,16/12/2021,"5,6,19,43,47,49",39,,,49094689.0,0.0,0,1554070.0,15,104470.0,9600.0,640.0,320.0,40.0
2021118N,19/12/2021,"12,20,21,26,33,42",9,,,57230309.0,0.0,0,576750.0,40,52350.0,9600.0,640.0,320.0,40.0
2021119N,21/12/2021,"11,12,16,32,43,44",41,,,65675419.0,0.0,0,1542380.0,20,72790.0,9600.0,640.0,320.0,40.0
2021120N,23/12/2021,"3,9,11,17,22,44",23,,,81892835.0,35231080.0,15,862760.0,35,36190.0,9600.0,640.0,320.0,40.0
2021121N,25/12/2021,"8,11,20,30,35,40",27,,,32778401.0,0.0,0,671920.0,20,43380.0,9600.0,640.0,320.0,40.0
2021122N,28/12/2021,"21,25,30,33,36,49",3,,,41727918.0,0.0,0,700510.0,30,117980.0,9600.0,640.0,320.0,40.0
2021123N,30/12/2021,"20,21,22,29,34,35",7,,,48048327.0,0.0,0,374240.0,50,56060.0,9600.0,640.0,320.0,40.0
2022001N,04/01/2022,"2,8,12,14,20,47",36,SBD,新年金多寶,182618372.0,0.0,0,1824050.0,45,62620.0,9600.0,640.0,320.0,40.0
2022002N,20/01/2022,"1,3,10,11,30,42",39,,,315247031.0,17446020.0,70,2083190.0,60,39460.0,9600.0,640.0,320.0,40.0
2022003N,27/01/2022,"10,18,20,29,32,33",2,,,37926197.0,0.0,0,824960.0,20,61530.0,9600.0,640.0,320.0,40.0
2022004N,05/02/2022,"15,18,21,25,39,43",33,,,46064752.0,0.0,0,1230600.0,20,128690.0,9600.0,640.0,320.0,40.0
2022005N,10/02/2022,"6,13,17,28,35,44",5,,,43149524.0,21313080.0,10,0.0,0,75830.0,9600.0,640.0,320.0,40.0
2022006N,17/02/2022,"6,7,22,34,35,46",8,,,33908375.0,0.0,0,1538020.0,5,92160.0,9600.0,640.0,320.0,40.0
2022007N,24/02/2022,"2,9,11,12,16,24",43,,,35209894.0,9812450.0,10,173900.0,20,19200.0,9600.0,640.0,320.0,40.0
2022008N,03/03/2022,"12,19,21,22,40,43",46,,,29256378.0,0.0,0,0.0,0,160450.0,9600.0,640.0,320.0,40.0
2022009N,08/03/2022,"1,5,23,42,46,49",11,,,30478158.0,0.0,0,0.0,0,103380.0,9600.0,640.0,320.0,40.0
2022010N,11/03/2022,"11,20,23,29,38,47",12,,,34847236.0,0.0,0,1527900.0,10,31700.0,9600.0,640.0,320.0,40.0
2022011N,15/03/2022,"3,10,12,28,39,48",17,,,37122142.0,24354680.0,5,1437790.0,10,42360.0,9600.0,640.0,320.0,40.0
2022012N,18/03/2022,"12,18,22,30,40,49",15,,,32834894.0,16443330.0,5,568790.0,25,34940.0,9600.0,640.0,320.0,40.0
2022013N,22/03/2022,"6,28,32,33,40,45",1,,,30987235.0,0.0,0,0.0,0,134950.0,9600.0,640.0,320.0,40.0
2022014N,25/03/2022,"15,20,26,28,29,46",12,,,33253445.0,19936240.0,10,0.0,0,86200.0,9600.0,640.0,320.0,40.0
2022015N,29/03/2022,"8,18,21,35,37,38",10,,,26203620.0,0.0,0,0.0,0,114390.0,9600.0,640.0,320.0,40.0
2022016N,01/04/2022,"4,8,21,40,46,49",34,,,31001265.0,0.0,0,1704140.0,5,168310.0,9600.0,640.0,320.0,40.0
2022017N,05/04/2022,"9,11,12,22,29,42",3,,,34100846.0,18025780.0,5,174630.0,55,19200.0,9600.0,640.0,320.0,40.0
2022018N,08/04/2022,"10,20,36,38,43,48",30,,,30949464.0,0.0,0,701750.0,20,103960.0,9600.0,640.0,320.0,40.0
2022019N,12/04/2022,"8,11,12,20,26,30",28,,,34091737.0,15542020.0,5,140520.0,55,19200.0,9600.0,640.0,320.0,40.0
2022020N,15/04/2022,"21,25,30,36,37,47",42,,,30506071.0,12686100.0,5,1092240.0,15,65200.0,9600.0,640.0,320.0,40.0
2022021N,19/04/2022,"12,23,28,34,39,46",44,,,27908717.0,0.0,0,0.0,0,70610.0,9600.0,640.0,320.0,40.0
2022022N,22/04/2022,"8,11,15,19,34,37",25,,,33356654.0,0.0,0,1077920.0,15,97990.0,9600.0,640.0,320.0,40.0
2022023N,26/04/2022,"9,23,30,32,34,40",25,,,37562137.0,0.0,0,0.0,0,102990.0,9600.0,640.0,320.0,40.0
2022024N,29/04/2022,"1,7,16,28,31,48",18,,,41303475.0,0.0,0,817380.0,20,63640.0,9600.0,640.0,320.0,40.0
2022025N,03/05/2022,"3,8,11,15,18,40",41,,,46917024.0,0.0,0,456250.0,40,41060.0,9600.0,640.0,320.0,40.0
2022026N,06/05/2022,"2,15,41,42,44,46",40,,,55484827.0,42745410.0,10,1959590.0,15,143820.0,9600.0,640.0,320.0,40.0
2022027N,10/05/2022,"12,14,19,39,41,48",33,,,27489794.0,0.0,0,1474770.0,10,128940.0,9600.0,640.0,320.0,40.0
2022028N,13/05/2022,"1,5,10,22,30,34",42,,,35768397.0,12146300.0,10,0.0,0,32550.0,9600.0,640.0,320.0,40.0
2022029N,17/05/2022,"4,7,29,35,40,46",17,,,33851150.0,0.0,0,1689100.0,5,118530.0,9600.0,640.0,320.0,40.0
2022030N,20/05/2022,"27,30,36,38,45,46",34,,,38829817.0,0.0,0,1988520.0,10,106050.0,9600.0,640.0,320.0,40.0
2022031N,24/05/2022,"5,7,8,17,47,49",34,,,44704001.0,0.0,0,1882330.0,10,53110.0,9600.0,640.0,320.0,40.0
2022032N,27/05/2022,"1,17,25,29,42,46",8,,,50049897.0,0.0,0,2573940.0,5,138660.0,9600.0,640.0,320.0,40.0
2022033N,31/05/2022,"2,13,35,39,43,48",9,,,62058835.0,25632360.0,15,2994200.0,10,80650.0,9600.0,640.0,320.0,40.0
2022034N,03/06/2022,"1,27,32,35,38,44",24,,,32899147.0,0.0,0,1805860.0,10,130150.0,9600.0,640.0,320.0,40.0
2022035N,07/06/2022,"9,16,21,35,47,48",36,,,41523842.0,0.0,0,2171800.0,5,127280.0,9600.0,640.0,320.0,40.0
2022036N,10/06/2022,"11,17,24,26,37,41",34,,,49657075.0,0.0,0,2296470.0,10,73780.0,9600.0,640.0,320.0,40.0
2022037N,14/06/2022,"7,16,21,30,34,38",41,,,55579863.0,0.0,0,2756310.0,5,102790.0,9600.0,640.0,320.0,40.0
2022038N,17/06/2022,"9,17,24,27,33,39",48,,,67022158.0,19797720.0,20,261670.0,95,36220.0,9600.0,640.0,320.0,40.0
2022039N,21/06/2022,"2,15,20,30,47,48",44,,,39970913.0,0.0,0,0.0,0,148360.0,9600.0,640.0,320.0,40.0
2022040N,27/06/2022,"1,13,19,26,29,37",15,MOS,回歸金多寶,197454377.0,58730450.0,15,2081160.0,45,83520.0,9600.0,640.0,320.0,40.0
2022041N,03/07/2022,"19,21,23,26,37,39",13,,,45565392.0,8000000.0,10,2231200.0,5,90830.0,9600.0,640.0,320.0,40.0
2022042N,05/07/2022,"9,30,31,32,37,40",25,,,34534407.0,0.0,0,0.0,0,123910.0,9600.0,640.0,320.0,40.0
2022043N,08/07/2022,"7,10,28,30,32,36",27,,,44220208.0,0.0,0,1950720.0,10,62290.0,9600.0,640.0,320.0,40.0
2022044N,12/07/2022,"4,13,22,27,43,47",23,,,52986580.0,0.0,0,1351460.0,20,108380.0,9600.0,640.0,320.0,40.0
2022045N,15/07/2022,"19,20,25,29,46,47",35,,,57069234.0,0.0,0,0.0,0,115450.0,9600.0,640.0,320.0,40.0
2022046N,22/07/2022,"5,12,21,30,34,38",3,,,90389776.0,47333350.0,10,1961180.0,20,62250.0,9600.0,640.0,320.0,40.0
2022047N,26/07/2022,"6,14,23,31,38,48",1,,,36135000.0,0.0,0,710540.0,25,82380.0,9600.0,640.0,320.0,40.0
2022048N,28/07/2022,"8,13,16,21,23,49",44,,,35217338.0,0.0,0,0.0,0,124080.0,9600.0,640.0,320.0,40.0
2022049N,30/07/2022,"21,25,34,37,41,46",14,,,41334851.0,21531600.0,10,885990.0,25,157500.0,9600.0,640.0,320.0,40.0
2022050N,02/08/2022,"4,8,9,11,42,46",47,,,33998792.0,0.0,0,0.0,0,64150.0,9600.0,640.0,320.0,40.0
2022051N,04/08/2022,"13,24,30,35,36,39",29,,,40120548.0,0.0,0,1849760.0,10,88080.0,9600.0,640.0,320.0,40.0
2022052N,09/08/2022,"1,12,25,28,36,46",13,SMR,暑期金多寶,125147677.0,18489150.0,30,554520.0,105,88970.0,9600.0,640.0,320.0,40.0
2022053N,11/08/2022,"7,12,22,26,43,49",5,,,32132482.0,0.0,0,0.0,0,69740.0,9600.0,640.0,320.0,40.0
2022054N,13/08/2022,"6,22,25,33,38,47",10,,,37996322.0,0.0,0,0.0,0,74700.0,9600.0,640.0,320.0,40.0
2022055N,16/08/2022,"7,20,31,35,41,47",42,,,51542307.0,24301130.0,5,0.0,0,131140.0,9600.0,640.0,320.0,40.0
2022056N,18/08/2022,"2,8,19,21,24,47",4,,,43012629.0,19987420.0,5,383780.0,45,52030.0,9600.0,640.0,320.0,40.0
2022057N,20/08/2022,"8,17,19,28,31,35",46,,,39651234.0,0.0,0,1920700.0,10,91950.0,9600.0,640.0,320.0,40.0
2022058N,23/08/2022,"4,8,9,10,30,42",22,,,48713465.0,0.0,0,261130.0,55,25790.0,9600.0,640.0,320.0,40.0
2022059N,25/08/2022,"16,19,32,33,42,46",34,,,45747959.0,18078230.0,15,0.0,0,110950.0,9600.0,640.0,320.0,40.0
2022060N,27/08/2022,"12,22,34,35,39,45",7,,,33167024.0,8000000.0,10,1628000.0,5,88590.0,9600.0,640.0,320.0,40.0
2022061N,30/08/2022,"7,8,9,17,24,25",20,,,36205482.0,8000000.0,10,425160.0,20,19200.0,9600.0,640.0,320.0,40.0
2022062N,01/09/2022,"23,24,30,31,45,46",26,,,32533897.0,0.0,0,417610.0,40,53990.0,9600.0,640.0,320.0,40.0
2022063N,03/09/2022,"2,8,12,19,35,45",33,,,37006024.0,0.0,0,1419720.0,10,29810.0,9600.0,640.0,320.0,40.0
2022064N,06/09/2022,"14,22,35,37,42,46",24,,,48573532.0,0.0,0,1610210.0,15,105580.0,9600.0,640.0,320.0,40.0
2022065N,08/09/2022,"8,14,15,20,41,44",3,,,52561188.0,0.0,0,0.0,0,99600.0,9600.0,640.0,320.0,40.0
2022066N,13/09/2022,"2,4,20,38,40,46",11,MAF,中秋金多寶,182576789.0,29226960.0,30,2050430.0,45,131930.0,9600.0,640.0,320.0,40.0
2022067N,15/09/2022,"21,23,29,30,33,49",40,,,33500720.0,0.0,0,1661820.0,10,116610.0,9600.0,640.0,320.0,40.0
2022068N,17/09/2022,"5,17,22,24,34,38",13,,,37442505.0,0.0,0,820970.0,20,69500.0,9600.0,640.0,320.0,40.0
2022069N,20/09/2022,"4,7,14,18,27,31",48,,,48327547.0,0.0,0,1022850.0,20,46420.0,9600.0,640.0,320.0,40.0
2022070N,22/09/2022,"8,11,31,32,33,36",46,,,54111404.0,0.0,0,2402310.0,10,57860.0,9600.0,640.0,320.0,40.0
2022071N,24/09/2022,"4,6,10,27,29,46",17,,,60837506.0,34648370.0,10,398970.0,70,54160.0,9600.0,640.0,320.0,40.0
2022072N,27/09/2022,"2,18,29,30,32,47",46,,,36423869.0,8000000.0,10,1863920.0,5,168490.0,9600.0,640.0,320.0,40.0
2022073N,29/09/2022,"6,8,18,36,37,44",30,,,35754279.0,8000000.0,10,1714440.0,10,101590.0,9600.0,640.0,320.0,40.0
2022074N,02/10/2022,"1,7,11,24,27,38",17,,,33627101.0,0.0,0,132190.0,75,21580.0,9600.0,640.0,320.0,40.0
2022075N,04/10/2022,"7,8,12,13,26,43",3,,,38897182.0,11440530.0,5,458730.0,25,30890.0,9600.0,640.0,320.0,40.0
2022076N,06/10/2022,"4,11,21,28,31,47",5,,,38073758.0,10454840.0,5,1052120.0,15,42720.0,9600.0,640.0,320.0,40.0
2022077N,08/10/2022,"7,11,28,31,43,48",42,,,36631394.0,10556950.0,10,1184340.0,15,66250.0,9600.0,640.0,320.0,40.0
2022078N,11/10/2022,"1,5,10,25,36,47",23,,,36963014.0,0.0,0,1587880.0,5,55710.0,9600.0,640.0,320.0,40.0
2022079N,13/10/2022,"1,10,14,38,47,48",40,,,39505659.0,0.0,0,2035820.0,5,92010.0,9600.0,640.0,320.0,40.0
2022080N,15/10/2022,"18,21,25,28,38,44",45,,,42634934.0,0.0,0,1390910.0,15,72720.0,9600.0,640.0,320.0,40.0
2022081N,18/10/2022,"7,25,26,39,44,45",46,,,52357252.0,0.0,0,1334310.0,20,100220.0,9600.0,640.0,320.0,40.0
2022082N,20/10/2022,"20,24,27,31,32,49",36,,,61781365.0,0.0,0,1552920.0,20,111920.0,9600.0,640.0,320.0,40.0
2022083N,22/10/2022,"12,15,16,42,44,45",4,,,73468382.0,0.0,0,3814730.0,5,118280.0,9600.0,640.0,320.0,40.0
2022084N,25/10/2022,"27,28,30,34,35,48",11,,,104943367.0,67977820.0,5,2016580.0,25,77930.0,9600.0,640.0,320.0,40.0
2022085N,29/10/2022,"4,5,12,15,28,29",20,STE,萬聖節金多寶,120113059.0,52210140.0,10,394720.0,120,36450.0,9600.0,640.0,320.0,40.0
2022086N,01/11/2022,"2,12,14,32,41,46",20,,,36189124.0,0.0,0,0.0,0,145900.0,9600.0,640.0,320.0,40.0
2022087N,03/11/2022,"10,13,19,21,27,49",35,,,39309446.0,0.0,0,1253510.0,15,97360.0,9600.0,640.0,320.0,40.0
2022088N,05/11/2022,"7,11,22,23,28,32",29,,,46650854.0,19627440.0,10,343860.0,40,20780.0,9600.0,640.0,320.0,40.0
2022089N,08/11/2022,"10,20,27,32,38,46",4,,,37724090.0,0.0,0,0.0,0,80890.0,9600.0,640.0,320.0,40.0
2022090N,10/11/2022,"11,12,14,18,29,30",31,,,41865200.0,0.0,0,343070.0,45,35120.0,9600.0,640.0,320.0,40.0
2022091N,13/11/2022,"5,12,18,19,26,33",46,,,49216310.0,19971910.0,10,1226720.0,15,19200.0,9600.0,640.0,320.0,40.0
2022092N,15/11/2022,"17,18,32,38,44,49",19,,,34023185.0,0.0,0,1126410.0,15,94850.0,9600.0,640.0,320.0,40.0
2022093N,17/11/2022,"1,9,27,32,33,35",45,,,39549034.0,6965150.0,20,1482570.0,10,108610.0,9600.0,640.0,320.0,40.0
2022094N,19/11/2022,"6,11,27,39,46,47",15,,,32445526.0,0.0,0,0.0,0,99690.0,9600.0,640.0,320.0,40.0
2022095N,22/11/2022,"6,10,11,13,32,46",39,,,41944030.0,0.0,0,1926660.0,10,79040.0,9600.0,640.0,320.0,40.0
2022096N,24/11/2022,"3,12,14,19,25,28",11,,,43534602.0,19644220.0,10,401830.0,35,33780.0,9600.0,640.0,320.0,40.0
2022097N,26/11/2022,"14,25,28,29,43,44",10,,,31264295.0,0.0,0,1677580.0,10,110450.0,9600.0,640.0,320.0,40.0
2022098N,29/11/2022,"12,18,22,28,31,40",7,,,40788310.0,12879910.0,10,464750.0,35,50430.0,9600.0,640.0,320.0,40.0
2022099N,01/12/2022,"14,18,27,32,39,42",43,,,32483170.0,0.0,0,811800.0,20,91720.0,9600.0,640.0,320.0,40.0
2022100N,03/12/2022,"2,15,31,34,38,41",21,,,36848745.0,13780810.0,5,1926930.0,10,90940.0,9600.0,640.0,320.0,40.0
2022101N,06/12/2022,"6,11,17,30,44,46",5,,,39842318.0,0.0,0,844930.0,20,83450.0,9600.0,640.0,320.0,40.0
2022102N,08/12/2022,"17,19,35,39,44,46",21,,,42867141.0,18752260.0,5,1132040.0,20,106850.0,9600.0,640.0,320.0,40.0
2022103N,10/12/2022,"6,12,20,25,39,49",7,,,38298392.0,0.0,0,849940.0,20,83170.0,9600.0,640.0,320.0,40.0
2022104N,13/12/2022,"12,38,39,40,45,49",10,,,44959369.0,0.0,0,2232500.0,10,92290.0,9600.0,640.0,320.0,40.0
2022105N,15/12/2022,"5,7,18,26,31,45",30,,,49275593.0,0.0,0,762460.0,30,89700.0,9600.0,640.0,320.0,40.0
2022106N,17/12/2022,"6,14,15,26,35,40",8,,,54811827.0,0.0,0,507560.0,55,111100.0,9600.0,640.0,320.0,40.0
2022107N,20/12/2022,"28,36,37,38,41,45",42,,,73099838.0,0.0,0,664970.0,55,84070.0,9600.0,640.0,320.0,40.0
2022108N,22/12/2022,"16,18,19,33,41,46",37,,,88531446.0,59781380.0,10,1377660.0,30,65600.0,9600.0,640.0,320.0,40.0
2022109N,25/12/2022,"2,7,11,14,18,39",29,,,35199454.0,0.0,0,628060.0,20,38060.0,9600.0,640.0,320.0,40.0
2022110N,27/12/2022,"5,13,18,32,39,45",44,,,37136775.0,0.0,0,933370.0,20,104800.0,9600.0,640.0,320.0,40.0
2022111N,29/12/2022,"1,2,21,33,41,45",4,,,45151430.0,0.0,0,0.0,0,128350.0,9600.0,640.0,320.0,40.0
2023001N,03/01/2023,"7,20,25,27,35,43",1,SBD,新年金多寶,179088381.0,86256300.0,10,3500840.0,25,85490.0,9600.0,640.0,320.0,40.0
2023002N,05/01/2023,"5,9,19,34,36,49",23,,,34110690.0,8000000.0,10,937550.0,15,50330.0,9600.0,640.0,320.0,40.0
2023003N,07/01/2023,"10,31,33,34,43,49",40,,,34111184.0,0.0,0,1751100.0,10,103760.0,9600.0,640.0,320.0,40.0
2023004N,10/01/2023,"2,21,24,29,35,47",18,,,43363038.0,0.0,0,871860.0,25,149030.0,9600.0,640.0,320.0,40.0
2023005N,12/01/2023,"6,22,26,27,40,45",13,,,48769832.0,0.0,0,791240.0,30,124110.0,9600.0,640.0,320.0,40.0
2023006N,14/01/2023,"3,5,16,26,35,38",9,,,52439102.0,14321080.0,20,775770.0,30,71990.0,9600.0,640.0,320.0,40.0
2023007N,17/01/2023,"10,15,29,34,38,47",18,,,37966702.0,0.0,0,2005750.0,10,111430.0,9600.0,640.0,320.0,40.0
2023008N,19/01/2023,"17,25,27,29,36,49",23,,,43561547.0,0.0,0,1413400.0,15,122900.0,9600.0,640.0,320.0,40.0
2023009N,26/01/2023,"2,3,23,31,32,43",40,CNY,新春金多寶,229021817.0,92400130.0,5,1200000.0,90,57140.0,9600.0,640.0,320.0,40.0
2023010N,28/01/2023,"2,12,16,38,45,46",14,,,108202412.0,0.0,0,965930.0,55,114240.0,9600.0,640.0,320.0,40.0
2023011N,02/02/2023,"2,8,23,33,34,35",43,,,184349737.0,56039410.0,15,584560.0,125,43300.0,9600.0,640.0,320.0,40.0
2023012N,04/02/2023,"14,18,25,29,31,42",6,,,39149448.0,0.0,0,1964580.0,10,100740.0,9600.0,640.0,320.0,40.0
2023013N,07/02/2023,"4,11,13,14,30,37",20,,,52155739.0,0.0,0,2129950.0,5,56510.0,9600.0,640.0,320.0,40.0
2023014N,09/02/2023,"1,9,13,27,29,40",20,,,55821802.0,0.0,0,1203530.0,20,83900.0,9600.0,640.0,320.0,40.0
2023015N,11/02/2023,"13,18,22,29,34,41",23,,,59553612.0,31022110.0,10,927340.0,30,76870.0,9600.0,640.0,320.0,40.0
2023016N,14/02/2023,"3,13,19,32,33,39",24,,,41472968.0,0.0,0,318500.0,55,49690.0,9600.0,640.0,320.0,40.0
2023017N,16/02/2023,"8,9,13,22,38,39",11,,,45531760.0,5289720.0,25,1044860.0,15,35230.0,9600.0,640.0,320.0,40.0
2023018N,18/02/2023,"4,12,20,28,34,49",43,,,35418734.0,0.0,0,1696540.0,10,35760.0,9600.0,640.0,320.0,40.0
2023019N,21/02/2023,"8,19,29,30,33,41",4,,,46288151.0,0.0,0,1053860.0,20,84520.0,9600.0,640.0,320.0,40.0
2023020N,23/02/2023,"8,16,32,42,47,48",35,,,50424254.0,0.0,0,0.0,0,97550.0,9600.0,640.0,320.0,40.0
2023021N,25/02/2023,"14,25,27,28,44,47",4,,,56972900.0,0.0,0,2690600.0,10,84910.0,9600.0,640.0,320.0,40.0
2023022N,28/02/2023,"8,13,29,33,40,42",3,,,75499361.0,41228280.0,10,320860.0,90,34370.0,9600.0,640.0,320.0,40.0
2023023N,02/03/2023,"14,17,19,32,39,46",36,,,36708062.0,0.0,0,0.0,0,91150.0,9600.0,640.0,320.0,40.0
2023024N,04/03/2023,"1,9,15,26,42,44",25,,,41536994.0,0.0,0,1015520.0,20,121710.0,9600.0,640.0,320.0,40.0
2023025N,07/03/2023,"4,11,12,26,37,40",7,,,54550110.0,0.0,0,653350.0,35,77970.0,9600.0,640.0,320.0,40.0
2023026N,09/03/2023,"1,4,7,14,31,37",11,,,57942910.0,27975670.0,5,89910.0,190,25030.0,9600.0,640.0,320.0,40.0
2023027N,12/03/2023,"11,12,13,20,35,43",44,,,52380284.0,0.0,0,2478390.0,10,107460.0,9600.0,640.0,320.0,40.0
2023028N,14/03/2023,"1,2,10,12,18,37",43,,,55626015.0,0.0,0,1167030.0,20,40150.0,9600.0,640.0,320.0,40.0
2023029N,16/03/2023,"18,21,28,30,34,40",14,,,64058233.0,0.0,0,1553770.0,20,79680.0,9600.0,640.0,320.0,40.0
2023030N,18/03/2023,"4,7,17,34,42,48",3,,,73270359.0,48270680.0,10,1753790.0,20,85030.0,9600.0,640.0,320.0,40.0
2023031N,21/03/2023,"8,13,18,30,33,41",20,,,37973034.0,5333330.0,15,0.0,0,30920.0,9600.0,640.0,320.0,40.0
2023032N,23/03/2023,"5,14,17,20,22,32",33,,,37475203.0,0.0,0,0.0,0,99020.0,9600.0,640.0,320.0,40.0
2023033N,25/03/2023,"11,15,18,26,31,37",10,,,39733832.0,15024910.0,10,501050.0,35,53440.0,9600.0,640.0,320.0,40.0
2023034N,28/03/2023,"9,10,16,41,44,46",39,,,37267945.0,0.0,0,0.0,0,134180.0,9600.0,640.0,320.0,40.0
2023035N,30/03/2023,"1,8,12,36,42,47",40,,,43899412.0,0.0,0,572830.0,35,62160.0,9600.0,640.0,320.0,40.0
2023036N,01/04/2023,"8,9,12,19,21,40",24,,,47668512.0,0.0,0,855870.0,20,48300.0,9600.0,640.0,320.0,40.0
2023037N,04/04/2023,"15,19,20,24,36,47",4,,,57413909.0,0.0,0,1472330.0,20,110590.0,9600.0,640.0,320.0,40.0
2023038N,08/04/2023,"1,13,17,18,33,36",22,EAS,復活節金多寶,101427219.0,12168880.0,35,1399000.0,30,55260.0,9600.0,640.0,320.0,40.0
2023039N,11/04/2023,"12,23,29,40,42,43",20,,,36048672.0,0.0,0,0.0,0,166780.0,9600.0,640.0,320.0,40.0
2023040N,13/04/2023,"9,14,15,32,36,48",25,,,43095286.0,0.0,0,0.0,0,82670.0,9600.0,640.0,320.0,40.0
2023041N,16/04/2023,"10,12,18,20,23,36",6,,,54802224.0,23293190.0,10,338530.0,50,23380.0,9600.0,640.0,320.0,40.0
2023042N,18/04/2023,"20,23,27,28,30,46",29,,,35106436.0,0.0,0,362550.0,45,82860.0,9600.0,640.0,320.0,40.0
2023043N,20/04/2023,"1,20,24,28,38,46",40,,,40746484.0,0.0,0,811020.0,25,115030.0,9600.0,640.0,320.0,40.0
2023044N,22/04/2023,"2,6,7,9,17,19",26,,,45581152.0,7602480.0,20,39370.0,95,19200.0,9600.0,640.0,320.0,40.0
2023045N,25/04/2023,"20,26,38,43,46,47",35,,,36578731.0,0.0,0,1987020.0,5,107040.0,9600.0,640.0,320.0,40.0
2023046N,27/04/2023,"8,12,21,43,44,49",27,,,41507112.0,15042030.0,10,1008080.0,20,129550.0,9600.0,640.0,320.0,40.0
2023047N,29/04/2023,"7,8,17,19,27,40",2,,,33588472.0,8000000.0,10,220070.0,45,33210.0,9600.0,640.0,320.0,40.0
2023048N,02/05/2023,"4,10,20,32,38,49",7,,,36917434.0,8000000.0,10,882100.0,20,81810.0,9600.0,640.0,320.0,40.0
2023049N,04/05/2023,"2,10,28,37,47,49",7,,,35528511.0,0.0,0,864820.0,20,101370.0,9600.0,640.0,320.0,40.0
2023050N,06/05/2023,"1,5,14,15,21,25",31,,,38607230.0,12530890.0,10,1006860.0,15,38720.0,9600.0,640.0,320.0,40.0
2023051N,09/05/2023,"7,10,22,25,32,35",27,,,37272020.0,0.0,0,1704050.0,5,61240.0,9600.0,640.0,320.0,40.0
2023052N,11/05/2023,"17,18,28,30,32,33",1,,,42045167.0,0.0,0,1721620.0,5,36290.0,9600.0,640.0,320.0,40.0
2023053N,14/05/2023,"1,4,9,35,37,48",43,,,49254796.0,22308760.0,10,0.0,0,103200.0,9600.0,640.0,320.0,40.0
2023054N,16/05/2023,"2,18,27,31,32,46",44,,,35691798.0,0.0,0,1770210.0,10,115130.0,9600.0,640.0,320.0,40.0
2023055N,18/05/2023,"5,6,12,16,41,47",7,,,39616432.0,0.0,0,883920.0,20,142850.0,9600.0,640.0,320.0,40.0
2023056N,20/05/2023,"1,19,22,26,46,47",39,,,41705550.0,0.0,0,553970.0,40,109420.0,9600.0,640.0,320.0,40.0
2023057N,23/05/2023,"4,14,15,37,41,49",38,,,53354696.0,0.0,0,1851290.0,15,98080.0,9600.0,640.0,320.0,40.0
2023058N,25/05/2023,"3,14,18,26,40,43",15,,,60107941.0,0.0,0,0.0,0,155090.0,9600.0,640.0,320.0,40.0
2023059N,27/05/2023,"11,20,21,22,27,32",12,,,77802262.0,49073940.0,10,600940.0,45,39620.0,9600.0,640.0,320.0,40.0
2023060N,30/05/2023,"3,9,15,30,32,41",26,,,35568870.0,8000000.0,10,850970.0,20,99740.0,9600.0,640.0,320.0,40.0
2023061N,01/06/2023,"14,30,32,42,45,47",4,,,34508646.0,8000000.0,10,946810.0,20,174120.0,9600.0,640.0,320.0,40.0
2023062N,03/06/2023,"2,16,24,25,47,48",40,,,32619469.0,0.0,0,1644850.0,10,80480.0,9600.0,640.0,320.0,40.0
2023063N,06/06/2023,"6,12,34,42,45,48",2,,,41972096.0,0.0,0,849570.0,25,99360.0,9600.0,640.0,320.0,40.0
2023064N,08/06/2023,"4,22,24,28,45,46",7,,,48027796.0,0.0,0,2294160.0,5,91310.0,9600.0,640.0,320.0,40.0
2023065N,11/06/2023,"14,16,18,22,30,47",11,,,58895513.0,0.0,0,1135480.0,25,87510.0,9600.0,640.0,320.0,40.0
2023066N,13/06/2023,"14,16,22,26,36,42",19,,,68420902.0,40948040.0,10,1337400.0,25,72480.0,9600.0,640.0,320.0,40.0
2023067N,15/06/2023,"5,13,17,20,33,38",14,,,34039129.0,8000000.0,5,475590.0,30,44760.0,9600.0,640.0,320.0,40.0
2023068N,17/06/2023,"18,22,31,35,44,48",6,,,33637623.0,0.0,0,1682740.0,10,77360.0,9600.0,640.0,320.0,40.0
2023069N,20/06/2023,"8,18,31,34,35,47",39,,,44289453.0,0.0,0,2272400.0,10,114330.0,9600.0,640.0,320.0,40.0
2023070N,22/06/2023,"14,15,24,30,37,39",26,DBF,端午金多寶,91097328.0,0.0,0,1541180.0,30,116310.0,9600.0,640.0,320.0,40.0
2023071N,24/06/2023,"1,11,14,16,26,36",39,,,96851292.0,56344000.0,5,1385920.0,30,46060.0,9600.0,640.0,320.0,40.0
2023072N,27/06/2023,"7,10,16,18,29,45",1,,,74802703.0,0.0,0,738680.0,45,70630.0,9600.0,640.0,320.0,40.0
2023073N,29/06/2023,"6,10,18,21,22,33",4,,,81262464.0,19056090.0,25,527550.0,60,44660.0,9600.0,640.0,320.0,40.0
2023074N,02/07/2023,"3,6,25,29,35,42",36,,,35286851.0,0.0,0,1778210.0,5,107770.0,9600.0,640.0,320.0,40.0
2023075N,04/07/2023,"5,15,20,29,32,37",18,,,42080362.0,0.0,0,0.0,0,107460.0,9600.0,640.0,320.0,40.0
2023076N,08/07/2023,"1,11,22,26,38,39",27,,,63839510.0,25256940.0,5,1032460.0,25,45580.0,9600.0,640.0,320.0,40.0
2023077N,11/07/2023,"7,19,22,27,40,47",13,,,50468950.0,0.0,0,1562630.0,15,98430.0,9600.0,640.0,320.0,40.0
2023078N,13/07/2023,"3,8,11,23,36,38",33,,,54267777.0,24082090.0,5,92110.0,160,19200.0,9600.0,640.0,320.0,40.0
2023079N,15/07/2023,"4,9,12,33,37,42",3,,,46236779.0,0.0,0,1369220.0,15,58890.0,9600.0,640.0,320.0,40.0
2023080N,18/07/2023,"15,16,34,36,39,40",42,,,53656300.0,26751000.0,10,2849480.0,10,104090.0,9600.0,640.0,320.0,40.0
2023081N,20/07/2023,"4,16,18,34,35,46",47,,,36803315.0,0.0,0,1237900.0,15,99030.0,9600.0,640.0,320.0,40.0
2023082N,25/07/2023,"1,2,10,13,29,47",9,SMR,暑期金多寶,133688280.0,21616130.0,25,712900.0,75,45910.0,9600.0,640.0,320.0,40.0
2023083N,27/07/2023,"13,15,17,18,20,43",39,,,34541356.0,8000000.0,5,1786270.0,10,98210.0,9600.0,640.0,320.0,40.0
2023084N,29/07/2023,"13,23,26,40,41,43",14,,,34839965.0,0.0,0,904930.0,20,113560.0,9600.0,640.0,320.0,40.0
2023085N,01/08/2023,"2,7,25,28,31,35",11,,,45080955.0,0.0,0,503010.0,35,74520.0,9600.0,640.0,320.0,40.0
2023086N,03/08/2023,"3,14,23,30,33,44",21,,,47912933.0,0.0,0,1030020.0,20,63140.0,9600.0,640.0,320.0,40.0
2023087N,05/08/2023,"2,8,24,39,41,44",40,,,52818584.0,29063330.0,10,1815990.0,15,111750.0,9600.0,640.0,320.0,40.0
2023088N,08/08/2023,"4,7,18,28,30,40",29,,,37925396.0,0.0,0,677810.0,20,48850.0,9600.0,640.0,320.0,40.0
2023089N,10/08/2023,"2,3,4,13,18,42",12,,,41081607.0,0.0,0,1463350.0,10,33070.0,9600.0,640.0,320.0,40.0
2023090N,12/08/2023,"3,12,13,17,24,36",16,,,44887425.0,0.0,0,952280.0,20,70530.0,9600.0,640.0,320.0,40.0
2023091N,15/08/2023,"4,12,17,37,38,39",41,,,56989344.0,13292970.0,20,1130950.0,25,78940.0,9600.0,640.0,320.0,40.0
2023092N,17/08/2023,"3,9,15,18,21,37",42,,,35086943.0,0.0,0,775710.0,20,51390.0,9600.0,640.0,320.0,40.0
2023093N,19/08/2023,"8,14,18,20,23,25",44,,,39723946.0,6369920.0,20,175540.0,90,31200.0,9600.0,640.0,320.0,40.0
2023094N,22/08/2023,"1,5,7,12,48,49",16,,,37363159.0,8000000.0,10,134400.0,60,19200.0,9600.0,640.0,320.0,40.0
2023095N,24/08/2023,"6,18,29,31,44,46",8,,,34293799.0,0.0,0,1697460.0,10,137160.0,9600.0,640.0,320.0,40.0
2023096N,26/08/2023,"16,26,31,35,39,46",3,,,39349610.0,0.0,0,2073870.0,10,151510.0,9600.0,640.0,320.0,40.0
2023097N,29/08/2023,"3,6,7,33,36,46",4,,,51038741.0,20215930.0,10,444020.0,45,37520.0,9600.0,640.0,320.0,40.0
2023098N,31/08/2023,"10,15,17,21,40,44",12,,,33505359.0,8000000.0,10,0.0,0,145510.0,9600.0,640.0,320.0,40.0
2023099N,03/09/2023,"15,20,25,39,45,48",28,,,34305064.0,0.0,0,440280.0,40,140190.0,9600.0,640.0,320.0,40.0
2023100N,05/09/2023,"2,5,20,24,27,32",12,,,41052009.0,0.0,0,1586290.0,10,87210.0,9600.0,640.0,320.0,40.0
2023101N,07/09/2023,"20,22,24,25,29,49",36,,,45962669.0,0.0,0,1196060.0,20,100450.0,9600.0,640.0,320.0,40.0
2023102N,09/09/2023,"4,6,19,32,39,42",34,,,46662389.0,0.0,0,1171250.0,20,150520.0,9600.0,640.0,320.0,40.0
2023103N,12/09/2023,"4,10,12,16,30,32",14,,,65170461.0,34785090.0,10,401140.0,65,41090.0,9600.0,640.0,320.0,40.0
2023104N,14/09/2023,"17,27,30,31,32,38",11,,,34362063.0,0.0,0,799280.0,20,101490.0,9600.0,640.0,320.0,40.0
2023105N,16/09/2023,"10,24,34,40,41,45",35,,,38689064.0,0.0,0,0.0,0,125130.0,9600.0,640.0,320.0,40.0
2023106N,19/09/2023,"8,9,10,27,35,38",46,,,52280526.0,0.0,0,1110010.0,20,57470.0,9600.0,640.0,320.0,40.0
2023107N,21/09/2023,"1,10,22,28,33,46",37,,,55910696.0,0.0,0,935300.0,25,61730.0,9600.0,640.0,320.0,40.0
2023108N,23/09/2023,"3,27,28,35,44,46",12,,,64636741.0,0.0,0,1607830.0,20,102690.0,9600.0,640.0,320.0,40.0
2023109N,28/09/2023,"9,12,30,31,45,48",46,MAF,中秋金多寶,186230621.0,87091760.0,5,2580160.0,35,89350.0,9600.0,640.0,320.0,40.0
2023110N,30/09/2023,"6,8,11,26,35,47",1,,,97041946.0,0.0,0,725950.0,55,63000.0,9600.0,640.0,320.0,40.0
2023111N,03/10/2023,"8,16,32,39,40,43",29,,,108491306.0,47871870.0,15,2171150.0,25,91370.0,9600.0,640.0,320.0,40.0
2023112N,05/10/2023,"2,11,20,29,41,49",45,,,37060046.0,0.0,0,1891330.0,10,95160.0,9600.0,640.0,320.0,40.0
2023113N,07/10/2023,"4,9,12,36,43,47",26,,,40755656.0,13755970.0,10,0.0,0,82520.0,9600.0,640.0,320.0,40.0
2023114N,10/10/2023,"1,12,22,23,34,39",30,,,38412506.0,8000000.0,10,1703750.0,5,69890.0,9600.0,640.0,320.0,40.0
2023115N,12/10/2023,"2,13,23,28,30,31",3,,,37359399.0,8000000.0,5,348470.0,40,43730.0,9600.0,640.0,320.0,40.0
2023116N,14/10/2023,"1,29,31,42,47,48",40,,,36770451.0,0.0,0,2015580.0,10,147250.0,9600.0,640.0,320.0,40.0
2023117N,17/10/2023,"8,18,24,34,41,42",31,,,46763407.0,0.0,0,1149860.0,20,76650.0,9600.0,640.0,320.0,40.0
2023118N,19/10/2023,"1,13,18,32,34,49",44,,,50503187.0,0.0,0,2520000.0,10,102590.0,9600.0,640.0,320.0,40.0
2023119N,21/10/2023,"6,8,12,31,32,46",4,,,56311109.0,30402240.0,10,1310280.0,15,36270.0,9600.0,640.0,320.0,40.0
2023120N,24/10/2023,"19,20,29,45,48,49",8,,,35723268.0,0.0,0,0.0,0,101140.0,9600.0,640.0,320.0,40.0
2023121N,26/10/2023,"11,16,27,32,33,37",24,,,43341115.0,15461650.0,10,0.0,0,43570.0,9600.0,640.0,320.0,40.0
2023122N,31/10/2023,"4,33,35,36,41,49",1,STE,萬聖節金多寶,127195633.0,57679340.0,10,1009190.0,65,106980.0,9600.0,640.0,320.0,40.0
2023123N,02/11/2023,"3,14,32,37,43,47",26,,,34490561.0,0.0,0,592520.0,30,85400.0,9600.0,640.0,320.0,40.0
2023124N,04/11/2023,"2,13,16,28,40,44",46,,,39087404.0,0.0,0,977340.0,20,108590.0,9600.0,640.0,320.0,40.0
2023125N,07/11/2023,"7,16,26,31,47,49",44,,,51154758.0,21842120.0,5,0.0,0,97140.0,9600.0,640.0,320.0,40.0
2023126N,09/11/2023,"1,4,18,25,30,49",15,,,48034783.0,19982510.0,5,0.0,0,59580.0,9600.0,640.0,320.0,40.0
2023127N,12/11/2023,"19,26,32,34,37,44",11,,,47813946.0,0.0,0,2407820.0,10,93730.0,9600.0,640.0,320.0,40.0
2023128N,14/11/2023,"2,15,27,36,37,48",23,,,50830906.0,0.0,0,883970.0,30,138660.0,9600.0,640.0,320.0,40.0
2023129N,16/11/2023,"3,5,8,16,26,33",24,,,59591983.0,16459630.0,20,748620.0,25,30670.0,9600.0,640.0,320.0,40.0
2023130N,18/11/2023,"6,25,29,30,34,35",20,,,33141120.0,8000000.0,10,0.0,0,77100.0,9600.0,640.0,320.0,40.0
2023131N,21/11/2023,"9,11,15,17,19,44",7,,,37949038.0,0.0,0,162990.0,70,35370.0,9600.0,640.0,320.0,40.0
2023132N,23/11/2023,"11,16,24,27,28,32",48,,,40957615.0,13171710.0,10,861950.0,20,35490.0,9600.0,640.0,320.0,40.0
2023133N,25/11/2023,"2,8,12,28,34,47",7,,,32877360.0,0.0,0,542310.0,20,40730.0,9600.0,640.0,320.0,40.0
2023134N,28/11/2023,"3,14,20,30,38,42",13,,,43051665.0,14213450.0,10,1035570.0,20,74130.0,9600.0,640.0,320.0,40.0
2023135N,30/11/2023,"7,12,32,34,36,39",5,,,34688840.0,0.0,0,0.0,0,96860.0,9600.0,640.0,320.0,40.0
2023136N,02/12/2023,"3,17,30,36,38,45",8,,,41578848.0,0.0,0,1353520.0,15,150390.0,9600.0,640.0,320.0,40.0
2023137N,05/12/2023,"9,16,23,38,39,41",19,,,52681562.0,0.0,0,1190450.0,20,75130.0,9600.0,640.0,320.0,40.0
2023138N,07/12/2023,"27,28,37,38,43,45",40,,,56080440.0,0.0,0,1901560.0,15,79230.0,9600.0,640.0,320.0,40.0
2023139N,09/12/2023,"2,3,4,31,46,49",34,,,64383920.0,0.0,0,1253260.0,25,87480.0,9600.0,640.0,320.0,40.0
2023140N,12/12/2023,"3,10,20,24,27,42",45,,,90138637.0,0.0,0,878650.0,50,97620.0,9600.0,640.0,320.0,40.0
2023141N,14/12/2023,"3,4,11,37,44,48",36,,,106117614.0,0.0,0,1021500.0,50,91400.0,9600.0,640.0,320.0,40.0
2023142N,19/12/2023,"4,9,13,33,35,46",6,,,177377384.0,61757860.0,15,535020.0,145,78360.0,9600.0,640.0,320.0,40.0
2023143N,21/12/2023,"1,10,12,33,46,49",32,,,34194175.0,0.0,0,400200.0,35,66700.0,9600.0,640.0,320.0,40.0
2023144N,24/12/2023,"2,8,16,19,37,49",20,,,44628700.0,0.0,0,1943520.0,10,71480.0,9600.0,640.0,320.0,40.0
2023145N,28/12/2023,"11,18,27,29,34,45",28,,,61407861.0,0.0,0,2696420.0,10,63510.0,9600.0,640.0,320.0,40.0
2023146N,30/12/2023,"5,8,19,25,41,48",24,,,62019078.0,0.0,0,0.0,0,88490.0,9600.0,640.0,320.0,40.0
2024001N,03/01/2024,"2,3,19,34,37,46",32,SBD,新年金多寶,171448460.0,0.0,0,542130.0,140,63540.0,9600.0,640.0,320.0,40.0
2024002N,06/01/2024,"1,4,24,31,33,34",2,,,217293715.0,73616970.0,15,768210.0,120,59090.0,9600.0,640.0,320.0,40.0
2024003N,09/01/2024,"3,9,16,19,33,35",39,,,41956898.0,8000000.0,10,945640.0,15,35680.0,9600.0,640.0,320.0,40.0
2024004N,11/01/2024,"3,6,8,26,29,38",1,,,39925810.0,0.0,0,235430.0,50,22660.0,9600.0,640.0,320.0,40.0
2024005N,14/01/2024,"3,17,18,36,38,39",21,,,49593433.0,0.0,0,1515390.0,15,66970.0,9600.0,640.0,320.0,40.0
2024006N,16/01/2024,"1,6,8,27,41,47",29,,,53512905.0,0.0,0,2421340.0,10,60910.0,9600.0,640.0,320.0,40.0
2024007N,18/01/2024,"2,10,17,46,47,49",3,,,63001095.0,0.0,0,566880.0,50,85400.0,9600.0,640.0,320.0,40.0
2024008N,20/01/2024,"3,25,31,40,43,48",45,,,73823573.0,41969540.0,10,3794320.0,10,117650.0,9600.0,640.0,320.0,40.0
2024009N,23/01/2024,"2,6,7,14,30,43",15,,,38072493.0,0.0,0,1572410.0,10,81410.0,9600.0,640.0,320.0,40.0
2024010N,25/01/2024,"2,5,15,32,45,49",19,,,43056463.0,14132260.0,10,584020.0,35,85840.0,9600.0,640.0,320.0,40.0
2024011N,27/01/2024,"1,8,13,19,34,47",12,,,34436697.0,8000000.0,10,1204220.0,10,42250.0,9600.0,640.0,320.0,40.0
2024012N,30/01/2024,"8,20,21,29,30,49",32,,,39565571.0,8000000.0,5,0.0,0,77390.0,9600.0,640.0,320.0,40.0
2024013N,01/02/2024,"4,12,15,23,24,31",43,,,41330384.0,0.0,0,468470.0,40,56140.0,9600.0,640.0,320.0,40.0
2024014N,03/02/2024,"3,7,21,32,36,47",23,,,47719513.0,0.0,0,308800.0,65,46340.0,9600.0,640.0,320.0,40.0
2024015N,06/02/2024,"15,18,19,38,41,49",22,,,62259415.0,0.0,0,3179570.0,10,137860.0,9600.0,640.0,320.0,40.0
2024016N,08/02/2024,"5,7,9,20,22,25",13,,,73029107.0,34474930.0,5,290440.0,85,28310.0,9600.0,640.0,320.0,40.0
2024017N,14/02/2024,"10,12,13,24,25,48",15,CNY,新春金多寶,291614875.0,82413940.0,15,1716480.0,75,55370.0,9600.0,640.0,320.0,40.0
2024018N,17/02/2024,"9,23,26,27,36,41",24,,,43055933.0,8000000.0,10,684510.0,30,85560.0,9600.0,640.0,320.0,40.0
2024019N,20/02/2024,"10,26,27,29,30,45",37,,,43696150.0,0.0,0,1105400.0,20,92110.0,9600.0,640.0,320.0,40.0
2024020N,22/02/2024,"22,25,33,34,35,39",5,,,47532331.0,14341020.0,10,1056830.0,20,79940.0,9600.0,640.0,320.0,40.0
2024021N,24/02/2024,"2,7,24,29,30,36",6,,,38000436.0,8000000.0,5,704330.0,20,55080.0,9600.0,640.0,320.0,40.0
2024022N,27/02/2024,"3,11,12,22,24,26",21,,,44702921.0,0.0,0,232700.0,55,19200.0,9600.0,640.0,320.0,40.0
2024023N,29/02/2024,"5,13,16,36,39,41",38,,,47560353.0,0.0,0,0.0,0,82010.0,9600.0,640.0,320.0,40.0
2024024N,02/03/2024,"7,23,31,35,43,46",10,,,53237610.0,0.0,0,0.0,0,82150.0,9600.0,640.0,320.0,40.0
2024025N,05/03/2024,"11,24,34,36,39,42",38,,,71886500.0,0.0,0,1654240.0,20,78070.0,9600.0,640.0,320.0,40.0
2024026N,07/03/2024,"5,22,30,31,32,39",44,,,88406173.0,0.0,0,1747420.0,25,112010.0,9600.0,640.0,320.0,40.0
2024027N,09/03/2024,"4,5,8,21,32,42",45,,,106921091.0,0.0,0,1304640.0,40,84340.0,9600.0,640.0,320.0,40.0
2024028N,12/03/2024,"13,16,18,24,32,43",44,,,153316396.0,88597560.0,5,1464170.0,50,81170.0,9600.0,640.0,320.0,40.0
2024029N,14/03/2024,"6,23,24,31,34,49",1,,,104779023.0,0.0,0,929060.0,50,92790.0,9600.0,640.0,320.0,40.0
2024030N,17/03/2024,"1,8,13,23,40,44",15,,,124998398.0,76086400.0,10,2380200.0,25,86940.0,9600.0,640.0,320.0,40.0
2024031N,19/03/2024,"7,8,29,30,36,48",28,,,39157438.0,0.0,0,492640.0,30,49570.0,9600.0,640.0,320.0,40.0
2024032N,21/03/2024,"6,19,20,34,39,42",44,,,47045890.0,7675880.0,20,1225290.0,20,89510.0,9600.0,640.0,320.0,40.0
2024033N,23/03/2024,"11,18,24,35,42,46",3,,,37536991.0,0.0,0,1766150.0,5,107030.0,9600.0,640.0,320.0,40.0
2024034N,26/03/2024,"6,11,12,18,24,42",38,,,49533360.0,0.0,0,296140.0,55,20630.0,9600.0,640.0,320.0,40.0
2024035N,28/03/2024,"2,9,15,20,39,48",43,,,55880649.0,22142760.0,10,1860740.0,15,83620.0,9600.0,640.0,320.0,40.0
2024036N,30/03/2024,"2,6,18,22,36,39",21,EAS,復活節金多寶,83887661.0,41051450.0,5,2455870.0,15,54810.0,9600.0,640.0,320.0,40.0
2024037N,02/04/2024,"16,25,31,42,43,44",7,,,63190696.0,0.0,0,3202770.0,5,86260.0,9600.0,640.0,320.0,40.0
2024038N,04/04/2024,"4,8,12,22,24,26",1,,,71716401.0,14659460.0,25,233960.0,70,19200.0,9600.0,640.0,320.0,40.0
2024039N,06/04/2024,"15,16,17,30,34,35",25,,,35830560.0,8000000.0,10,1726050.0,10,71360.0,9600.0,640.0,320.0,40.0
2024040N,09/04/2024,"13,20,29,30,34,48",3,,,41144546.0,8000000.0,10,0.0,0,119890.0,9600.0,640.0,320.0,40.0
2024041N,11/04/2024,"2,7,9,13,33,35",49,,,40307751.0,0.0,0,807420.0,20,53490.0,9600.0,640.0,320.0,40.0
2024042N,13/04/2024,"6,10,12,14,17,41",47,,,43639576.0,13644070.0,5,0.0,0,63100.0,9600.0,640.0,320.0,40.0
2024043N,16/04/2024,"12,14,17,18,23,44",27,,,49944294.0,0.0,0,1604220.0,15,127060.0,9600.0,640.0,320.0,40.0
2024044N,18/04/2024,"17,25,26,30,38,48",28,,,51989851.0,0.0,0,2561350.0,10,96880.0,9600.0,640.0,320.0,40.0
2024045N,21/04/2024,"7,8,10,12,17,27",25,,,63629164.0,7909880.0,35,194190.0,70,19200.0,9600.0,640.0,320.0,40.0
2024046N,23/04/2024,"5,6,16,27,37,47",24,,,36573781.0,5333330.0,15,0.0,0,63240.0,9600.0,640.0,320.0,40.0
2024047N,25/04/2024,"3,17,25,32,36,38",46,,,38079881.0,0.0,0,1809070.0,10,101560.0,9600.0,640.0,320.0,40.0
2024048N,27/04/2024,"9,18,28,40,47,48",23,,,42778772.0,0.0,0,1997480.0,10,71980.0,9600.0,640.0,320.0,40.0
2024049N,30/04/2024,"11,12,28,35,37,39",30,,,54985753.0,0.0,0,2681260.0,10,95330.0,9600.0,640.0,320.0,40.0
2024050N,02/05/2024,"6,18,21,39,42,46",17,,,58021809.0,0.0,0,1465300.0,20,128110.0,9600.0,640.0,320.0,40.0
2024051N,04/05/2024,"1,3,7,21,28,30",45,,,64517585.0,15089930.0,25,656830.0,35,21120.0,9600.0,640.0,320.0,40.0
2024052N,07/05/2024,"8,19,27,30,36,42",2,,,39572261.0,0.0,0,1801160.0,10,102190.0,9600.0,640.0,320.0,40.0
2024053N,09/05/2024,"5,14,15,18,23,48",13,,,45202554.0,0.0,0,1038190.0,20,85180.0,9600.0,640.0,320.0,40.0
2024054N,12/05/2024,"3,9,25,30,36,41",19,,,55554832.0,21736320.0,10,2502390.0,10,59310.0,9600.0,640.0,320.0,40.0
2024055N,14/05/2024,"14,37,38,41,45,49",5,,,35575441.0,0.0,0,1949710.0,10,118160.0,9600.0,640.0,320.0,40.0
2024056N,16/05/2024,"21,32,40,43,44,49",1,,,42727716.0,0.0,0,2227710.0,5,132010.0,9600.0,640.0,320.0,40.0
2024057N,18/05/2024,"8,17,19,27,33,45",37,,,47674681.0,0.0,0,2128080.0,5,64120.0,9600.0,640.0,320.0,40.0
2024058N,21/05/2024,"2,3,4,15,37,40",8,,,59063126.0,0.0,0,2216200.0,10,74330.0,9600.0,640.0,320.0,40.0
2024059N,23/05/2024,"5,9,18,21,36,40",13,,,64669091.0,36769230.0,10,2291780.0,10,47190.0,9600.0,640.0,320.0,40.0
2024060N,25/05/2024,"7,26,30,37,46,49",25,,,34063801.0,0.0,0,662240.0,20,85100.0,9600.0,640.0,320.0,40.0
2024061N,28/05/2024,"33,37,38,43,44,46",32,,,45141666.0,0.0,0,855840.0,20,76070.0,9600.0,640.0,320.0,40.0
2024062N,30/05/2024,"1,24,25,27,30,32",13,,,48119774.0,0.0,0,868220.0,20,59360.0,9600.0,640.0,320.0,40.0
2024063N,01/06/2024,"6,18,28,33,36,48",11,,,51010163.0,23177670.0,10,358020.0,45,30140.0,9600.0,640.0,320.0,40.0
2024064N,04/06/2024,"6,11,19,21,27,43",44,,,40112021.0,0.0,0,746840.0,20,55700.0,9600.0,640.0,320.0,40.0
2024065N,09/06/2024,"6,9,12,17,19,42",13,DBF,端午金多寶,141383379.0,0.0,0,464000.0,100,37950.0,9600.0,640.0,320.0,40.0
2024066N,13/06/2024,"1,5,15,19,25,39",46,,,142887860.0,67718480.0,10,752300.0,70,46420.0,9600.0,640.0,320.0,40.0
2024067N,16/06/2024,"3,7,13,17,21,49",4,,,38909305.0,8000000.0,5,0.0,0,23830.0,9600.0,640.0,320.0,40.0
2024068N,18/06/2024,"9,16,31,33,38,48",23,,,40640635.0,0.0,0,418240.0,35,66160.0,9600.0,640.0,320.0,40.0
2024069N,20/06/2024,"14,21,26,27,42,46",45,,,45385596.0,15063020.0,10,1818640.0,10,74040.0,9600.0,640.0,320.0,40.0
2024070N,22/06/2024,"18,25,28,34,42,49",14,,,34112843.0,0.0,0,0.0,0,97110.0,9600.0,640.0,320.0,40.0
2024071N,25/06/2024,"21,30,34,40,48,49",16,,,46101446.0,0.0,0,0.0,0,84290.0,9600.0,640.0,320.0,40.0
2024072N,27/06/2024,"2,17,24,30,32,40",16,,,51836036.0,22491580.0,5,1930740.0,10,69100.0,9600.0,640.0,320.0,40.0
2024073N,29/06/2024,"7,21,29,30,36,46",42,,,45213609.0,0.0,0,1686080.0,10,76850.0,9600.0,640.0,320.0,40.0
2024074N,02/07/2024,"5,8,15,21,27,37",2,,,53514413.0,0.0,0,603310.0,30,38450.0,9600.0,640.0,320.0,40.0
2024075N,07/07/2024,"1,2,17,27,34,41",22,,,74319661.0,0.0,0,2836370.0,10,78370.0,9600.0,640.0,320.0,40.0
2024076N,09/07/2024,"18,25,30,35,36,40",44,,,69082776.0,0.0,0,2599220.0,5,53310.0,9600.0,640.0,320.0,40.0
2024077N,11/07/2024,"8,20,29,33,34,44",12,,,83426066.0,48800550.0,5,2102270.0,15,68360.0,9600.0,640.0,320.0,40.0
2024078N,13/07/2024,"17,21,24,27,29,48",8,,,61218507.0,0.0,0,2184630.0,10,52720.0,9600.0,640.0,320.0,40.0
2024079N,16/07/2024,"11,13,17,34,40,47",21,,,74955723.0,0.0,0,568970.0,50,77010.0,9600.0,640.0,320.0,40.0
2024080N,18/07/2024,"11,12,18,28,29,30",39,,,79757243.0,23269430.0,20,247370.0,95,19200.0,9600.0,640.0,320.0,40.0
2024081N,20/07/2024,"17,18,31,33,39,41",14,,,35078312.0,8000000.0,10,0.0,0,53840.0,9600.0,640.0,320.0,40.0
2024082N,23/07/2024,"12,13,24,25,27,34",4,,,40483478.0,0.0,0,0.0,0,33760.0,9600.0,640.0,320.0,40.0
2024083N,25/07/2024,"3,16,18,26,43,45",9,,,45106130.0,0.0,0,1093580.0,15,53020.0,9600.0,640.0,320.0,40.0
2024084N,30/07/2024,"6,7,17,20,21,25",26,SMR,暑期金多寶,117186138.0,49808800.0,10,1312080.0,30,39830.0,9600.0,640.0,320.0,40.0
2024085N,01/08/2024,"2,9,16,39,43,46",20,,,34881626.0,8000000.0,10,398780.0,35,61010.0,9600.0,640.0,320.0,40.0
2024086N,03/08/2024,"5,6,8,22,26,44",40,,,34549382.0,8000000.0,10,329900.0,35,36430.0,9600.0,640.0,320.0,40.0
2024087N,06/08/2024,"3,4,7,13,27,41",38,,,38296228.0,8000000.0,5,1279530.0,5,23610.0,9600.0,640.0,320.0,40.0
2024088N,08/08/2024,"3,6,7,8,11,29",49,,,38841130.0,2000000.0,40,38400.0,55,19200.0,9600.0,640.0,320.0,40.0
2024089N,10/08/2024,"8,12,21,35,44,45",2,,,35562687.0,8000000.0,5,330510.0,40,83930.0,9600.0,640.0,320.0,40.0
2024090N,13/08/2024,"7,9,20,21,30,35",26,,,39918635.0,8071050.0,10,1357010.0,10,37490.0,9600.0,640.0,320.0,40.0
2024091N,15/08/2024,"3,16,33,35,39,44",8,,,35851187.0,0.0,0,458500.0,30,89460.0,9600.0,640.0,320.0,40.0
2024092N,17/08/2024,"6,13,19,21,26,28",9,,,40838742.0,11836290.0,10,426250.0,30,50510.0,9600.0,640.0,320.0,40.0
2024093N,20/08/2024,"1,4,16,26,39,49",7,,,37949905.0,4000000.0,20,1062790.0,10,68780.0,9600.0,640.0,320.0,40.0
2024094N,22/08/2024,"8,9,16,21,32,33",34,,,35742053.0,8000000.0,10,399020.0,30,29280.0,9600.0,640.0,320.0,40.0
2024095N,24/08/2024,"9,15,19,28,31,41",42,,,35064153.0,0.0,0,0.0,0,72800.0,9600.0,640.0,320.0,40.0
2024096N,27/08/2024,"2,15,23,33,34,39",19,,,44967321.0,0.0,0,1709810.0,5,79990.0,9600.0,640.0,320.0,40.0
2024097N,29/08/2024,"6,7,18,24,28,29",1,,,48296578.0,13080890.0,15,237320.0,60,23580.0,9600.0,640.0,320.0,40.0
2024098N,31/08/2024,"2,21,34,36,41,47",31,,,35077215.0,0.0,0,406740.0,35,122460.0,9600.0,640.0,320.0,40.0
2024099N,03/09/2024,"2,3,7,25,46,48",13,,,45749297.0,0.0,0,0.0,0,64480.0,9600.0,640.0,320.0,40.0
2024100N,07/09/2024,"5,24,26,32,35,40",16,,,62839177.0,0.0,0,1156440.0,20,85660.0,9600.0,640.0,320.0,40.0
2024101N,10/09/2024,"1,12,16,20,21,30",27,,,60931072.0,27998840.0,10,693380.0,30,38520.0,9600.0,640.0,320.0,40.0
2024102N,12/09/2024,"14,18,20,25,32,43",45,,,38457195.0,0.0,0,0.0,0,94890.0,9600.0,640.0,320.0,40.0
2024103N,17/09/2024,"5,18,21,24,27,44",10,MAF,中秋金多寶,184377147.0,50366360.0,15,1522180.0,45,72770.0,9600.0,640.0,320.0,40.0
2024104N,19/09/2024,"5,18,21,24,44,47",20,,,37112427.0,8000000.0,10,38400.0,15,19200.0,9600.0,640.0,320.0,40.0
2024105N,21/09/2024,"2,3,14,25,27,36",45,,,36519524.0,0.0,0,1386960.0,10,56460.0,9600.0,640.0,320.0,40.0
2024106N,24/09/2024,"9,17,28,31,40,49",25,,,45410832.0,0.0,0,1700440.0,10,80250.0,9600.0,640.0,320.0,40.0
2024107N,26/09/2024,"2,4,29,35,38,49",14,,,50072730.0,0.0,0,2023290.0,10,119890.0,9600.0,640.0,320.0,40.0
2024108N,02/10/2024,"8,15,21,32,43,47",41,OAN,國慶金多寶(第一輪),168741399.0,0.0,0,1889190.0,35,71530.0,9600.0,640.0,320.0,40.0
2024109N,08/10/2024,"10,16,24,32,37,40",19,ANN,國慶金多寶(第二輪),269825272.0,30972690.0,35,274430.0,345,42610.0,9600.0,640.0,320.0,40.0
2024110N,10/10/2024,"10,33,35,40,44,48",6,,,38678222.0,0.0,0,1545620.0,10,109910.0,9600.0,640.0,320.0,40.0
2024111N,12/10/2024,"4,8,9,19,20,48",21,,,42836150.0,0.0,0,183560.0,70,22170.0,9600.0,640.0,320.0,40.0
2024112N,15/10/2024,"19,36,37,43,44,49",8,,,56670107.0,0.0,0,1148970.0,20,86300.0,9600.0,640.0,320.0,40.0
2024113N,17/10/2024,"11,17,22,26,33,46",35,,,62186567.0,0.0,0,2197050.0,10,39990.0,9600.0,640.0,320.0,40.0
2024114N,22/10/2024,"13,21,28,30,41,49",3,TUS,第一輪140週年金多寶,140896033.0,0.0,0,1525990.0,35,72480.0,9600.0,640.0,320.0,40.0
2024115N,28/10/2024,"5,6,13,15,36,49",23,SMN,第二輪140週年金多寶,228601537.0,33625630.0,30,1078200.0,80,69910.0,9600.0,640.0,320.0,40.0
2024116N,31/10/2024,"7,13,16,22,23,31",6,,,43683034.0,8000000.0,5,596540.0,25,48200.0,9600.0,640.0,320.0,40.0
2024117N,02/11/2024,"14,16,25,40,41,45",27,,,39191998.0,0.0,0,1052680.0,15,83380.0,9600.0,640.0,320.0,40.0
2024118N,05/11/2024,"7,11,13,24,27,31",35,,,49859853.0,13569080.0,10,0.0,0,24440.0,9600.0,640.0,320.0,40.0
2024119N,07/11/2024,"11,17,33,36,40,44",2,,,39862458.0,0.0,0,501400.0,30,59860.0,9600.0,640.0,320.0,40.0
2024120N,10/11/2024,"3,20,24,27,30,42",17,,,45920598.0,13105110.0,10,1701700.0,10,74390.0,9600.0,640.0,320.0,40.0
2024121N,12/11/2024,"5,13,22,27,45,46",7,,,37322491.0,0.0,0,474950.0,30,60310.0,9600.0,640.0,320.0,40.0
2024122N,14/11/2024,"8,14,20,28,36,39",30,,,40506608.0,0.0,0,0.0,0,66890.0,9600.0,640.0,320.0,40.0
2024123N,16/11/2024,"1,3,7,19,31,38",23,,,47025558.0,0.0,0,763340.0,20,35860.0,9600.0,640.0,320.0,40.0
2024124N,19/11/2024,"19,32,36,38,39,47",29,,,57144818.0,0.0,0,550200.0,40,72450.0,9600.0,640.0,320.0,40.0
2024125N,21/11/2024,"1,3,6,14,32,34",12,,,58563862.0,0.0,0,730100.0,30,98660.0,9600.0,640.0,320.0,40.0
2024126N,23/11/2024,"1,2,7,14,15,25",35,,,68386950.0,0.0,0,387250.0,60,30490.0,9600.0,640.0,320.0,40.0
2024127N,26/11/2024,"8,11,12,28,29,44",34,,,84661798.0,31396100.0,15,699950.0,40,24200.0,9600.0,640.0,320.0,40.0
2024128N,28/11/2024,"9,15,26,32,33,44",1,,,36119100.0,0.0,0,1371390.0,10,92580.0,9600.0,640.0,320.0,40.0
2024129N,30/11/2024,"10,14,23,24,33,41",38,,,41439147.0,0.0,0,1566600.0,10,59680.0,9600.0,640.0,320.0,40.0
2024130N,03/12/2024,"2,13,15,17,22,28",23,,,52529161.0,0.0,0,1276740.0,15,63830.0,9600.0,640.0,320.0,40.0
2024131N,05/12/2024,"5,12,27,29,38,40",22,,,55745011.0,0.0,0,576250.0,35,54050.0,9600.0,640.0,320.0,40.0
2024132N,07/12/2024,"1,15,18,33,34,39",22,,,60265911.0,0.0,0,449320.0,50,90770.0,9600.0,640.0,320.0,40.0
2024133N,10/12/2024,"3,18,24,33,43,44",4,,,77591011.0,19566290.0,20,376040.0,70,33180.0,9600.0,640.0,320.0,40.0
2024134N,12/12/2024,"10,14,16,21,37,49",22,,,36924849.0,0.0,0,1391970.0,5,44450.0,9600.0,640.0,320.0,40.0
2024135N,14/12/2024,"1,16,18,36,37,46",38,,,41841314.0,0.0,0,0.0,0,80290.0,9600.0,640.0,320.0,40.0
2024136N,17/12/2024,"9,11,23,26,30,48",28,,,53670069.0,0.0,0,906560.0,20,38680.0,9600.0,640.0,320.0,40.0
2024137N,19/12/2024,"1,2,3,36,37,41",10,,,55481497.0,0.0,0,2111000.0,10,67010.0,9600.0,640.0,320.0,40.0
2024138N,21/12/2024,"14,20,21,22,23,30",18,,,65209192.0,0.0,0,2321600.0,10,52680.0,9600.0,640.0,320.0,40.0
2024139N,24/12/2024,"8,11,18,23,25,41",45,,,92452676.0,0.0,0,476080.0,70,49780.0,9600.0,640.0,320.0,40.0
2024140N,28/12/2024,"1,3,5,18,26,35",14,,,107128037.0,0.0,0,668690.0,55,47260.0,9600.0,640.0,320.0,40.0
20251N,02/01/2025,"9,23,42,44,45,46",22,SBD,新年金多寶,241793017.0,0.0,0,982330.0,95,80400.0,9600.0,640.0,320.0,40.0
20252N,07/01/2025,"8,13,18,23,31,47",16,,,328821743.0,69234020.0,20,844560.0,140,48390.0,9600.0,640.0,320.0,40.0
20253N,09/01/2025,"1,19,28,33,35,41",11,,,41152640.0,0.0,0,0.0,0,100250.0,9600.0,640.0,320.0,40.0
20254N,11/01/2025,"8,15,26,27,30,35",2,,,46488612.0,0.0,0,576460.0,30,76860.0,9600.0,640.0,320.0,40.0
20255N,14/01/2025,"3,5,11,12,18,48",6,,,60887170.0,0.0,0,359030.0,50,29110.0,9600.0,640.0,320.0,40.0
20256N,16/01/2025,"1,3,4,19,38,45",39,,,64108211.0,0.0,0,947930.0,25,83150.0,9600.0,640.0,320.0,40.0
20257N,18/01/2025,"3,4,6,12,18,32",28,,,70509097.0,33461440.0,5,346480.0,60,20680.0,9600.0,640.0,320.0,40.0
20258N,21/01/2025,"16,22,33,43,48,49",8,,,71603316.0,24588320.0,10,873060.0,30,59950.0,9600.0,640.0,320.0,40.0
20259N,23/01/2025,"3,6,24,25,34,37",45,,,43343702.0,0.0,0,1669940.0,5,88180.0,9600.0,640.0,320.0,40.0
202510N,25/01/2025,"7,14,19,31,36,45",24,,,51547722.0,7578090.0,20,1580300.0,10,84960.0,9600.0,640.0,320.0,40.0
202511N,02/02/2025,"14,18,30,36,40,42",1,CNY,新春金多寶,380697962.0,193762620.0,10,1215620.0,120,72500.0,9600.0,640.0,320.0,40.0
202512N,04/02/2025,"3,13,15,18,19,24",37,,,42353635.0,0.0,0,1443040.0,5,50630.0,9600.0,640.0,320.0,40.0
202513N,06/02/2025,"1,4,18,25,38,45",23,,,51724315.0,0.0,0,1783040.0,10,56600.0,9600.0,640.0,320.0,40.0
202514N,08/02/2025,"1,7,21,27,33,45",17,,,57728492.0,0.0,0,304930.0,60,28440.0,9600.0,640.0,320.0,40.0
202515N,11/02/2025,"5,15,20,26,30,40",39,,,70993987.0,27165300.0,10,724360.0,35,23350.0,9600.0,640.0,320.0,40.0
202516N,13/02/2025,"5,26,29,32,42,45",36,,,42283057.0,0.0,0,1735670.0,10,110200.0,9600.0,640.0,320.0,40.0
202517N,15/02/2025,"1,8,21,25,29,34",4,,,47753312.0,0.0,0,694770.0,25,63880.0,9600.0,640.0,320.0,40.0
202518N,18/02/2025,"3,7,13,35,37,39",23,,,59162960.0,0.0,0,512930.0,40,51130.0,9600.0,640.0,320.0,40.0
202519N,20/02/2025,"13,20,22,27,41,44",36,,,61052432.0,0.0,0,2425350.0,10,93050.0,9600.0,640.0,320.0,40.0
202520N,22/02/2025,"14,15,20,27,41,44",33,,,66984453.0,0.0,0,658210.0,40,87760.0,9600.0,640.0,320.0,40.0
202521N,25/02/2025,"1,2,6,11,40,47",32,,,85452267.0,43865730.0,10,888100.0,35,78940.0,9600.0,640.0,320.0,40.0
202522N,27/02/2025,"7,11,15,17,25,28",9,,,40697855.0,0.0,0,399970.0,30,26010.0,9600.0,640.0,320.0,40.0
202523N,01/03/2025,"4,15,22,25,29,42",1,,,47315035.0,0.0,0,0.0,0,75790.0,9600.0,640.0,320.0,40.0
202524N,04/03/2025,"1,9,14,38,42,43",23,,,58733392.0,0.0,0,1521650.0,15,80400.0,9600.0,640.0,320.0,40.0
202525N,06/03/2025,"4,11,19,20,30,39",45,,,59544177.0,0.0,0,627120.0,35,56820.0,9600.0,640.0,320.0,40.0
202526N,08/03/2025,"19,25,26,29,32,39",4,,,65624522.0,0.0,0,2477950.0,5,68120.0,9600.0,640.0,320.0,40.0
202527N,11/03/2025,"1,4,9,14,21,37",45,,,85580382.0,0.0,0,981570.0,30,36430.0,9600.0,640.0,320.0,40.0
202528N,13/03/2025,"4,16,19,21,26,29",13,,,95434162.0,0.0,0,416330.0,85,57360.0,9600.0,640.0,320.0,40.0
202529N,16/03/2025,"29,30,36,41,48,49",14,,,130729742.0,72097390.0,10,1715040.0,30,92080.0,9600.0,640.0,320.0,40.0
202530N,18/03/2025,"6,8,24,26,29,45",39,,,40359983.0,8000000.0,5,0.0,0,44600.0,9600.0,640.0,320.0,40.0
202531N,20/03/2025,"16,20,21,24,39,43",34,,,43808218.0,0.0,0,1768010.0,10,109640.0,9600.0,640.0,320.0,40.0
202532N,22/03/2025,"12,23,24,27,36,46",43,,,49630505.0,16462730.0,5,0.0,0,46730.0,9600.0,640.0,320.0,40.0
202533N,25/03/2025,"8,11,17,36,43,48",25,,,53861448.0,0.0,0,2054550.0,10,80570.0,9600.0,640.0,320.0,40.0
202534N,27/03/2025,"10,19,35,44,47,49",15,,,55787536.0,22766170.0,10,616980.0,35,72430.0,9600.0,640.0,320.0,40.0
202535N,29/03/2025,"3,5,12,13,45,47",46,,,36880173.0,0.0,0,1368740.0,10,62390.0,9600.0,640.0,320.0,40.0
202536N,01/04/2025,"6,14,17,30,35,42",49,,,48279928.0,0.0,0,1904120.0,5,79960.0,9600.0,640.0,320.0,40.0
202537N,03/04/2025,"2,4,7,29,32,40",44,,,51300798.0,0.0,0,0.0,0,52110.0,9600.0,640.0,320.0,40.0
202538N,05/04/2025,"7,11,22,26,39,44",8,,,53806580.0,27684470.0,10,617140.0,30,43110.0,9600.0,640.0,320.0,40.0
202539N,08/04/2025,"11,17,20,27,36,48",21,,,41516518.0,0.0,0,1010930.0,15,70940.0,9600.0,640.0,320.0,40.0
202540N,10/04/2025,"11,22,23,26,32,35",2,,,44872418.0,0.0,0,1095360.0,15,55110.0,9600.0,640.0,320.0,40.0
202541N,12/04/2025,"19,21,34,36,47,49",14,,,46569726.0,18481150.0,10,925330.0,20,78960.0,9600.0,640.0,320.0,40.0
202542N,15/04/2025,"10,20,21,22,23,42",49,,,40599438.0,8000000.0,5,1496100.0,5,35620.0,9600.0,640.0,320.0,40.0
202543N,19/04/2025,"1,11,24,37,45,49",22,EAS,復活節金多寶,124952608.0,34252320.0,15,891890.0,50,56760.0,9600.0,640.0,320.0,40.0
202544N,22/04/2025,"3,7,11,20,23,27",29,,,38477470.0,0.0,0,257460.0,30,19200.0,9600.0,640.0,320.0,40.0
202545N,24/04/2025,"12,16,21,35,44,48",32,,,44023948.0,0.0,0,580590.0,30,88470.0,9600.0,640.0,320.0,40.0
202546N,26/04/2025,"11,15,18,21,29,40",8,,,47765614.0,0.0,0,433860.0,40,56780.0,9600.0,640.0,320.0,40.0
202547N,29/04/2025,"20,21,24,30,32,38",47,,,57992137.0,0.0,0,0.0,0,70690.0,9600.0,640.0,320.0,40.0
202548N,01/05/2025,"4,7,21,32,41,47",28,,,65980478.0,34540820.0,10,1647530.0,15,66900.0,9600.0,640.0,320.0,40.0
202549N,03/05/2025,"18,20,30,35,47,49",44,,,35458033.0,0.0,0,0.0,0,86540.0,9600.0,640.0,320.0,40.0
202550N,06/05/2025,"12,15,25,26,29,41",42,,,47173705.0,14849970.0,5,0.0,0,41920.0,9600.0,640.0,320.0,40.0
202551N,08/05/2025,"6,11,17,22,27,43",24,,,45674138.0,13858970.0,10,1536800.0,5,28550.0,9600.0,640.0,320.0,40.0
202552N,11/05/2025,"19,26,28,29,46,49",32,,,41219606.0,0.0,0,785240.0,20,49560.0,9600.0,640.0,320.0,40.0
202553N,13/05/2025,"13,26,27,41,45,49",46,,,43101551.0,13225160.0,5,1741720.0,10,85220.0,9600.0,640.0,320.0,40.0
202554N,15/05/2025,"6,12,29,32,34,46",16,,,42944184.0,0.0,0,400110.0,40,79770.0,9600.0,640.0,320.0,40.0
202555N,17/05/2025,"12,22,27,29,32,34",9,,,44203057.0,0.0,0,424930.0,35,34480.0,9600.0,640.0,320.0,40.0
202556N,20/05/2025,"10,15,28,31,34,40",48,,,56058899.0,0.0,0,2213000.0,10,71960.0,9600.0,640.0,320.0,40.0
202557N,22/05/2025,"4,11,26,29,34,35",18,,,55888551.0,0.0,0,1343680.0,15,65540.0,9600.0,640.0,320.0,40.0
202558N,24/05/2025,"6,14,15,19,45,47",17,,,61862642.0,0.0,0,2453370.0,10,67440.0,9600.0,640.0,320.0,40.0
202559N,29/05/2025,"5,6,16,21,24,35",33,DBF,端午金多寶,159379031.0,55487500.0,10,555150.0,105,47100.0,9600.0,640.0,320.0,40.0
202560N,01/06/2025,"12,16,28,29,38,47",26,,,39463091.0,8000000.0,10,576920.0,25,74680.0,9600.0,640.0,320.0,40.0
202561N,03/06/2025,"1,2,13,15,41,46",27,,,38810229.0,8000000.0,10,0.0,0,109980.0,9600.0,640.0,320.0,40.0
202562N,05/06/2025,"18,22,24,33,39,44",3,,,40409117.0,0.0,0,469820.0,30,41760.0,9600.0,640.0,320.0,40.0
202563N,07/06/2025,"9,15,27,30,34,39",19,,,43565282.0,12932520.0,10,1096110.0,15,72470.0,9600.0,640.0,320.0,40.0
202564N,10/06/2025,"9,13,35,40,45,46",26,,,40913202.0,0.0,0,1589040.0,5,77750.0,9600.0,640.0,320.0,40.0
202565N,12/06/2025,"6,25,32,36,39,45",13,,,45513439.0,0.0,0,1738820.0,10,97610.0,9600.0,640.0,320.0,40.0
202566N,17/06/2025,"5,19,30,40,44,45",26,TUS,幸運二金多寶,129687177.0,52649310.0,10,1085130.0,45,63210.0,9600.0,640.0,320.0,40.0
202567N,19/06/2025,"7,12,13,18,34,35",6,,,36692712.0,8000000.0,10,293480.0,40,20390.0,9600.0,640.0,320.0,40.0
202568N,21/06/2025,"2,4,19,27,31,39",13,,,36523197.0,8000000.0,10,1415070.0,10,65620.0,9600.0,640.0,320.0,40.0
202569N,24/06/2025,"3,21,28,33,45,49",29,,,40045397.0,8000000.0,10,1502070.0,5,59780.0,9600.0,640.0,320.0,40.0
202570N,26/06/2025,"9,11,23,24,29,49",30,,,38154646.0,0.0,0,1235640.0,10,35620.0,9600.0,640.0,320.0,40.0
202571N,29/06/2025,"19,29,32,34,42,46",20,,,45448340.0,0.0,0,1737020.0,10,50340.0,9600.0,640.0,320.0,40.0
202572N,03/07/2025,"7,17,24,35,37,45",30,,,62274915.0,0.0,0,563040.0,40,54590.0,9600.0,640.0,320.0,40.0
202573N,06/07/2025,"5,9,22,33,46,47",36,,,61971325.0,0.0,0,932560.0,25,69460.0,9600.0,640.0,320.0,40.0
202574N,08/07/2025,"13,16,17,22,23,35",41,,,66420101.0,0.0,0,1719150.0,15,70160.0,9600.0,640.0,320.0,40.0
202575N,10/07/2025,"6,13,23,25,32,39",34,,,75434727.0,42939840.0,10,1098900.0,25,35910.0,9600.0,640.0,320.0,40.0
202576N,12/07/2025,"5,17,20,24,27,35",38,,,36008395.0,0.0,0,0.0,0,62570.0,9600.0,640.0,320.0,40.0
202577N,15/07/2025,"9,12,23,30,31,44",5,,,48954023.0,14512800.0,10,862530.0,20,58970.0,9600.0,640.0,320.0,40.0
202578N,17/07/2025,"12,19,31,37,42,45",15,,,37366707.0,0.0,0,1497890.0,5,73970.0,9600.0,640.0,320.0,40.0
202579N,19/07/2025,"6,25,29,40,48,49",42,,,40058182.0,13331910.0,5,763820.0,20,83990.0,9600.0,640.0,320.0,40.0
202580N,21/07/2025,"17,20,28,31,35,48",32,,,29119529.0,10205890.0,10,233860.0,70,116930.0,9600.0,640.0,320.0,40.0
202581N,26/07/2025,"19,22,25,32,33,45",36,SMR,暑期金多寶,135181179.0,53095300.0,10,718820.0,70,56260.0,9600.0,640.0,320.0,40.0
202582N,29/07/2025,"9,11,17,28,35,43",42,,,37572719.0,0.0,0,674140.0,20,53260.0,9600.0,640.0,320.0,40.0
202583N,31/07/2025,"10,21,23,27,35,47",39,,,42043947.0,12926330.0,10,1642110.0,10,76820.0,9600.0,640.0,320.0,40.0
202584N,02/08/2025,"10,14,18,21,34,44",24,,,35167166.0,0.0,0,486150.0,25,87590.0,9600.0,640.0,320.0,40.0
202585N,07/08/2025,"3,7,25,29,37,39",8,,,60924937.0,0.0,0,2126550.0,5,51310.0,9600.0,640.0,320.0,40.0
202586N,09/08/2025,"25,36,44,45,48,49",13,,,52715562.0,21443510.0,5,363670.0,55,49840.0,9600.0,640.0,320.0,40.0
202587N,12/08/2025,"8,16,18,28,29,32",20,,,50935937.0,7783550.0,20,358910.0,45,23990.0,9600.0,640.0,320.0,40.0
202588N,14/08/2025,"1,13,25,27,31,34",33,,,35353084.0,0.0,0,1300870.0,10,68690.0,9600.0,640.0,320.0,40.0
202589N,16/08/2025,"4,10,15,20,32,38",26,,,41731846.0,0.0,0,324660.0,45,48390.0,9600.0,640.0,320.0,40.0
202590N,19/08/2025,"28,32,34,37,45,49",7,,,50584316.0,18419800.0,10,2012270.0,5,104190.0,9600.0,640.0,320.0,40.0
202591N,21/08/2025,"6,8,10,23,32,45",3,,,37044040.0,8000000.0,10,265370.0,45,33340.0,9600.0,640.0,320.0,40.0
202592N,23/08/2025,"17,22,26,36,39,45",14,,,36416094.0,0.0,0,0.0,0,94840.0,9600.0,640.0,320.0,40.0
202593N,26/08/2025,"2,3,16,25,38,48",6,,,47651847.0,0.0,0,1761350.0,10,75150.0,9600.0,640.0,320.0,40.0
202594N,28/08/2025,"5,36,39,44,48,49",32,,,51295514.0,0.0,0,652820.0,30,76240.0,9600.0,640.0,320.0,40.0
202595N,30/08/2025,"6,18,31,33,44,49",2,,,57755971.0,0.0,0,1111470.0,20,75510.0,9600.0,640.0,320.0,40.0
202596N,02/09/2025,"5,18,23,24,29,49",11,,,76055719.0,0.0,0,415510.0,65,56260.0,9600.0,640.0,320.0,40.0
202597N,06/09/2025,"6,19,22,23,34,43",11,SAS,開鑼金多寶,165747171.0,78176980.0,5,605890.0,100,60970.0,9600.0,640.0,320.0,40.0
202598N,09/09/2025,"7,15,32,40,42,44",9,,,96617126.0,0.0,0,1062310.0,35,69090.0,9600.0,640.0,320.0,40.0
202599N,11/09/2025,"11,21,22,25,32,44",38,,,107755266.0,61448360.0,10,498020.0,75,38980.0,9600.0,640.0,320.0,40.0
2025100N,13/09/2025,"15,21,23,37,47,49",30,,,38153748.0,0.0,0,1551870.0,10,83600.0,9600.0,640.0,320.0,40.0
2025101N,16/09/2025,"14,21,22,28,32,33",25,,,50682812.0,13369530.0,10,0.0,0,43190.0,9600.0,640.0,320.0,40.0
2025102N,18/09/2025,"22,33,35,36,37,48",30,,,40624421.0,8000000.0,5,1593770.0,10,48570.0,9600.0,640.0,320.0,40.0
2025103N,20/09/2025,"8,13,17,24,36,43",41,,,38954741.0,0.0,0,0.0,0,54160.0,9600.0,640.0,320.0,40.0
2025104N,25/09/2025,"2,11,22,27,46,47",32,,,53543118.0,0.0,0,803200.0,25,68210.0,9600.0,640.0,320.0,40.0
2025105N,27/09/2025,"8,14,16,18,26,48",44,,,54672007.0,21987270.0,5,665670.0,30,67410.0,9600.0,640.0,320.0,40.0
2025106N,30/09/2025,"13,21,33,41,44,46",43,,,53972020.0,8625000.0,20,1390300.0,15,71750.0,9600.0,640.0,320.0,40.0
2025107N,06/10/2025,"15,17,19,23,24,34",33,MAF,中秋金多寶,207006912.0,54640510.0,15,770550.0,95,45880.0,9600.0,640.0,320.0,40.0
2025108N,09/10/2025,"1,3,24,31,39,45",7,,,42293980.0,0.0,0,1573960.0,10,63110.0,9600.0,640.0,320.0,40.0
2025109N,11/10/2025,"5,6,18,19,30,39",7,,,43347710.0,12187540.0,10,310180.0,45,37400.0,9600.0,640.0,320.0,40.0
2025110N,14/10/2025,"3,15,17,24,32,44",20,,,41135710.0,0.0,0,1571530.0,10,54070.0,9600.0,640.0,320.0,40.0
2025111N,16/10/2025,"2,11,32,40,43,48",12,,,44664515.0,0.0,0,1168990.0,15,101650.0,9600.0,640.0,320.0,40.0
2025112N,18/10/2025,"5,13,17,18,31,44",2,,,46775382.0,0.0,0,0.0,0,52970.0,9600.0,640.0,320.0,40.0
2025113N,21/10/2025,"1,8,9,11,18,32",13,,,60435713.0,0.0,0,623440.0,25,19200.0,9600.0,640.0,320.0,40.0
2025114N,23/10/2025,"4,19,24,25,26,46",39,,,64829335.0,0.0,0,587510.0,40,53330.0,9600.0,640.0,320.0,40.0
2025115N,25/10/2025,"6,7,27,36,39,43",1,,,75643571.0,0.0,0,1424430.0,20,64930.0,9600.0,640.0,320.0,40.0
2025116N,28/10/2025,"4,7,15,21,45,46",24,,,96795900.0,51565110.0,10,1477120.0,25,60780.0,9600.0,640.0,320.0,40.0
2025117N,04/11/2025,"19,20,26,28,39,44",4,THS,幸運二金多寶,159489015.0,34096060.0,20,4042690.0,15,66820.0,9600.0,640.0,320.0,40.0
2025118N,06/11/2025,"10,17,22,33,40,41",31,,,37899615.0,0.0,0,944920.0,15,77130.0,9600.0,640.0,320.0,40.0
2025119N,08/11/2025,"7,9,16,17,33,46",49,,,42651870.0,0.0,0,342410.0,45,63210.0,9600.0,640.0,320.0,40.0
2025120N,11/11/2025,"18,20,28,37,38,40",41,,,55697060.0,0.0,0,830450.0,25,54060.0,9600.0,640.0,320.0,40.0
2025121N,13/11/2025,"10,11,28,30,37,39",15,,,58624243.0,0.0,0,2203460.0,5,60260.0,9600.0,640.0,320.0,40.0
2025122N,16/11/2025,"2,11,13,28,38,47",7,,,73621562.0,0.0,0,1749260.0,15,50700.0,9600.0,640.0,320.0,40.0
2025123N,18/11/2025,"2,4,10,26,28,36",23,,,79703117.0,0.0,0,722740.0,40,33340.0,9600.0,640.0,320.0,40.0
2025124N,20/11/2025,"19,26,33,35,36,39",5,,,91244931.0,0.0,0,752740.0,45,71690.0,9600.0,640.0,320.0,40.0
2025125N,25/11/2025,"1,2,17,35,37,48",8,STU,幸運二金多寶,156858434.0,0.0,0,1730720.0,35,78980.0,9600.0,640.0,320.0,40.0
2025126N,02/12/2025,"6,18,29,34,37,38",39,,,194767307.0,0.0,0,625440.0,115,58310.0,9600.0,640.0,320.0,40.0
2025127N,06/12/2025,"4,6,26,28,34,40",25,,,262971650.0,122430150.0,5,1782400.0,55,63990.0,9600.0,640.0,320.0,40.0
2025128N,11/12/2025,"1,5,6,25,30,42",43,,,185287642.0,82123790.0,10,929270.0,75,51840.0,9600.0,640.0,320.0,40.0
2025129N,13/12/2025,"10,17,19,28,45,49",1,,,41753807.0,8000000.0,5,1525580.0,10,91420.0,9600.0,640.0,320.0,40.0
2025130N,16/12/2025,"3,12,23,28,35,38",24,,,46882264.0,8831150.0,10,1610380.0,10,57640.0,9600.0,640.0,320.0,40.0
2025131N,18/12/2025,"6,23,28,31,33,34",11,,,42180262.0,0.0,0,751730.0,20,54540.0,9600.0,640.0,320.0,40.0
2025132N,21/12/2025,"9,17,27,34,39,47",46,,,55452647.0,0.0,0,1375470.0,15,55290.0,9600.0,640.0,320.0,40.0
2025133N,25/12/2025,"1,2,4,30,41,43",13,,,74326662.0,0.0,0,2864750.0,5,59910.0,9600.0,640.0,320.0,40.0
2025134N,28/12/2025,"7,10,11,19,25,30",45,,,70940715.0,20594740.0,15,342350.0,65,19200.0,9600.0,640.0,320.0,40.0
20261N,03/01/2026,"2,10,13,16,20,21",14,SBD,新年金多寶,248509427.0,68074450.0,15,645510.0,140,51600.0,9600.0,640.0,320.0,40.0
20262N,06/01/2026,"2,8,12,19,28,36",1,,,43413858.0,0.0,0,121900.0,105,20430.0,9600.0,640.0,320.0,40.0
20263N,08/01/2026,"15,21,24,40,45,46",13,,,47327267.0,13667750.0,10,1259500.0,15,62970.0,9600.0,640.0,320.0,40.0
20264N,10/01/2026,"3,16,20,22,24,37",42,,,38972058.0,0.0,0,0.0,0,91200.0,9600.0,640.0,320.0,40.0
20265N,13/01/2026,"14,24,34,38,48,49",27,,,53797300.0,0.0,0,1367560.0,15,47980.0,9600.0,640.0,320.0,40.0
20266N,15/01/2026,"3,6,37,38,39,44",48,,,57457548.0,0.0,0,0.0,0,47730.0,9600.0,640.0,320.0,40.0
20267N,17/01/2026,"5,12,15,23,27,42",46,,,67569840.0,0.0,0,1268070.0,20,56120.0,9600.0,640.0,320.0,40.0
20268N,20/01/2026,"1,4,6,9,44,46",27,,,84630978.0,7948200.0,50,465810.0,55,19200.0,9600.0,640.0,320.0,40.0
20269N,22/01/2026,"4,9,15,24,27,31",45,,,39744053.0,0.0,0,1480910.0,10,52300.0,9600.0,640.0,320.0,40.0
202610N,24/01/2026,"6,16,17,22,28,48",45,,,46240143.0,0.0,0,1676760.0,10,43830.0,9600.0,640.0,320.0,40.0
202611N,27/01/2026,"7,12,14,25,38,47",15,,,57499361.0,0.0,0,2140440.0,10,78720.0,9600.0,640.0,320.0,40.0
202612N,29/01/2026,"6,9,12,14,35,44",11,,,62445438.0,0.0,0,0.0,0,70180.0,9600.0,640.0,320.0,40.0
202613N,31/01/2026,"25,30,32,35,36,47",46,,,70104398.0,0.0,0,556140.0,50,90420.0,9600.0,640.0,320.0,40.0
202614N,03/02/2026,"12,23,27,37,39,42",5,,,91368676.0,23276930.0,20,594660.0,55,60350.0,9600.0,640.0,320.0,40.0
202615N,05/02/2026,"1,9,17,24,35,36",42,,,41559103.0,0.0,0,373340.0,40,45510.0,9600.0,640.0,320.0,40.0
202616N,07/02/2026,"12,22,28,32,37,44",20,,,49215360.0,0.0,0,717810.0,25,45790.0,9600.0,640.0,320.0,40.0
202617N,10/02/2026,"3,4,14,18,26,39",40,,,61090133.0,20125190.0,10,1123590.0,20,74440.0,9600.0,640.0,320.0,40.0
202618N,12/02/2026,"2,3,14,25,37,46",10,,,42288156.0,0.0,0,1651090.0,10,82290.0,9600.0,640.0,320.0,40.0
202619N,15/02/2026,"8,28,33,36,37,46",4,,,62409046.0,0.0,0,0.0,0,75670.0,9600.0,640.0,320.0,40.0
202620N,21/02/2026,"2,18,34,35,37,49",33,CNY,馬年新春金多寶,402289808.0,42187500.0,50,1134250.0,135,63650.0,9600.0,640.0,320.0,40.0
202621N,24/02/2026,"2,3,4,10,13,23",12,,,45827149.0,8000000.0,10,79160.0,135,19200.0,9600.0,640.0,320.0,40.0
202622N,26/02/2026,"6,13,15,19,38,42",34,,,43978743.0,0.0,0,851550.0,20,78980.0,9600.0,640.0,320.0,40.0
202623N,28/02/2026,"5,15,37,39,46,47",29,,,47716905.0,0.0,0,547560.0,35,89660.0,9600.0,640.0,320.0,40.0
202624N,03/03/2026,"6,13,20,31,32,44",45,,,61238800.0,0.0,0,671150.0,35,89480.0,9600.0,640.0,320.0,40.0
202625N,05/03/2026,"4,18,24,31,42,46",11,,,62495570.0,0.0,0,1195910.0,20,98120.0,9600.0,640.0,320.0,40.0
202626N,07/03/2026,"12,15,18,22,28,37",31,,,70825278.0,23626540.0,15,711210.0,35,34210.0,9600.0,640.0,320.0,40.0
202627N,10/03/2026,"2,16,25,34,35,37",49,,,45944653.0,0.0,0,1103470.0,15,67900.0,9600.0,640.0,320.0,40.0
202628N,12/03/2026,"7,13,14,16,26,30",34,,,49884433.0,6780850.0,20,926950.0,20,62180.0,9600.0,640.0,320.0,40.0
202629N,17/03/2026,"16,18,22,28,45,49",13,TUS,幸運二金多寶,165712913.0,78190540.0,10,505290.0,120,57030.0,9600.0,640.0,320.0,40.0
202630N,19/03/2026,"2,6,8,33,41,45",48,,,40936853.0,0.0,0,1042770.0,15,73820.0,9600.0,640.0,320.0,40.0
202631N,21/03/2026,"5,9,11,18,23,47",24,,,46616785.0,6196440.0,20,266230.0,55,31110.0,9600.0,640.0,320.0,40.0
202632N,24/03/2026,"6,9,22,26,44,49",7,,,43509737.0,8000000.0,5,479450.0,30,42140.0,9600.0,640.0,320.0,40.0
202633N,26/03/2026,"12,17,23,27,28,37",3,,,41869053.0,8019780.0,10,1339920.0,5,39480.0,9600.0,640.0,320.0,40.0
202634N,28/03/2026,"11,21,26,27,42,45",19,,,38919498.0,0.0,0,0.0,0,96100.0,9600.0,640.0,320.0,40.0
202635N,31/03/2026,"9,18,19,20,28,32",44,,,51751288.0,0.0,0,715220.0,25,44980.0,9600.0,640.0,320.0,40.0
202636N,04/04/2026,"20,28,32,35,40,45",43,EAS,復活節金多寶,154451878.0,81142980.0,10,1511910.0,40,71510.0,9600.0,640.0,320.0,40.0
202637N,07/04/2026,"8,23,25,29,33,34",49,,,39292383.0,0.0,0,1466820.0,5,62080.0,9600.0,640.0,320.0,40.0
202638N,09/04/2026,"13,16,24,43,44,45",40,,,47039623.0,0.0,0,0.0,0,82080.0,9600.0,640.0,320.0,40.0
202639N,11/04/2026,"11,14,17,28,40,42",2,,,56075392.0,22494510.0,5,2145030.0,5,113260.0,9600.0,640.0,320.0,40.0
202640N,14/04/2026,"8,19,22,33,44,46",18,,,55707939.0,0.0,0,467310.0,40,47470.0,9600.0,640.0,320.0,40.0
202641N,16/04/2026,"6,12,14,28,44,46",15,,,58343313.0,24382760.0,10,614780.0,35,42190.0,9600.0,640.0,320.0,40.0
202642N,18/04/2026,"17,20,27,32,39,46",34,,,37941796.0,0.0,0,1498050.0,10,89770.0,9600.0,640.0,320.0,40.0
202643N,21/04/2026,"2,4,10,11,26,44",40,,,50521290.0,0.0,0,1736720.0,5,36610.0,9600.0,640.0,320.0,40.0
202644N,23/04/2026,"12,23,37,38,45,48",8,,,55873008.0,0.0,0,688550.0,30,79830.0,9600.0,640.0,320.0,40.0
202645N,25/04/2026,"4,16,21,36,42,46",9,,,63117312.0,0.0,0,1196430.0,20,80260.0,9600.0,640.0,320.0,40.0
202646N,02/05/2026,"2,3,8,28,30,48",9,ANN,六合彩50週年金多寶,414488083.0,55752200.0,40,347110.0,365,29280.0,9600.0,640.0,320.0,40.0
202647N,05/05/2026,"2,7,8,10,18,47",4,,,44153349.0,0.0,0,325450.0,40,25810.0,9600.0,640.0,320.0,40.0
202648N,07/05/2026,"6,14,20,23,28,34",49,,,48966568.0,0.0,0,0.0,0,45050.0,9600.0,640.0,320.0,40.0
202649N,10/05/2026,"9,17,26,41,42,47",8,,,65706423.0,0.0,0,850680.0,30,79130.0,9600.0,640.0,320.0,40.0
202650N,12/05/2026,"4,16,19,22,25,47",40,,,65569303.0,30646080.0,5,1720990.0,15,80510.0,9600.0,640.0,320.0,40.0
202651N,14/05/2026,"23,27,30,34,45,47",28,,,55581889.0,0.0,0,0.0,0,87690.0,9600.0,640.0,320.0,40.0
202652N,16/05/2026,"11,25,28,36,41,43",22,,,64355498.0,0.0,0,995680.0,25,83490.0,9600.0,640.0,320.0,40.0
202653N,19/05/2026,"1,2,4,20,21,27",19,,,77829918.0,39170280.0,10,466530.0,55,36980.0,9600.0,640.0,320.0,40.0
202654N,21/05/2026,"5,7,13,15,27,31",16,,,40239709.0,0.0,0,1298270.0,10,28260.0,9600.0,640.0,320.0,40.0
202655N,23/05/2026,"2,7,20,42,47,49",8,,,46249900.0,0.0,0,1711250.0,10,73010.0,9600.0,640.0,320.0,40.0
202656N,26/05/2026,"10,11,18,32,34,47",33,,,54260066.0,0.0,0,1008380.0,20,82100.0,9600.0,640.0,320.0,40.0
202657N,28/05/2026,"7,13,25,35,40,43",47,,,58148162.0,25987220.0,10,566930.0,40,56250.0,9600.0,640.0,320.0,40.0
202658N,30/05/2026,"1,12,21,39,40,41",42,,,39140852.0,0.0,0,1529810.0,10,69140.0,9600.0,640.0,320.0,40.0
202659N,02/06/2026,"9,14,16,35,37,45",20,,,49956597.0,13945690.0,5,660630.0,30,79470.0,9600.0,640.0,320.0,40.0
202660N,04/06/2026,"4,7,15,37,43,47",44,,,45673157.0,12067220.0,10,1132080.0,15,59580.0,9600.0,640.0,320.0,40.0
202661N,06/06/2026,"5,12,19,20,34,36",46,,,38676883.0,0.0,0,1435740.0,10,55080.0,9600.0,640.0,320.0,40.0
202662N,09/06/2026,"8,11,14,26,33,40",30,,,48605382.0,13244910.0,10,1748300.0,10,45700.0,9600.0,640.0,320.0,40.0
202663N,11/06/2026,"3,6,9,10,28,29",27,,,39309476.0,1333330.0,60,38400.0,195,19200.0,9600.0,640.0,320.0,40.0
202664N,14/06/2026,"10,12,17,29,32,35",1,,,41506827.0,8000000.0,5,1045710.0,15,56900.0,9600.0,640.0,320.0,40.0
202665N,18/06/2026,"6,20,26,31,34,47",24,DBF,端午金多寶,147419944.0,76315690.0,10,1359640.0,40,51980.0,9600.0,640.0,320.0,40.0
202666N,20/06/2026,"5,7,10,15,16,41",46,,,36216096.0,0.0,0,0.0,0,61800.0,9600.0,640.0,320.0,40.0
202667N,23/06/2026,"2,15,25,34,39,41",10,,,49927739.0,0.0,0,0.0,0,78820.0,9600.0,640.0,320.0,40.0
202668N,25/06/2026,"12,16,19,20,28,30",29,,,56125004.0,0.0,0,761290.0,25,41260.0,9600.0,640.0,320.0,40.0
202669N,28/06/2026,"5,7,26,32,37,40",35,,,68429565.0,0.0,0,860210.0,30,69860.0,9600.0,640.0,320.0,40.0
202670N,30/06/2026,"12,14,17,18,22,40",13,,,72532134.0,38908850.0,10,769930.0,35,67470.0,9600.0,640.0,320.0,40.0
202671N,02/07/2026,"5,17,26,31,34,46",43,,,37807429.0,0.0,0,748360.0,20,68220.0,9600.0,640.0,320.0,40.0
202672N,05/07/2026,"3,14,19,20,31,38",44,,,48125682.0,13692500.0,10,0.0,0,92500.0,9600.0,640.0,320.0,40.0
202673N,07/07/2026,"5,34,37,43,48,49",27,,,39025043.0,8000000.0,5,626190.0,25,99390.0,9600.0,640.0,320.0,40.0
202674N,09/07/2026,"1,7,18,21,33,38",28,,,40131487.0,8000000.0,10,473290.0,25,36900.0,9600.0,640.0,320.0,40.0
202675N,11/07/2026,"2,5,7,11,41,46",43,,,36820025.0,8000000.0,10,434880.0,30,53520.0,9600.0,640.0,320.0,40.0
202676N,14/07/2026,"10,16,19,27,31,44",17,,,40839244.0,4000000.0,20,1239630.0,5,67180.0,9600.0,640.0,320.0,40.0
202677N,16/07/2026,"18,21,26,30,32,44",27,,,38183508.0,8000000.0,10,740570.0,20,78990.0,9600.0,640.0,320.0,40.0
202678N,21/07/2026,"1,6,37,41,45,47",8,SMR,暑期金多寶,240444149.0,51493590.0,20,811220.0,115,85190.0,9600.0,640.0,320.0,40.0
202679N,23/07/2026,"4,7,15,29,32,46",23,,,36350979.0,0.0,0,1335610.0,10,62480.0,9600.0,640.0,320.0,40.0
202680N,25/07/2026,"5,7,12,26,31,42",11,,,39862249.0,0.0,0,1175290.0,10,22380.0,9600.0,640.0,320.0,40.0
202681N,28/07/2026,"4,7,14,20,21,30",34,,,50015769.0,0.0,0,0.0,0,31690.0,9600.0,640.0,320.0,40.0
202682N,30/07/2026,"1,2,14,17,23,35",48,,,55033841.0,24672170.0,10,0.0,0,75010.0,9600.0,640.0,320.0,40.0
202683N,01/08/2026,"1,7,16,22,32,37",23,,,37366534.0,0.0,0,1313580.0,10,66090.0,9600.0,640.0,320.0,40.0
202684N,04/08/2026,"4,11,13,16,31,33",38,,,48044264.0,0.0,0,577380.0,30,39990.0,9600.0,640.0,320.0,40.0
202685N,06/08/2026,"13,24,29,30,42,48",3,,,50380797.0,19116180.0,10,1973250.0,5,62270.0,9600.0,640.0,320.0,40.0
202686N,08/08/2026,"1,3,7,31,32,49",47,,,37885574.0,8000000.0,5,302180.0,40,27900.0,9600.0,640.0,320.0,40.0
202687N,11/08/2026,"11,19,28,36,43,48",13,,,41398499.0,8759880.0,5,1586620.0,5,60870.0,9600.0,640.0,320.0,40.0
202688N,13/08/2026,"21,27,35,40,47,48",23,,,39151932.0,0.0,0,0.0,0,120840.0,9600.0,640.0,320.0,40.0
202689N,15/08/2026,"4,16,25,27,28,33",14,,,47157892.0,0.0,0,864680.0,20,65880.0,9600.0,640.0,320.0,40.0
202690N,18/08/2026,"7,8,9,14,39,41",49,,,58248337.0,22689140.0,10,0.0,0,44760.0,9600.0,640.0,320.0,40.0
202691N,20/08/2026,"7,9,10,15,24,46",34,,,37706061.0,0.0,0,1327450.0,10,44520.0,9600.0,640.0,320.0,40.0
202692N,22/08/2026,"7,9,12,25,34,40",29,,,42788664.0,0.0,0,1510840.0,10,51320.0,9600.0,640.0,320.0,40.0
202693N,25/08/2026,"1,18,19,25,34,38",7,,,53523816.0,0.0,0,1881940.0,10,67360.0,9600.0,640.0,320.0,40.0
202694N,27/08/2026,"12,17,25,31,44,45",35,,,57211742.0,0.0,0,1108880.0,20,104670.0,9600.0,640.0,320.0,40.0
202695N,29/08/2026,"4,7,8,11,26,30",42,,,68293616.0,4149710.0,70,301160.0,30,19200.0,9600.0,640.0,320.0,40.0
202696N,05/09/2026,"9,18,26,30,33,45",28,ANN,六合彩50週年金多寶（第二期）,365384656.0,63376610.0,35,613630.0,200,37400.0,9600.0,640.0,320.0,40.0
202697N,08/09/2026,"9,23,28,29,35,41",38,,,41596716.0,8000000.0,10,787850.0,20,72440.0,9600.0,640.0,320.0,40.0
202698N,10/09/2026,"22,23,31,32,35,45",34,,,40144663.0,8000000.0,10,0.0,0,56810.0,9600.0,640.0,320.0,40.0
202699N,12/09/2026,"9,18,24,33,40,47",11,,,42599303.0,0.0,0,752820.0,20,43400.0,9600.0,640.0,320.0,40.0
2026100N,15/09/2026,"2,5,6,9,29,30",19,,,53144434.0,11730550.0,10,108130.0,115,19200.0,9600.0,640.0,320.0,40.0
2026101N,17/09/2026,"4,17,31,41,47,48",8,,,41936678.0,0.0,0,1636900.0,10,72750.0,9600.0,640.0,320.0,40.0
2026102N,19/09/2026,"5,8,11,14,19,31",21,,,47772644.0,12493490.0,5,374450.0,40,24650.0,9600.0,640.0,320.0,40.0
